datetime,water level
2017-01-01 00:00:00,5033.371
2017-01-01 12:00:00,32.986
2017-01-02 00:00:00,27.309
2017-01-02 12:00:00,32.709
2017-01-03 00:00:00,46.54
2017-01-03 12:00:00,47.146
2017-01-04 00:00:00,52.577
2017-01-04 12:00:00,36.176
2017-01-05 00:00:00,40.845
2017-01-05 12:00:00,44.399
2017-01-06 00:00:00,31.115
2017-01-06 12:00:00,29.714
2017-01-07 00:00:00,31.613
2017-01-07 12:00:00,31.985
2017-01-08 00:00:00,36.812
2017-01-08 12:00:00,39.008
2017-01-09 00:00:00,41.431
2017-01-09 12:00:00,42.999
2017-01-10 00:00:00,46.769
2017-01-10 12:00:00,55.179
2017-01-11 00:00:00,67.351
2017-01-11 12:00:00,72.552
2017-01-12 00:00:00,59.243
2017-01-12 12:00:00,27.648
2017-01-13 00:00:00,34.235
2017-01-13 12:00:00,42.476
2017-01-14 00:00:00,55.113
2017-01-14 12:00:00,49.345
2017-01-15 00:00:00,53.759
2017-01-15 12:00:00,60.937
2017-01-16 00:00:00,47.34
2017-01-16 12:00:00,43.048
2017-01-17 00:00:00,48.833
2017-01-17 12:00:00,27.1
2017-01-18 00:00:00,32.49
2017-01-18 12:00:00,39.705
2017-01-19 00:00:00,28.384
2017-01-19 12:00:00,25.811
2017-01-20 00:00:00,20.864
2017-01-20 12:00:00,17.056
2017-01-21 00:00:00,18.145
2017-01-21 12:00:00,27.919
2017-01-22 00:00:00,47.289
2017-01-22 12:00:00,32.599
2017-01-23 00:00:00,14.852
2017-01-23 12:00:00,18.067
2017-01-24 00:00:00,19.352
2017-01-24 12:00:00,18.13
2017-01-25 00:00:00,16.734
2017-01-25 12:00:00,37.851
2017-01-26 00:00:00,50.753
2017-01-26 12:00:00,60.055
2017-01-27 00:00:00,66.953
2017-01-27 12:00:00,59.679
2017-01-28 00:00:00,27.694
2017-01-28 12:00:00,31.158
2017-01-29 00:00:00,16.867
2017-01-29 12:00:00,17.206
2017-01-30 00:00:00,17.681
2017-01-30 12:00:00,20.362
2017-01-31 00:00:00,20.841
2017-01-31 12:00:00,22.234
2017-02-01 00:00:00,20.819
2017-02-01 12:00:00,24.617
2017-02-02 00:00:00,38.458
2017-02-02 12:00:00,51.928
2017-02-03 00:00:00,51.172
2017-02-03 12:00:00,61.08
2017-02-04 00:00:00,70.973
2017-02-04 12:00:00,70.301
2017-02-05 00:00:00,65023.908
2017-02-05 12:00:00,99999.0
2017-02-06 00:00:00,99999.0
2017-02-06 12:00:00,99999.0
2017-02-07 00:00:00,99999.0
2017-02-07 12:00:00,99999.0
2017-02-08 00:00:00,99999.0
2017-02-08 12:00:00,99999.0
2017-02-09 00:00:00,99999.0
2017-02-09 12:00:00,99999.0
2017-02-10 00:00:00,99999.0
2017-02-10 12:00:00,99999.0
2017-02-11 00:00:00,75016.898
2017-02-11 12:00:00,29.506
2017-02-12 00:00:00,11.723
2017-02-12 12:00:00,23.416
2017-02-13 00:00:00,20054.752
2017-02-13 12:00:00,90005.905
2017-02-14 00:00:00,99999.0
2017-02-14 12:00:00,99999.0
2017-02-15 00:00:00,95002.401
2017-02-15 12:00:00,70004.817
2017-02-16 00:00:00,17.967
2017-02-16 12:00:00,18.293
2017-02-17 00:00:00,18.844
2017-02-17 12:00:00,27.559
2017-02-18 00:00:00,17.794
2017-02-18 12:00:00,33.47
2017-02-19 00:00:00,37.3
2017-02-19 12:00:00,39.879
2017-02-20 00:00:00,50.519
2017-02-20 12:00:00,65.436
2017-02-21 00:00:00,58.747
2017-02-21 12:00:00,45.794
2017-02-22 00:00:00,38.894
2017-02-22 12:00:00,35.201
2017-02-23 00:00:00,34.854
2017-02-23 12:00:00,33.076
2017-02-24 00:00:00,36.266
2017-02-24 12:00:00,39.682
2017-02-25 00:00:00,40.917
2017-02-25 12:00:00,45.443
2017-02-26 00:00:00,43.648
2017-02-26 12:00:00,40.067
2017-02-27 00:00:00,41.594
2017-02-27 12:00:00,42.851
2017-02-28 00:00:00,43.215
2017-02-28 12:00:00,42.258
2017-03-01 00:00:00,43.052
2017-03-01 12:00:00,43.072
2017-03-02 00:00:00,42.87
2017-03-02 12:00:00,41.133
2017-03-03 00:00:00,40.409
2017-03-03 12:00:00,41.148
2017-03-04 00:00:00,41.545
2017-03-04 12:00:00,40.663
2017-03-05 00:00:00,40.1
2017-03-05 12:00:00,41.329
2017-03-06 00:00:00,41.899
2017-03-06 12:00:00,41.54
2017-03-07 00:00:00,40.483
2017-03-07 12:00:00,39.107
2017-03-08 00:00:00,37.771
2017-03-08 12:00:00,39.71
2017-03-09 00:00:00,40.18
2017-03-09 12:00:00,40.775
2017-03-10 00:00:00,41.321
2017-03-10 12:00:00,40.361
2017-03-11 00:00:00,34.52
2017-03-11 12:00:00,34.181
2017-03-12 00:00:00,30.683
2017-03-12 12:00:00,30.911
2017-03-13 00:00:00,32.304
2017-03-13 12:00:00,33.661
2017-03-14 00:00:00,32.291
2017-03-14 12:00:00,29.432
2017-03-15 00:00:00,30.331
2017-03-15 12:00:00,32.568
2017-03-16 00:00:00,33.724
2017-03-16 12:00:00,31.935
2017-03-17 00:00:00,32.864
2017-03-17 12:00:00,31.373
2017-03-18 00:00:00,30.893
2017-03-18 12:00:00,28.543
2017-03-19 00:00:00,26.668
2017-03-19 12:00:00,25.089
2017-03-20 00:00:00,27.127
2017-03-20 12:00:00,27.048
2017-03-21 00:00:00,28.796
2017-03-21 12:00:00,31.973
2017-03-22 00:00:00,31.381
2017-03-22 12:00:00,30.383
2017-03-23 00:00:00,30.992
2017-03-23 12:00:00,32.325
2017-03-24 00:00:00,32.262
2017-03-24 12:00:00,28.174
2017-03-25 00:00:00,21.633
2017-03-25 12:00:00,22.868
2017-03-26 00:00:00,26.736
2017-03-26 12:00:00,26.66
2017-03-27 00:00:00,23.235
2017-03-27 12:00:00,24.983
2017-03-28 00:00:00,27.396
2017-03-28 12:00:00,30.245
2017-03-29 00:00:00,31.459
2017-03-29 12:00:00,32.023
2017-03-30 00:00:00,34.848
2017-03-30 12:00:00,35.532
2017-03-31 00:00:00,37.787
2017-03-31 12:00:00,38.907
2017-04-01 00:00:00,38.998
2017-04-01 12:00:00,37.622
2017-04-02 00:00:00,37.836
2017-04-02 12:00:00,36.901
2017-04-03 00:00:00,37.612
2017-04-03 12:00:00,37.812
2017-04-04 00:00:00,33.178
2017-04-04 12:00:00,34.716
2017-04-05 00:00:00,35.832
2017-04-05 12:00:00,36.105
2017-04-06 00:00:00,36.774
2017-04-06 12:00:00,36.835
2017-04-07 00:00:00,37.221
2017-04-07 12:00:00,37.516
2017-04-08 00:00:00,38.72
2017-04-08 12:00:00,37.956
2017-04-09 00:00:00,37.044
2017-04-09 12:00:00,26.983
2017-04-10 00:00:00,30.295
2017-04-10 12:00:00,31.879
2017-04-11 00:00:00,32.009
2017-04-11 12:00:00,30.236
2017-04-12 00:00:00,28.372
2017-04-12 12:00:00,28.303
2017-04-13 00:00:00,33.582
2017-04-13 12:00:00,36.553
2017-04-14 00:00:00,37.718
2017-04-14 12:00:00,37.273
2017-04-15 00:00:00,37.917
2017-04-15 12:00:00,38.03
2017-04-16 00:00:00,44.229
2017-04-16 12:00:00,60.649
2017-04-17 00:00:00,62.212
2017-04-17 12:00:00,64.337
2017-04-18 00:00:00,65.664
2017-04-18 12:00:00,66.514
2017-04-19 00:00:00,67.961
2017-04-19 12:00:00,60.514
2017-04-20 00:00:00,33.467
2017-04-20 12:00:00,47.948
2017-04-21 00:00:00,57.25
2017-04-21 12:00:00,52.139
2017-04-22 00:00:00,64.226
2017-04-22 12:00:00,61.903
2017-04-23 00:00:00,43.03
2017-04-23 12:00:00,34.97
2017-04-24 00:00:00,38.842
2017-04-24 12:00:00,41.811
2017-04-25 00:00:00,40.928
2017-04-25 12:00:00,42.966
2017-04-26 00:00:00,45.217
2017-04-26 12:00:00,45.141
2017-04-27 00:00:00,41.964
2017-04-27 12:00:00,31.948
2017-04-28 00:00:00,23.145
2017-04-28 12:00:00,19.568
2017-04-29 00:00:00,18.34
2017-04-29 12:00:00,16.228
2017-04-30 00:00:00,15.586
2017-04-30 12:00:00,64.318
2017-05-01 00:00:00,27.412
2017-05-01 12:00:00,59.949
2017-05-02 00:00:00,43.844
2017-05-02 12:00:00,47.388
2017-05-03 00:00:00,46.168
2017-05-03 12:00:00,44.926
2017-05-04 00:00:00,44.47
2017-05-04 12:00:00,45.012
2017-05-05 00:00:00,43.303
2017-05-05 12:00:00,39.462
2017-05-06 00:00:00,35.619
2017-05-06 12:00:00,38.208
2017-05-07 00:00:00,41.995
2017-05-07 12:00:00,47.355
2017-05-08 00:00:00,71.283
2017-05-08 12:00:00,72.339
2017-05-09 00:00:00,68.107
2017-05-09 12:00:00,69.67
2017-05-10 00:00:00,64.013
2017-05-10 12:00:00,65.756
2017-05-11 00:00:00,68.447
2017-05-11 12:00:00,69.44
2017-05-12 00:00:00,70.562
2017-05-12 12:00:00,69.627
2017-05-13 00:00:00,68.147
2017-05-13 12:00:00,66.06
2017-05-14 00:00:00,59.916
2017-05-14 12:00:00,59.301
2017-05-15 00:00:00,58.925
2017-05-15 12:00:00,66.382
2017-05-16 00:00:00,59.918
2017-05-16 12:00:00,56.313
2017-05-17 00:00:00,59.638
2017-05-17 12:00:00,29.463
2017-05-18 00:00:00,34.824
2017-05-18 12:00:00,38.398
2017-05-19 00:00:00,40.97
2017-05-19 12:00:00,41.767
2017-05-20 00:00:00,43.417
2017-05-20 12:00:00,43.784
2017-05-21 00:00:00,41.963
2017-05-21 12:00:00,42.425
2017-05-22 00:00:00,43.161
2017-05-22 12:00:00,43.912
2017-05-23 00:00:00,43.427
2017-05-23 12:00:00,44.614
2017-05-24 00:00:00,44.412
2017-05-24 12:00:00,42.7
2017-05-25 00:00:00,42.432
2017-05-25 12:00:00,41.034
2017-05-26 00:00:00,42.514
2017-05-26 12:00:00,41.145
2017-05-27 00:00:00,43.084
2017-05-27 12:00:00,49.903
2017-05-28 00:00:00,61.256
2017-05-28 12:00:00,19.178
2017-05-29 00:00:00,40.726
2017-05-29 12:00:00,66.333
2017-05-30 00:00:00,20.416
2017-05-30 12:00:00,25.231
2017-05-31 00:00:00,66.035
2017-05-31 12:00:00,70.489
2017-06-01 00:00:00,65.744
2017-06-01 12:00:00,25.804
2017-06-02 00:00:00,23.182
2017-06-02 12:00:00,27.2
2017-06-03 00:00:00,51.034
2017-06-03 12:00:00,16.436
2017-06-04 00:00:00,18.446
2017-06-04 12:00:00,20.577
2017-06-05 00:00:00,21.315
2017-06-05 12:00:00,21.481
2017-06-06 00:00:00,21.349
2017-06-06 12:00:00,20.468
2017-06-07 00:00:00,22.037
2017-06-07 12:00:00,20.52
2017-06-08 00:00:00,34.049
2017-06-08 12:00:00,23.089
2017-06-09 00:00:00,23.476
2017-06-09 12:00:00,23.793
2017-06-10 00:00:00,25.104
2017-06-10 12:00:00,24.214
2017-06-11 00:00:00,24.64
2017-06-11 12:00:00,25.167
2017-06-12 00:00:00,26.214
2017-06-12 12:00:00,25.01
2017-06-13 00:00:00,23.333
2017-06-13 12:00:00,22.653
2017-06-14 00:00:00,26.113
2017-06-14 12:00:00,19.417
2017-06-15 00:00:00,17.716
2017-06-15 12:00:00,31.731
2017-06-16 00:00:00,67.95
2017-06-16 12:00:00,62.69
2017-06-17 00:00:00,60.138
2017-06-17 12:00:00,63.574
2017-06-18 00:00:00,54.021
2017-06-18 12:00:00,49.149
2017-06-19 00:00:00,49.751
2017-06-19 12:00:00,52.448
2017-06-20 00:00:00,56.018
2017-06-20 12:00:00,55.325
2017-06-21 00:00:00,25042.759
2017-06-21 12:00:00,57.764
2017-06-22 00:00:00,60.124
2017-06-22 12:00:00,66.256
2017-06-23 00:00:00,68.184
2017-06-23 12:00:00,63.984
2017-06-24 00:00:00,63.189
2017-06-24 12:00:00,59.507
2017-06-25 00:00:00,53.243
2017-06-25 12:00:00,55.075
2017-06-26 00:00:00,60.028
2017-06-26 12:00:00,55.144
2017-06-27 00:00:00,54.979
2017-06-27 12:00:00,56.611
2017-06-28 00:00:00,35.699
2017-06-28 12:00:00,37.198
2017-06-29 00:00:00,39.479
2017-06-29 12:00:00,38.049
2017-06-30 00:00:00,38.933
2017-06-30 12:00:00,41.945
2017-07-01 00:00:00,41.836
2017-07-01 12:00:00,43.529
2017-07-02 00:00:00,46.245
2017-07-02 12:00:00,44.036
2017-07-03 00:00:00,53.153
2017-07-03 12:00:00,45.651
2017-07-04 00:00:00,36.233
2017-07-04 12:00:00,34.032
2017-07-05 00:00:00,34.352
2017-07-05 12:00:00,36.215
2017-07-06 00:00:00,38.496
2017-07-06 12:00:00,41.837
2017-07-07 00:00:00,41.827
2017-07-07 12:00:00,41.947
2017-07-08 00:00:00,41.42
2017-07-08 12:00:00,40.357
2017-07-09 00:00:00,40.659
2017-07-09 12:00:00,41.322
2017-07-10 00:00:00,38.878
2017-07-10 12:00:00,38.307
2017-07-11 00:00:00,36.115
2017-07-11 12:00:00,37.163
2017-07-12 00:00:00,38.908
2017-07-12 12:00:00,39.462
2017-07-13 00:00:00,39.336
2017-07-13 12:00:00,38.381
2017-07-14 00:00:00,39.543
2017-07-14 12:00:00,35.685
2017-07-15 00:00:00,27.342
2017-07-15 12:00:00,23.531
2017-07-16 00:00:00,18.996
2017-07-16 12:00:00,21.735
2017-07-17 00:00:00,19.246
2017-07-17 12:00:00,21.966
2017-07-18 00:00:00,20.071
2017-07-18 12:00:00,18.369
2017-07-19 00:00:00,19.548
2017-07-19 12:00:00,18.961
2017-07-20 00:00:00,19.141
2017-07-20 12:00:00,18.304
2017-07-21 00:00:00,18.655
2017-07-21 12:00:00,17.844
2017-07-22 00:00:00,20.389
2017-07-22 12:00:00,19.441
2017-07-23 00:00:00,20.564
2017-07-23 12:00:00,22.764
2017-07-24 00:00:00,22.736
2017-07-24 12:00:00,23.406
2017-07-25 00:00:00,24.058
2017-07-25 12:00:00,25.255
2017-07-26 00:00:00,22.819
2017-07-26 12:00:00,22.599
2017-07-27 00:00:00,5021.11
2017-07-27 12:00:00,30.412
2017-07-28 00:00:00,30.066
2017-07-28 12:00:00,30.964
2017-07-29 00:00:00,5025.299
2017-07-29 12:00:00,41.595
2017-07-30 00:00:00,38.181
2017-07-30 12:00:00,43.074
2017-07-31 00:00:00,42.531
2017-07-31 12:00:00,37.179
2017-08-01 00:00:00,36.162
2017-08-01 12:00:00,38.029
2017-08-02 00:00:00,41.267
2017-08-02 12:00:00,40.059
2017-08-03 00:00:00,36.844
2017-08-03 12:00:00,32.147
2017-08-04 00:00:00,33.332
2017-08-04 12:00:00,36.213
2017-08-05 00:00:00,36.768
2017-08-05 12:00:00,39.743
2017-08-06 00:00:00,37.506
2017-08-06 12:00:00,39.509
2017-08-07 00:00:00,39.819
2017-08-07 12:00:00,37.639
2017-08-08 00:00:00,36.805
2017-08-08 12:00:00,29.106
2017-08-09 00:00:00,31.187
2017-08-09 12:00:00,36.817
2017-08-10 00:00:00,39.386
2017-08-10 12:00:00,39.926
2017-08-11 00:00:00,39.59
2017-08-11 12:00:00,40.064
2017-08-12 00:00:00,42.891
2017-08-12 12:00:00,43.508
2017-08-13 00:00:00,43.018
2017-08-13 12:00:00,43.995
2017-08-14 00:00:00,43.791
2017-08-14 12:00:00,45.781
2017-08-15 00:00:00,99999.0
2017-08-15 12:00:00,99999.0
2017-08-16 00:00:00,99999.0
2017-08-16 12:00:00,99999.0
2017-08-17 00:00:00,99999.0
2017-08-17 12:00:00,99999.0
2017-08-18 00:00:00,99999.0
2017-08-18 12:00:00,99999.0
2017-08-19 00:00:00,99999.0
2017-08-19 12:00:00,99999.0
2017-08-20 00:00:00,99999.0
2017-08-20 12:00:00,99999.0
2017-08-21 00:00:00,99999.0
2017-08-21 12:00:00,99999.0
2017-08-22 00:00:00,99999.0
2017-08-22 12:00:00,99999.0
2017-08-23 00:00:00,70012.489
2017-08-23 12:00:00,58.935
2017-08-24 00:00:00,49.075
2017-08-24 12:00:00,54.02
2017-08-25 00:00:00,23.233
2017-08-25 12:00:00,17.215
2017-08-26 00:00:00,22.329
2017-08-26 12:00:00,20.116
2017-08-27 00:00:00,19.106
2017-08-27 12:00:00,20.14
2017-08-28 00:00:00,99999.0
2017-08-28 12:00:00,99999.0
2017-08-29 00:00:00,99999.0
2017-08-29 12:00:00,99999.0
2017-08-30 00:00:00,99999.0
2017-08-30 12:00:00,99999.0
2017-08-31 00:00:00,99999.0
2017-08-31 12:00:00,99999.0
2017-09-01 00:00:00,99999.0
2017-09-01 12:00:00,99999.0
2017-09-02 00:00:00,99999.0
2017-09-02 12:00:00,99999.0
2017-09-03 00:00:00,99999.0
2017-09-03 12:00:00,99999.0
2017-09-04 00:00:00,99999.0
2017-09-04 12:00:00,99999.0
2017-09-05 00:00:00,99999.0
2017-09-05 12:00:00,99999.0
2017-09-06 00:00:00,99999.0
2017-09-06 12:00:00,99999.0
2017-09-07 00:00:00,99999.0
2017-09-07 12:00:00,99999.0
2017-09-08 00:00:00,99999.0
2017-09-08 12:00:00,99999.0
2017-09-09 00:00:00,99999.0
2017-09-09 12:00:00,99999.0
2017-09-10 00:00:00,99999.0
2017-09-10 12:00:00,99999.0
2017-09-11 00:00:00,99999.0
2017-09-11 12:00:00,99999.0
2017-09-12 00:00:00,99999.0
2017-09-12 12:00:00,99999.0
2017-09-13 00:00:00,99999.0
2017-09-13 12:00:00,99999.0
2017-09-14 00:00:00,99999.0
2017-09-14 12:00:00,99999.0
2017-09-15 00:00:00,99999.0
2017-09-15 12:00:00,99999.0
2017-09-16 00:00:00,99999.0
2017-09-16 12:00:00,99999.0
2017-09-17 00:00:00,99999.0
2017-09-17 12:00:00,99999.0
2017-09-18 00:00:00,99999.0
2017-09-18 12:00:00,99999.0
2017-09-19 00:00:00,99999.0
2017-09-19 12:00:00,99999.0
2017-09-20 00:00:00,55011.148
2017-09-20 12:00:00,99999.0
2017-09-21 00:00:00,99999.0
2017-09-21 12:00:00,99999.0
2017-09-22 00:00:00,99999.0
2017-09-22 12:00:00,99999.0
2017-09-23 00:00:00,99999.0
2017-09-23 12:00:00,99999.0
2017-09-24 00:00:00,99999.0
2017-09-24 12:00:00,99999.0
2017-09-25 00:00:00,99999.0
2017-09-25 12:00:00,99999.0
2017-09-26 00:00:00,99999.0
2017-09-26 12:00:00,99999.0
2017-09-27 00:00:00,99999.0
2017-09-27 12:00:00,99999.0
2017-09-28 00:00:00,99999.0
2017-09-28 12:00:00,99999.0
2017-09-29 00:00:00,99999.0
2017-09-29 12:00:00,99999.0
2017-09-30 00:00:00,99999.0
2017-09-30 12:00:00,99999.0
2017-10-01 00:00:00,99999.0
2017-10-01 12:00:00,99999.0
2017-10-02 00:00:00,99999.0
2017-10-02 12:00:00,99999.0
2017-10-03 00:00:00,99999.0
2017-10-03 12:00:00,99999.0
2017-10-04 00:00:00,99999.0
2017-10-04 12:00:00,99999.0
2017-10-05 00:00:00,99999.0
2017-10-05 12:00:00,99999.0
2017-10-06 00:00:00,99999.0
2017-10-06 12:00:00,75011.309
2017-10-07 00:00:00,58.705
2017-10-07 12:00:00,35.045
2017-10-08 00:00:00,99999.0
2017-10-08 12:00:00,99999.0
2017-10-09 00:00:00,99999.0
2017-10-09 12:00:00,99999.0
2017-10-10 00:00:00,99999.0
2017-10-10 12:00:00,99999.0
2017-10-11 00:00:00,99999.0
2017-10-11 12:00:00,99999.0
2017-10-12 00:00:00,99999.0
2017-10-12 12:00:00,99999.0
2017-10-13 00:00:00,99999.0
2017-10-13 12:00:00,99999.0
2017-10-14 00:00:00,99999.0
2017-10-14 12:00:00,99999.0
2017-10-15 00:00:00,99999.0
2017-10-15 12:00:00,99999.0
2017-10-16 00:00:00,99999.0
2017-10-16 12:00:00,99999.0
2017-10-17 00:00:00,99999.0
2017-10-17 12:00:00,99999.0
2017-10-18 00:00:00,99999.0
2017-10-18 12:00:00,99999.0
2017-10-19 00:00:00,99999.0
2017-10-19 12:00:00,99999.0
2017-10-20 00:00:00,99999.0
2017-10-20 12:00:00,99999.0
2017-10-21 00:00:00,99999.0
2017-10-21 12:00:00,99999.0
2017-10-22 00:00:00,99999.0
2017-10-22 12:00:00,99999.0
2017-10-23 00:00:00,99999.0
2017-10-23 12:00:00,99999.0
2017-10-24 00:00:00,99999.0
2017-10-24 12:00:00,99999.0
2017-10-25 00:00:00,99999.0
2017-10-25 12:00:00,99999.0
2017-10-26 00:00:00,99999.0
2017-10-26 12:00:00,99999.0
2017-10-27 00:00:00,99999.0
2017-10-27 12:00:00,99999.0
2017-10-28 00:00:00,99999.0
2017-10-28 12:00:00,99999.0
2017-10-29 00:00:00,99999.0
2017-10-29 12:00:00,99999.0
2017-10-30 00:00:00,99999.0
2017-10-30 12:00:00,99999.0
2017-10-31 00:00:00,99999.0
2017-10-31 12:00:00,99999.0
2017-11-01 00:00:00,99999.0
2017-11-01 12:00:00,99999.0
2017-11-02 00:00:00,99999.0
2017-11-02 12:00:00,99999.0
2017-11-03 00:00:00,99999.0
2017-11-03 12:00:00,99999.0
2017-11-04 00:00:00,99999.0
2017-11-04 12:00:00,99999.0
2017-11-05 00:00:00,99999.0
2017-11-05 12:00:00,99999.0
2017-11-06 00:00:00,99999.0
2017-11-06 12:00:00,99999.0
2017-11-07 00:00:00,99999.0
2017-11-07 12:00:00,99999.0
2017-11-08 00:00:00,99999.0
2017-11-08 12:00:00,99999.0
2017-11-09 00:00:00,99999.0
2017-11-09 12:00:00,99999.0
2017-11-10 00:00:00,99999.0
2017-11-10 12:00:00,99999.0
2017-11-11 00:00:00,99999.0
2017-11-11 12:00:00,99999.0
2017-11-12 00:00:00,99999.0
2017-11-12 12:00:00,99999.0
2017-11-13 00:00:00,99999.0
2017-11-13 12:00:00,99999.0
2017-11-14 00:00:00,99999.0
2017-11-14 12:00:00,99999.0
2017-11-15 00:00:00,99999.0
2017-11-15 12:00:00,99999.0
2017-11-16 00:00:00,99999.0
2017-11-16 12:00:00,99999.0
2017-11-17 00:00:00,99999.0
2017-11-17 12:00:00,99999.0
2017-11-18 00:00:00,99999.0
2017-11-18 12:00:00,99999.0
2017-11-19 00:00:00,99999.0
2017-11-19 12:00:00,99999.0
2017-11-20 00:00:00,99999.0
2017-11-20 12:00:00,99999.0
2017-11-21 00:00:00,99999.0
2017-11-21 12:00:00,99999.0
2017-11-22 00:00:00,99999.0
2017-11-22 12:00:00,99999.0
2017-11-23 00:00:00,99999.0
2017-11-23 12:00:00,99999.0
2017-11-24 00:00:00,99999.0
2017-11-24 12:00:00,99999.0
2017-11-25 00:00:00,99999.0
2017-11-25 12:00:00,99999.0
2017-11-26 00:00:00,99999.0
2017-11-26 12:00:00,99999.0
2017-11-27 00:00:00,99999.0
2017-11-27 12:00:00,99999.0
2017-11-28 00:00:00,99999.0
2017-11-28 12:00:00,99999.0
2017-11-29 00:00:00,99999.0
2017-11-29 12:00:00,99999.0
2017-11-30 00:00:00,99999.0
2017-11-30 12:00:00,99999.0
2017-12-01 00:00:00,99999.0
2017-12-01 12:00:00,99999.0
2017-12-02 00:00:00,99999.0
2017-12-02 12:00:00,99999.0
2017-12-03 00:00:00,99999.0
2017-12-03 12:00:00,99999.0
2017-12-04 00:00:00,99999.0
2017-12-04 12:00:00,99999.0
2017-12-05 00:00:00,99999.0
2017-12-05 12:00:00,99999.0
2017-12-06 00:00:00,99999.0
2017-12-06 12:00:00,99999.0
2017-12-07 00:00:00,99999.0
2017-12-07 12:00:00,99999.0
2017-12-08 00:00:00,99999.0
2017-12-08 12:00:00,99999.0
2017-12-09 00:00:00,99999.0
2017-12-09 12:00:00,99999.0
2017-12-10 00:00:00,99999.0
2017-12-10 12:00:00,99999.0
2017-12-11 00:00:00,99999.0
2017-12-11 12:00:00,99999.0
2017-12-12 00:00:00,99999.0
2017-12-12 12:00:00,99999.0
2017-12-13 00:00:00,99999.0
2017-12-13 12:00:00,99999.0
2017-12-14 00:00:00,99999.0
2017-12-14 12:00:00,99999.0
2017-12-15 00:00:00,99999.0
2017-12-15 12:00:00,99999.0
2017-12-16 00:00:00,99999.0
2017-12-16 12:00:00,99999.0
2017-12-17 00:00:00,99999.0
2017-12-17 12:00:00,99999.0
2017-12-18 00:00:00,99999.0
2017-12-18 12:00:00,99999.0
2017-12-19 00:00:00,99999.0
2017-12-19 12:00:00,99999.0
2017-12-20 00:00:00,99999.0
2017-12-20 12:00:00,99999.0
2017-12-21 00:00:00,99999.0
2017-12-21 12:00:00,99999.0
2017-12-22 00:00:00,99999.0
2017-12-22 12:00:00,99999.0
2017-12-23 00:00:00,99999.0
2017-12-23 12:00:00,99999.0
2017-12-24 00:00:00,99999.0
2017-12-24 12:00:00,99999.0
2017-12-25 00:00:00,99999.0
2017-12-25 12:00:00,99999.0
2017-12-26 00:00:00,99999.0
2017-12-26 12:00:00,99999.0
2017-12-27 00:00:00,99999.0
2017-12-27 12:00:00,99999.0
2017-12-28 00:00:00,99999.0
2017-12-28 12:00:00,99999.0
2017-12-29 00:00:00,99999.0
2017-12-29 12:00:00,99999.0
2017-12-30 00:00:00,99999.0
2017-12-30 12:00:00,99999.0
2017-12-31 00:00:00,99999.0
2017-12-31 12:00:00,99999.0
2018-01-01 00:00:00,99999.0
2018-01-01 12:00:00,99999.0
2018-01-02 00:00:00,99999.0
2018-01-02 12:00:00,99999.0
2018-01-03 00:00:00,99999.0
2018-01-03 12:00:00,99999.0
2018-01-04 00:00:00,99999.0
2018-01-04 12:00:00,99999.0
2018-01-05 00:00:00,99999.0
2018-01-05 12:00:00,99999.0
2018-01-06 00:00:00,99999.0
2018-01-06 12:00:00,99999.0
2018-01-07 00:00:00,99999.0
2018-01-07 12:00:00,99999.0
2018-01-08 00:00:00,99999.0
2018-01-08 12:00:00,99999.0
2018-01-09 00:00:00,99999.0
2018-01-09 12:00:00,99999.0
2018-01-10 00:00:00,99999.0
2018-01-10 12:00:00,99999.0
2018-01-11 00:00:00,99999.0
2018-01-11 12:00:00,99999.0
2018-01-12 00:00:00,99999.0
2018-01-12 12:00:00,99999.0
2018-01-13 00:00:00,99999.0
2018-01-13 12:00:00,99999.0
2018-01-14 00:00:00,99999.0
2018-01-14 12:00:00,99999.0
2018-01-15 00:00:00,99999.0
2018-01-15 12:00:00,99999.0
2018-01-16 00:00:00,99999.0
2018-01-16 12:00:00,99999.0
2018-01-17 00:00:00,99999.0
2018-01-17 12:00:00,99999.0
2018-01-18 00:00:00,99999.0
2018-01-18 12:00:00,99999.0
2018-01-19 00:00:00,99999.0
2018-01-19 12:00:00,99999.0
2018-01-20 00:00:00,99999.0
2018-01-20 12:00:00,99999.0
2018-01-21 00:00:00,99999.0
2018-01-21 12:00:00,99999.0
2018-01-22 00:00:00,99999.0
2018-01-22 12:00:00,99999.0
2018-01-23 00:00:00,99999.0
2018-01-23 12:00:00,99999.0
2018-01-24 00:00:00,99999.0
2018-01-24 12:00:00,99999.0
2018-01-25 00:00:00,99999.0
2018-01-25 12:00:00,99999.0
2018-01-26 00:00:00,99999.0
2018-01-26 12:00:00,99999.0
2018-01-27 00:00:00,99999.0
2018-01-27 12:00:00,99999.0
2018-01-28 00:00:00,99999.0
2018-01-28 12:00:00,99999.0
2018-01-29 00:00:00,99999.0
2018-01-29 12:00:00,99999.0
2018-01-30 00:00:00,99999.0
2018-01-30 12:00:00,99999.0
2018-01-31 00:00:00,99999.0
2018-01-31 12:00:00,99999.0
2018-02-01 00:00:00,99999.0
2018-02-01 12:00:00,99999.0
2018-02-02 00:00:00,99999.0
2018-02-02 12:00:00,99999.0
2018-02-03 00:00:00,99999.0
2018-02-03 12:00:00,99999.0
2018-02-04 00:00:00,99999.0
2018-02-04 12:00:00,99999.0
2018-02-05 00:00:00,99999.0
2018-02-05 12:00:00,99999.0
2018-02-06 00:00:00,99999.0
2018-02-06 12:00:00,99999.0
2018-02-07 00:00:00,99999.0
2018-02-07 12:00:00,99999.0
2018-02-08 00:00:00,99999.0
2018-02-08 12:00:00,99999.0
2018-02-09 00:00:00,99999.0
2018-02-09 12:00:00,99999.0
2018-02-10 00:00:00,99999.0
2018-02-10 12:00:00,99999.0
2018-02-11 00:00:00,99999.0
2018-02-11 12:00:00,99999.0
2018-02-12 00:00:00,99999.0
2018-02-12 12:00:00,99999.0
2018-02-13 00:00:00,99999.0
2018-02-13 12:00:00,99999.0
2018-02-14 00:00:00,99999.0
2018-02-14 12:00:00,99999.0
2018-02-15 00:00:00,99999.0
2018-02-15 12:00:00,99999.0
2018-02-16 00:00:00,99999.0
2018-02-16 12:00:00,99999.0
2018-02-17 00:00:00,99999.0
2018-02-17 12:00:00,99999.0
2018-02-18 00:00:00,99999.0
2018-02-18 12:00:00,99999.0
2018-02-19 00:00:00,99999.0
2018-02-19 12:00:00,99999.0
2018-02-20 00:00:00,99999.0
2018-02-20 12:00:00,99999.0
2018-02-21 00:00:00,99999.0
2018-02-21 12:00:00,99999.0
2018-02-22 00:00:00,99999.0
2018-02-22 12:00:00,99999.0
2018-02-23 00:00:00,99999.0
2018-02-23 12:00:00,99999.0
2018-02-24 00:00:00,99999.0
2018-02-24 12:00:00,99999.0
2018-02-25 00:00:00,99999.0
2018-02-25 12:00:00,99999.0
2018-02-26 00:00:00,99999.0
2018-02-26 12:00:00,99999.0
2018-02-27 00:00:00,99999.0
2018-02-27 12:00:00,99999.0
2018-02-28 00:00:00,99999.0
2018-02-28 12:00:00,99999.0
2018-03-01 00:00:00,99999.0
2018-03-01 12:00:00,99999.0
2018-03-02 00:00:00,99999.0
2018-03-02 12:00:00,99999.0
2018-03-03 00:00:00,99999.0
2018-03-03 12:00:00,99999.0
2018-03-04 00:00:00,99999.0
2018-03-04 12:00:00,99999.0
2018-03-05 00:00:00,99999.0
2018-03-05 12:00:00,99999.0
2018-03-06 00:00:00,99999.0
2018-03-06 12:00:00,99999.0
2018-03-07 00:00:00,99999.0
2018-03-07 12:00:00,99999.0
2018-03-08 00:00:00,99999.0
2018-03-08 12:00:00,99999.0
2018-03-09 00:00:00,99999.0
2018-03-09 12:00:00,99999.0
2018-03-10 00:00:00,99999.0
2018-03-10 12:00:00,99999.0
2018-03-11 00:00:00,99999.0
2018-03-11 12:00:00,99999.0
2018-03-12 00:00:00,99999.0
2018-03-12 12:00:00,99999.0
2018-03-13 00:00:00,99999.0
2018-03-13 12:00:00,99999.0
2018-03-14 00:00:00,99999.0
2018-03-14 12:00:00,99999.0
2018-03-15 00:00:00,99999.0
2018-03-15 12:00:00,99999.0
2018-03-16 00:00:00,99999.0
2018-03-16 12:00:00,99999.0
2018-03-17 00:00:00,99999.0
2018-03-17 12:00:00,99999.0
2018-03-18 00:00:00,99999.0
2018-03-18 12:00:00,99999.0
2018-03-19 00:00:00,99999.0
2018-03-19 12:00:00,99999.0
2018-03-20 00:00:00,99999.0
2018-03-20 12:00:00,99999.0
2018-03-21 00:00:00,99999.0
2018-03-21 12:00:00,99999.0
2018-03-22 00:00:00,99999.0
2018-03-22 12:00:00,99999.0
2018-03-23 00:00:00,99999.0
2018-03-23 12:00:00,99999.0
2018-03-24 00:00:00,99999.0
2018-03-24 12:00:00,99999.0
2018-03-25 00:00:00,99999.0
2018-03-25 12:00:00,99999.0
2018-03-26 00:00:00,99999.0
2018-03-26 12:00:00,99999.0
2018-03-27 00:00:00,99999.0
2018-03-27 12:00:00,99999.0
2018-03-28 00:00:00,99999.0
2018-03-28 12:00:00,99999.0
2018-03-29 00:00:00,99999.0
2018-03-29 12:00:00,99999.0
2018-03-30 00:00:00,99999.0
2018-03-30 12:00:00,99999.0
2018-03-31 00:00:00,99999.0
2018-03-31 12:00:00,99999.0
2018-04-01 00:00:00,99999.0
2018-04-01 12:00:00,99999.0
2018-04-02 00:00:00,99999.0
2018-04-02 12:00:00,99999.0
2018-04-03 00:00:00,99999.0
2018-04-03 12:00:00,99999.0
2018-04-04 00:00:00,99999.0
2018-04-04 12:00:00,99999.0
2018-04-05 00:00:00,99999.0
2018-04-05 12:00:00,99999.0
2018-04-06 00:00:00,99999.0
2018-04-06 12:00:00,99999.0
2018-04-07 00:00:00,99999.0
2018-04-07 12:00:00,99999.0
2018-04-08 00:00:00,99999.0
2018-04-08 12:00:00,99999.0
2018-04-09 00:00:00,99999.0
2018-04-09 12:00:00,99999.0
2018-04-10 00:00:00,99999.0
2018-04-10 12:00:00,99999.0
2018-04-11 00:00:00,99999.0
2018-04-11 12:00:00,99999.0
2018-04-12 00:00:00,99999.0
2018-04-12 12:00:00,99999.0
2018-04-13 00:00:00,99999.0
2018-04-13 12:00:00,99999.0
2018-04-14 00:00:00,99999.0
2018-04-14 12:00:00,99999.0
2018-04-15 00:00:00,99999.0
2018-04-15 12:00:00,99999.0
2018-04-16 00:00:00,99999.0
2018-04-16 12:00:00,99999.0
2018-04-17 00:00:00,99999.0
2018-04-17 12:00:00,99999.0
2018-04-18 00:00:00,99999.0
2018-04-18 12:00:00,99999.0
2018-04-19 00:00:00,99999.0
2018-04-19 12:00:00,99999.0
2018-04-20 00:00:00,99999.0
2018-04-20 12:00:00,99999.0
2018-04-21 00:00:00,99999.0
2018-04-21 12:00:00,99999.0
2018-04-22 00:00:00,99999.0
2018-04-22 12:00:00,99999.0
2018-04-23 00:00:00,99999.0
2018-04-23 12:00:00,99999.0
2018-04-24 00:00:00,99999.0
2018-04-24 12:00:00,99999.0
2018-04-25 00:00:00,99999.0
2018-04-25 12:00:00,99999.0
2018-04-26 00:00:00,99999.0
2018-04-26 12:00:00,99999.0
2018-04-27 00:00:00,99999.0
2018-04-27 12:00:00,99999.0
2018-04-28 00:00:00,99999.0
2018-04-28 12:00:00,99999.0
2018-04-29 00:00:00,99999.0
2018-04-29 12:00:00,99999.0
2018-04-30 00:00:00,99999.0
2018-04-30 12:00:00,99999.0
2018-05-01 00:00:00,99999.0
2018-05-01 12:00:00,99999.0
2018-05-02 00:00:00,99999.0
2018-05-02 12:00:00,99999.0
2018-05-03 00:00:00,99999.0
2018-05-03 12:00:00,99999.0
2018-05-04 00:00:00,99999.0
2018-05-04 12:00:00,99999.0
2018-05-05 00:00:00,99999.0
2018-05-05 12:00:00,99999.0
2018-05-06 00:00:00,99999.0
2018-05-06 12:00:00,99999.0
2018-05-07 00:00:00,99999.0
2018-05-07 12:00:00,99999.0
2018-05-08 00:00:00,99999.0
2018-05-08 12:00:00,99999.0
2018-05-09 00:00:00,99999.0
2018-05-09 12:00:00,99999.0
2018-05-10 00:00:00,99999.0
2018-05-10 12:00:00,99999.0
2018-05-11 00:00:00,99999.0
2018-05-11 12:00:00,99999.0
2018-05-12 00:00:00,99999.0
2018-05-12 12:00:00,99999.0
2018-05-13 00:00:00,99999.0
2018-05-13 12:00:00,99999.0
2018-05-14 00:00:00,99999.0
2018-05-14 12:00:00,99999.0
2018-05-15 00:00:00,99999.0
2018-05-15 12:00:00,99999.0
2018-05-16 00:00:00,99999.0
2018-05-16 12:00:00,99999.0
2018-05-17 00:00:00,99999.0
2018-05-17 12:00:00,99999.0
2018-05-18 00:00:00,99999.0
2018-05-18 12:00:00,99999.0
2018-05-19 00:00:00,99999.0
2018-05-19 12:00:00,99999.0
2018-05-20 00:00:00,99999.0
2018-05-20 12:00:00,99999.0
2018-05-21 00:00:00,99999.0
2018-05-21 12:00:00,99999.0
2018-05-22 00:00:00,99999.0
2018-05-22 12:00:00,99999.0
2018-05-23 00:00:00,99999.0
2018-05-23 12:00:00,99999.0
2018-05-24 00:00:00,99999.0
2018-05-24 12:00:00,99999.0
2018-05-25 00:00:00,99999.0
2018-05-25 12:00:00,99999.0
2018-05-26 00:00:00,99999.0
2018-05-26 12:00:00,99999.0
2018-05-27 00:00:00,99999.0
2018-05-27 12:00:00,99999.0
2018-05-28 00:00:00,99999.0
2018-05-28 12:00:00,99999.0
2018-05-29 00:00:00,99999.0
2018-05-29 12:00:00,99999.0
2018-05-30 00:00:00,99999.0
2018-05-30 12:00:00,99999.0
2018-05-31 00:00:00,99999.0
2018-05-31 12:00:00,99999.0
2018-06-01 00:00:00,99999.0
2018-06-01 12:00:00,99999.0
2018-06-02 00:00:00,99999.0
2018-06-02 12:00:00,99999.0
2018-06-03 00:00:00,99999.0
2018-06-03 12:00:00,99999.0
2018-06-04 00:00:00,99999.0
2018-06-04 12:00:00,99999.0
2018-06-05 00:00:00,99999.0
2018-06-05 12:00:00,99999.0
2018-06-06 00:00:00,99999.0
2018-06-06 12:00:00,99999.0
2018-06-07 00:00:00,99999.0
2018-06-07 12:00:00,99999.0
2018-06-08 00:00:00,99999.0
2018-06-08 12:00:00,99999.0
2018-06-09 00:00:00,99999.0
2018-06-09 12:00:00,99999.0
2018-06-10 00:00:00,99999.0
2018-06-10 12:00:00,99999.0
2018-06-11 00:00:00,99999.0
2018-06-11 12:00:00,99999.0
2018-06-12 00:00:00,99999.0
2018-06-12 12:00:00,99999.0
2018-06-13 00:00:00,99999.0
2018-06-13 12:00:00,99999.0
2018-06-14 00:00:00,99999.0
2018-06-14 12:00:00,99999.0
2018-06-15 00:00:00,99999.0
2018-06-15 12:00:00,99999.0
2018-06-16 00:00:00,99999.0
2018-06-16 12:00:00,99999.0
2018-06-17 00:00:00,99999.0
2018-06-17 12:00:00,99999.0
2018-06-18 00:00:00,99999.0
2018-06-18 12:00:00,99999.0
2018-06-19 00:00:00,99999.0
2018-06-19 12:00:00,99999.0
2018-06-20 00:00:00,99999.0
2018-06-20 12:00:00,99999.0
2018-06-21 00:00:00,99999.0
2018-06-21 12:00:00,99999.0
2018-06-22 00:00:00,99999.0
2018-06-22 12:00:00,99999.0
2018-06-23 00:00:00,99999.0
2018-06-23 12:00:00,99999.0
2018-06-24 00:00:00,99999.0
2018-06-24 12:00:00,99999.0
2018-06-25 00:00:00,99999.0
2018-06-25 12:00:00,99999.0
2018-06-26 00:00:00,99999.0
2018-06-26 12:00:00,99999.0
2018-06-27 00:00:00,99999.0
2018-06-27 12:00:00,99999.0
2018-06-28 00:00:00,99999.0
2018-06-28 12:00:00,99999.0
2018-06-29 00:00:00,99999.0
2018-06-29 12:00:00,99999.0
2018-06-30 00:00:00,99999.0
2018-06-30 12:00:00,99999.0
2018-07-01 00:00:00,99999.0
2018-07-01 12:00:00,99999.0
2018-07-02 00:00:00,99999.0
2018-07-02 12:00:00,99999.0
2018-07-03 00:00:00,99999.0
2018-07-03 12:00:00,99999.0
2018-07-04 00:00:00,99999.0
2018-07-04 12:00:00,99999.0
2018-07-05 00:00:00,99999.0
2018-07-05 12:00:00,99999.0
2018-07-06 00:00:00,99999.0
2018-07-06 12:00:00,99999.0
2018-07-07 00:00:00,99999.0
2018-07-07 12:00:00,99999.0
2018-07-08 00:00:00,99999.0
2018-07-08 12:00:00,99999.0
2018-07-09 00:00:00,99999.0
2018-07-09 12:00:00,99999.0
2018-07-10 00:00:00,99999.0
2018-07-10 12:00:00,99999.0
2018-07-11 00:00:00,99999.0
2018-07-11 12:00:00,99999.0
2018-07-12 00:00:00,99999.0
2018-07-12 12:00:00,99999.0
2018-07-13 00:00:00,99999.0
2018-07-13 12:00:00,99999.0
2018-07-14 00:00:00,99999.0
2018-07-14 12:00:00,99999.0
2018-07-15 00:00:00,99999.0
2018-07-15 12:00:00,99999.0
2018-07-16 00:00:00,99999.0
2018-07-16 12:00:00,99999.0
2018-07-17 00:00:00,99999.0
2018-07-17 12:00:00,99999.0
2018-07-18 00:00:00,99999.0
2018-07-18 12:00:00,99999.0
2018-07-19 00:00:00,99999.0
2018-07-19 12:00:00,99999.0
2018-07-20 00:00:00,99999.0
2018-07-20 12:00:00,99999.0
2018-07-21 00:00:00,99999.0
2018-07-21 12:00:00,99999.0
2018-07-22 00:00:00,99999.0
2018-07-22 12:00:00,99999.0
2018-07-23 00:00:00,99999.0
2018-07-23 12:00:00,99999.0
2018-07-24 00:00:00,99999.0
2018-07-24 12:00:00,99999.0
2018-07-25 00:00:00,99999.0
2018-07-25 12:00:00,99999.0
2018-07-26 00:00:00,99999.0
2018-07-26 12:00:00,99999.0
2018-07-27 00:00:00,99999.0
2018-07-27 12:00:00,99999.0
2018-07-28 00:00:00,99999.0
2018-07-28 12:00:00,99999.0
2018-07-29 00:00:00,99999.0
2018-07-29 12:00:00,99999.0
2018-07-30 00:00:00,99999.0
2018-07-30 12:00:00,99999.0
2018-07-31 00:00:00,99999.0
2018-07-31 12:00:00,99999.0
2018-08-01 00:00:00,99999.0
2018-08-01 12:00:00,99999.0
2018-08-02 00:00:00,99999.0
2018-08-02 12:00:00,99999.0
2018-08-03 00:00:00,99999.0
2018-08-03 12:00:00,99999.0
2018-08-04 00:00:00,99999.0
2018-08-04 12:00:00,99999.0
2018-08-05 00:00:00,99999.0
2018-08-05 12:00:00,99999.0
2018-08-06 00:00:00,99999.0
2018-08-06 12:00:00,99999.0
2018-08-07 00:00:00,99999.0
2018-08-07 12:00:00,99999.0
2018-08-08 00:00:00,99999.0
2018-08-08 12:00:00,99999.0
2018-08-09 00:00:00,99999.0
2018-08-09 12:00:00,99999.0
2018-08-10 00:00:00,99999.0
2018-08-10 12:00:00,99999.0
2018-08-11 00:00:00,99999.0
2018-08-11 12:00:00,99999.0
2018-08-12 00:00:00,99999.0
2018-08-12 12:00:00,99999.0
2018-08-13 00:00:00,99999.0
2018-08-13 12:00:00,99999.0
2018-08-14 00:00:00,99999.0
2018-08-14 12:00:00,99999.0
2018-08-15 00:00:00,99999.0
2018-08-15 12:00:00,99999.0
2018-08-16 00:00:00,99999.0
2018-08-16 12:00:00,99999.0
2018-08-17 00:00:00,99999.0
2018-08-17 12:00:00,99999.0
2018-08-18 00:00:00,99999.0
2018-08-18 12:00:00,99999.0
2018-08-19 00:00:00,99999.0
2018-08-19 12:00:00,99999.0
2018-08-20 00:00:00,99999.0
2018-08-20 12:00:00,99999.0
2018-08-21 00:00:00,99999.0
2018-08-21 12:00:00,99999.0
2018-08-22 00:00:00,99999.0
2018-08-22 12:00:00,99999.0
2018-08-23 00:00:00,99999.0
2018-08-23 12:00:00,99999.0
2018-08-24 00:00:00,99999.0
2018-08-24 12:00:00,99999.0
2018-08-25 00:00:00,99999.0
2018-08-25 12:00:00,99999.0
2018-08-26 00:00:00,99999.0
2018-08-26 12:00:00,99999.0
2018-08-27 00:00:00,99999.0
2018-08-27 12:00:00,99999.0
2018-08-28 00:00:00,99999.0
2018-08-28 12:00:00,99999.0
2018-08-29 00:00:00,99999.0
2018-08-29 12:00:00,99999.0
2018-08-30 00:00:00,99999.0
2018-08-30 12:00:00,99999.0
2018-08-31 00:00:00,99999.0
2018-08-31 12:00:00,99999.0
2018-09-01 00:00:00,99999.0
2018-09-01 12:00:00,99999.0
2018-09-02 00:00:00,99999.0
2018-09-02 12:00:00,99999.0
2018-09-03 00:00:00,99999.0
2018-09-03 12:00:00,99999.0
2018-09-04 00:00:00,99999.0
2018-09-04 12:00:00,99999.0
2018-09-05 00:00:00,99999.0
2018-09-05 12:00:00,99999.0
2018-09-06 00:00:00,99999.0
2018-09-06 12:00:00,99999.0
2018-09-07 00:00:00,99999.0
2018-09-07 12:00:00,99999.0
2018-09-08 00:00:00,99999.0
2018-09-08 12:00:00,99999.0
2018-09-09 00:00:00,99999.0
2018-09-09 12:00:00,99999.0
2018-09-10 00:00:00,99999.0
2018-09-10 12:00:00,99999.0
2018-09-11 00:00:00,99999.0
2018-09-11 12:00:00,99999.0
2018-09-12 00:00:00,99999.0
2018-09-12 12:00:00,99999.0
2018-09-13 00:00:00,99999.0
2018-09-13 12:00:00,99999.0
2018-09-14 00:00:00,99999.0
2018-09-14 12:00:00,99999.0
2018-09-15 00:00:00,99999.0
2018-09-15 12:00:00,99999.0
2018-09-16 00:00:00,99999.0
2018-09-16 12:00:00,99999.0
2018-09-17 00:00:00,99999.0
2018-09-17 12:00:00,99999.0
2018-09-18 00:00:00,99999.0
2018-09-18 12:00:00,99999.0
2018-09-19 00:00:00,99999.0
2018-09-19 12:00:00,99999.0
2018-09-20 00:00:00,99999.0
2018-09-20 12:00:00,99999.0
2018-09-21 00:00:00,99999.0
2018-09-21 12:00:00,99999.0
2018-09-22 00:00:00,99999.0
2018-09-22 12:00:00,99999.0
2018-09-23 00:00:00,99999.0
2018-09-23 12:00:00,99999.0
2018-09-24 00:00:00,99999.0
2018-09-24 12:00:00,99999.0
2018-09-25 00:00:00,99999.0
2018-09-25 12:00:00,99999.0
2018-09-26 00:00:00,99999.0
2018-09-26 12:00:00,99999.0
2018-09-27 00:00:00,99999.0
2018-09-27 12:00:00,99999.0
2018-09-28 00:00:00,99999.0
2018-09-28 12:00:00,99999.0
2018-09-29 00:00:00,99999.0
2018-09-29 12:00:00,99999.0
2018-09-30 00:00:00,99999.0
2018-09-30 12:00:00,99999.0
2018-10-01 00:00:00,99999.0
2018-10-01 12:00:00,99999.0
2018-10-02 00:00:00,99999.0
2018-10-02 12:00:00,99999.0
2018-10-03 00:00:00,99999.0
2018-10-03 12:00:00,99999.0
2018-10-04 00:00:00,99999.0
2018-10-04 12:00:00,99999.0
2018-10-05 00:00:00,99999.0
2018-10-05 12:00:00,99999.0
2018-10-06 00:00:00,99999.0
2018-10-06 12:00:00,99999.0
2018-10-07 00:00:00,99999.0
2018-10-07 12:00:00,99999.0
2018-10-08 00:00:00,99999.0
2018-10-08 12:00:00,99999.0
2018-10-09 00:00:00,99999.0
2018-10-09 12:00:00,99999.0
2018-10-10 00:00:00,99999.0
2018-10-10 12:00:00,99999.0
2018-10-11 00:00:00,99999.0
2018-10-11 12:00:00,99999.0
2018-10-12 00:00:00,99999.0
2018-10-12 12:00:00,99999.0
2018-10-13 00:00:00,99999.0
2018-10-13 12:00:00,99999.0
2018-10-14 00:00:00,99999.0
2018-10-14 12:00:00,99999.0
2018-10-15 00:00:00,99999.0
2018-10-15 12:00:00,99999.0
2018-10-16 00:00:00,99999.0
2018-10-16 12:00:00,99999.0
2018-10-17 00:00:00,99999.0
2018-10-17 12:00:00,99999.0
2018-10-18 00:00:00,99999.0
2018-10-18 12:00:00,99999.0
2018-10-19 00:00:00,99999.0
2018-10-19 12:00:00,99999.0
2018-10-20 00:00:00,99999.0
2018-10-20 12:00:00,99999.0
2018-10-21 00:00:00,99999.0
2018-10-21 12:00:00,99999.0
2018-10-22 00:00:00,99999.0
2018-10-22 12:00:00,99999.0
2018-10-23 00:00:00,99999.0
2018-10-23 12:00:00,99999.0
2018-10-24 00:00:00,99999.0
2018-10-24 12:00:00,99999.0
2018-10-25 00:00:00,99999.0
2018-10-25 12:00:00,99999.0
2018-10-26 00:00:00,99999.0
2018-10-26 12:00:00,99999.0
2018-10-27 00:00:00,99999.0
2018-10-27 12:00:00,99999.0
2018-10-28 00:00:00,99999.0
2018-10-28 12:00:00,99999.0
2018-10-29 00:00:00,99999.0
2018-10-29 12:00:00,99999.0
2018-10-30 00:00:00,99999.0
2018-10-30 12:00:00,99999.0
2018-10-31 00:00:00,99999.0
2018-10-31 12:00:00,99999.0
2018-11-01 00:00:00,99999.0
2018-11-01 12:00:00,99999.0
2018-11-02 00:00:00,99999.0
2018-11-02 12:00:00,99999.0
2018-11-03 00:00:00,99999.0
2018-11-03 12:00:00,99999.0
2018-11-04 00:00:00,99999.0
2018-11-04 12:00:00,99999.0
2018-11-05 00:00:00,99999.0
2018-11-05 12:00:00,99999.0
2018-11-06 00:00:00,99999.0
2018-11-06 12:00:00,99999.0
2018-11-07 00:00:00,99999.0
2018-11-07 12:00:00,99999.0
2018-11-08 00:00:00,99999.0
2018-11-08 12:00:00,99999.0
2018-11-09 00:00:00,99999.0
2018-11-09 12:00:00,99999.0
2018-11-10 00:00:00,99999.0
2018-11-10 12:00:00,99999.0
2018-11-11 00:00:00,99999.0
2018-11-11 12:00:00,99999.0
2018-11-12 00:00:00,99999.0
2018-11-12 12:00:00,99999.0
2018-11-13 00:00:00,99999.0
2018-11-13 12:00:00,99999.0
2018-11-14 00:00:00,99999.0
2018-11-14 12:00:00,99999.0
2018-11-15 00:00:00,99999.0
2018-11-15 12:00:00,99999.0
2018-11-16 00:00:00,99999.0
2018-11-16 12:00:00,99999.0
2018-11-17 00:00:00,99999.0
2018-11-17 12:00:00,99999.0
2018-11-18 00:00:00,99999.0
2018-11-18 12:00:00,99999.0
2018-11-19 00:00:00,99999.0
2018-11-19 12:00:00,99999.0
2018-11-20 00:00:00,99999.0
2018-11-20 12:00:00,99999.0
2018-11-21 00:00:00,99999.0
2018-11-21 12:00:00,99999.0
2018-11-22 00:00:00,99999.0
2018-11-22 12:00:00,99999.0
2018-11-23 00:00:00,99999.0
2018-11-23 12:00:00,99999.0
2018-11-24 00:00:00,99999.0
2018-11-24 12:00:00,99999.0
2018-11-25 00:00:00,99999.0
2018-11-25 12:00:00,99999.0
2018-11-26 00:00:00,99999.0
2018-11-26 12:00:00,99999.0
2018-11-27 00:00:00,99999.0
2018-11-27 12:00:00,99999.0
2018-11-28 00:00:00,99999.0
2018-11-28 12:00:00,99999.0
2018-11-29 00:00:00,99999.0
2018-11-29 12:00:00,99999.0
2018-11-30 00:00:00,99999.0
2018-11-30 12:00:00,99999.0
2018-12-01 00:00:00,99999.0
2018-12-01 12:00:00,99999.0
2018-12-02 00:00:00,99999.0
2018-12-02 12:00:00,99999.0
2018-12-03 00:00:00,99999.0
2018-12-03 12:00:00,99999.0
2018-12-04 00:00:00,99999.0
2018-12-04 12:00:00,99999.0
2018-12-05 00:00:00,99999.0
2018-12-05 12:00:00,99999.0
2018-12-06 00:00:00,99999.0
2018-12-06 12:00:00,99999.0
2018-12-07 00:00:00,99999.0
2018-12-07 12:00:00,99999.0
2018-12-08 00:00:00,99999.0
2018-12-08 12:00:00,99999.0
2018-12-09 00:00:00,99999.0
2018-12-09 12:00:00,99999.0
2018-12-10 00:00:00,99999.0
2018-12-10 12:00:00,99999.0
2018-12-11 00:00:00,99999.0
2018-12-11 12:00:00,99999.0
2018-12-12 00:00:00,99999.0
2018-12-12 12:00:00,99999.0
2018-12-13 00:00:00,99999.0
2018-12-13 12:00:00,99999.0
2018-12-14 00:00:00,99999.0
2018-12-14 12:00:00,99999.0
2018-12-15 00:00:00,99999.0
2018-12-15 12:00:00,99999.0
2018-12-16 00:00:00,99999.0
2018-12-16 12:00:00,99999.0
2018-12-17 00:00:00,99999.0
2018-12-17 12:00:00,99999.0
2018-12-18 00:00:00,99999.0
2018-12-18 12:00:00,99999.0
2018-12-19 00:00:00,99999.0
2018-12-19 12:00:00,99999.0
2018-12-20 00:00:00,99999.0
2018-12-20 12:00:00,99999.0
2018-12-21 00:00:00,99999.0
2018-12-21 12:00:00,99999.0
2018-12-22 00:00:00,99999.0
2018-12-22 12:00:00,99999.0
2018-12-23 00:00:00,99999.0
2018-12-23 12:00:00,99999.0
2018-12-24 00:00:00,99999.0
2018-12-24 12:00:00,99999.0
2018-12-25 00:00:00,99999.0
2018-12-25 12:00:00,99999.0
2018-12-26 00:00:00,99999.0
2018-12-26 12:00:00,99999.0
2018-12-27 00:00:00,99999.0
2018-12-27 12:00:00,99999.0
2018-12-28 00:00:00,99999.0
2018-12-28 12:00:00,99999.0
2018-12-29 00:00:00,99999.0
2018-12-29 12:00:00,99999.0
2018-12-30 00:00:00,99999.0
2018-12-30 12:00:00,99999.0
2018-12-31 00:00:00,99999.0
2018-12-31 12:00:00,99999.0
2019-01-01 00:00:00,99999.0
2019-01-01 12:00:00,99999.0
2019-01-02 00:00:00,99999.0
2019-01-02 12:00:00,99999.0
2019-01-03 00:00:00,99999.0
2019-01-03 12:00:00,99999.0
2019-01-04 00:00:00,99999.0
2019-01-04 12:00:00,99999.0
2019-01-05 00:00:00,99999.0
2019-01-05 12:00:00,99999.0
2019-01-06 00:00:00,99999.0
2019-01-06 12:00:00,99999.0
2019-01-07 00:00:00,99999.0
2019-01-07 12:00:00,99999.0
2019-01-08 00:00:00,99999.0
2019-01-08 12:00:00,99999.0
2019-01-09 00:00:00,99999.0
2019-01-09 12:00:00,99999.0
2019-01-10 00:00:00,99999.0
2019-01-10 12:00:00,99999.0
2019-01-11 00:00:00,99999.0
2019-01-11 12:00:00,99999.0
2019-01-12 00:00:00,99999.0
2019-01-12 12:00:00,99999.0
2019-01-13 00:00:00,99999.0
2019-01-13 12:00:00,99999.0
2019-01-14 00:00:00,99999.0
2019-01-14 12:00:00,99999.0
2019-01-15 00:00:00,99999.0
2019-01-15 12:00:00,99999.0
2019-01-16 00:00:00,99999.0
2019-01-16 12:00:00,99999.0
2019-01-17 00:00:00,99999.0
2019-01-17 12:00:00,99999.0
2019-01-18 00:00:00,99999.0
2019-01-18 12:00:00,99999.0
2019-01-19 00:00:00,99999.0
2019-01-19 12:00:00,99999.0
2019-01-20 00:00:00,99999.0
2019-01-20 12:00:00,99999.0
2019-01-21 00:00:00,99999.0
2019-01-21 12:00:00,99999.0
2019-01-22 00:00:00,99999.0
2019-01-22 12:00:00,99999.0
2019-01-23 00:00:00,99999.0
2019-01-23 12:00:00,99999.0
2019-01-24 00:00:00,99999.0
2019-01-24 12:00:00,99999.0
2019-01-25 00:00:00,99999.0
2019-01-25 12:00:00,99999.0
2019-01-26 00:00:00,99999.0
2019-01-26 12:00:00,99999.0
2019-01-27 00:00:00,99999.0
2019-01-27 12:00:00,99999.0
2019-01-28 00:00:00,99999.0
2019-01-28 12:00:00,99999.0
2019-01-29 00:00:00,99999.0
2019-01-29 12:00:00,99999.0
2019-01-30 00:00:00,99999.0
2019-01-30 12:00:00,99999.0
2019-01-31 00:00:00,99999.0
2019-01-31 12:00:00,99999.0
2019-02-01 00:00:00,99999.0
2019-02-01 12:00:00,99999.0
2019-02-02 00:00:00,99999.0
2019-02-02 12:00:00,99999.0
2019-02-03 00:00:00,99999.0
2019-02-03 12:00:00,99999.0
2019-02-04 00:00:00,99999.0
2019-02-04 12:00:00,99999.0
2019-02-05 00:00:00,99999.0
2019-02-05 12:00:00,99999.0
2019-02-06 00:00:00,99999.0
2019-02-06 12:00:00,99999.0
2019-02-07 00:00:00,99999.0
2019-02-07 12:00:00,99999.0
2019-02-08 00:00:00,99999.0
2019-02-08 12:00:00,99999.0
2019-02-09 00:00:00,99999.0
2019-02-09 12:00:00,99999.0
2019-02-10 00:00:00,99999.0
2019-02-10 12:00:00,99999.0
2019-02-11 00:00:00,99999.0
2019-02-11 12:00:00,99999.0
2019-02-12 00:00:00,99999.0
2019-02-12 12:00:00,99999.0
2019-02-13 00:00:00,99999.0
2019-02-13 12:00:00,99999.0
2019-02-14 00:00:00,99999.0
2019-02-14 12:00:00,99999.0
2019-02-15 00:00:00,99999.0
2019-02-15 12:00:00,99999.0
2019-02-16 00:00:00,99999.0
2019-02-16 12:00:00,99999.0
2019-02-17 00:00:00,99999.0
2019-02-17 12:00:00,99999.0
2019-02-18 00:00:00,99999.0
2019-02-18 12:00:00,99999.0
2019-02-19 00:00:00,99999.0
2019-02-19 12:00:00,99999.0
2019-02-20 00:00:00,99999.0
2019-02-20 12:00:00,99999.0
2019-02-21 00:00:00,99999.0
2019-02-21 12:00:00,99999.0
2019-02-22 00:00:00,99999.0
2019-02-22 12:00:00,99999.0
2019-02-23 00:00:00,99999.0
2019-02-23 12:00:00,99999.0
2019-02-24 00:00:00,99999.0
2019-02-24 12:00:00,99999.0
2019-02-25 00:00:00,99999.0
2019-02-25 12:00:00,99999.0
2019-02-26 00:00:00,99999.0
2019-02-26 12:00:00,99999.0
2019-02-27 00:00:00,99999.0
2019-02-27 12:00:00,99999.0
2019-02-28 00:00:00,99999.0
2019-02-28 12:00:00,99999.0
2019-03-01 00:00:00,99999.0
2019-03-01 12:00:00,99999.0
2019-03-02 00:00:00,99999.0
2019-03-02 12:00:00,99999.0
2019-03-03 00:00:00,99999.0
2019-03-03 12:00:00,99999.0
2019-03-04 00:00:00,99999.0
2019-03-04 12:00:00,99999.0
2019-03-05 00:00:00,99999.0
2019-03-05 12:00:00,99999.0
2019-03-06 00:00:00,99999.0
2019-03-06 12:00:00,99999.0
2019-03-07 00:00:00,99999.0
2019-03-07 12:00:00,99999.0
2019-03-08 00:00:00,99999.0
2019-03-08 12:00:00,99999.0
2019-03-09 00:00:00,99999.0
2019-03-09 12:00:00,99999.0
2019-03-10 00:00:00,99999.0
2019-03-10 12:00:00,99999.0
2019-03-11 00:00:00,99999.0
2019-03-11 12:00:00,99999.0
2019-03-12 00:00:00,99999.0
2019-03-12 12:00:00,99999.0
2019-03-13 00:00:00,99999.0
2019-03-13 12:00:00,99999.0
2019-03-14 00:00:00,99999.0
2019-03-14 12:00:00,99999.0
2019-03-15 00:00:00,99999.0
2019-03-15 12:00:00,99999.0
2019-03-16 00:00:00,99999.0
2019-03-16 12:00:00,99999.0
2019-03-17 00:00:00,99999.0
2019-03-17 12:00:00,99999.0
2019-03-18 00:00:00,99999.0
2019-03-18 12:00:00,99999.0
2019-03-19 00:00:00,99999.0
2019-03-19 12:00:00,99999.0
2019-03-20 00:00:00,99999.0
2019-03-20 12:00:00,99999.0
2019-03-21 00:00:00,99999.0
2019-03-21 12:00:00,99999.0
2019-03-22 00:00:00,99999.0
2019-03-22 12:00:00,99999.0
2019-03-23 00:00:00,99999.0
2019-03-23 12:00:00,99999.0
2019-03-24 00:00:00,99999.0
2019-03-24 12:00:00,99999.0
2019-03-25 00:00:00,99999.0
2019-03-25 12:00:00,99999.0
2019-03-26 00:00:00,99999.0
2019-03-26 12:00:00,99999.0
2019-03-27 00:00:00,99999.0
2019-03-27 12:00:00,99999.0
2019-03-28 00:00:00,99999.0
2019-03-28 12:00:00,99999.0
2019-03-29 00:00:00,99999.0
2019-03-29 12:00:00,99999.0
2019-03-30 00:00:00,99999.0
2019-03-30 12:00:00,99999.0
2019-03-31 00:00:00,99999.0
2019-03-31 12:00:00,99999.0
2019-04-01 00:00:00,99999.0
2019-04-01 12:00:00,99999.0
2019-04-02 00:00:00,99999.0
2019-04-02 12:00:00,99999.0
2019-04-03 00:00:00,99999.0
2019-04-03 12:00:00,99999.0
2019-04-04 00:00:00,99999.0
2019-04-04 12:00:00,99999.0
2019-04-05 00:00:00,99999.0
2019-04-05 12:00:00,99999.0
2019-04-06 00:00:00,99999.0
2019-04-06 12:00:00,99999.0
2019-04-07 00:00:00,99999.0
2019-04-07 12:00:00,99999.0
2019-04-08 00:00:00,99999.0
2019-04-08 12:00:00,99999.0
2019-04-09 00:00:00,99999.0
2019-04-09 12:00:00,99999.0
2019-04-10 00:00:00,99999.0
2019-04-10 12:00:00,99999.0
2019-04-11 00:00:00,99999.0
2019-04-11 12:00:00,99999.0
2019-04-12 00:00:00,99999.0
2019-04-12 12:00:00,99999.0
2019-04-13 00:00:00,99999.0
2019-04-13 12:00:00,99999.0
2019-04-14 00:00:00,99999.0
2019-04-14 12:00:00,99999.0
2019-04-15 00:00:00,99999.0
2019-04-15 12:00:00,99999.0
2019-04-16 00:00:00,99999.0
2019-04-16 12:00:00,99999.0
2019-04-17 00:00:00,99999.0
2019-04-17 12:00:00,99999.0
2019-04-18 00:00:00,99999.0
2019-04-18 12:00:00,99999.0
2019-04-19 00:00:00,99999.0
2019-04-19 12:00:00,99999.0
2019-04-20 00:00:00,99999.0
2019-04-20 12:00:00,99999.0
2019-04-21 00:00:00,99999.0
2019-04-21 12:00:00,99999.0
2019-04-22 00:00:00,99999.0
2019-04-22 12:00:00,99999.0
2019-04-23 00:00:00,99999.0
2019-04-23 12:00:00,99999.0
2019-04-24 00:00:00,99999.0
2019-04-24 12:00:00,99999.0
2019-04-25 00:00:00,99999.0
2019-04-25 12:00:00,99999.0
2019-04-26 00:00:00,99999.0
2019-04-26 12:00:00,99999.0
2019-04-27 00:00:00,99999.0
2019-04-27 12:00:00,99999.0
2019-04-28 00:00:00,99999.0
2019-04-28 12:00:00,99999.0
2019-04-29 00:00:00,99999.0
2019-04-29 12:00:00,99999.0
2019-04-30 00:00:00,99999.0
2019-04-30 12:00:00,99999.0
2019-05-01 00:00:00,99999.0
2019-05-01 12:00:00,99999.0
2019-05-02 00:00:00,99999.0
2019-05-02 12:00:00,99999.0
2019-05-03 00:00:00,99999.0
2019-05-03 12:00:00,99999.0
2019-05-04 00:00:00,99999.0
2019-05-04 12:00:00,99999.0
2019-05-05 00:00:00,99999.0
2019-05-05 12:00:00,99999.0
2019-05-06 00:00:00,99999.0
2019-05-06 12:00:00,99999.0
2019-05-07 00:00:00,99999.0
2019-05-07 12:00:00,99999.0
2019-05-08 00:00:00,99999.0
2019-05-08 12:00:00,99999.0
2019-05-09 00:00:00,99999.0
2019-05-09 12:00:00,99999.0
2019-05-10 00:00:00,99999.0
2019-05-10 12:00:00,99999.0
2019-05-11 00:00:00,99999.0
2019-05-11 12:00:00,99999.0
2019-05-12 00:00:00,99999.0
2019-05-12 12:00:00,99999.0
2019-05-13 00:00:00,99999.0
2019-05-13 12:00:00,99999.0
2019-05-14 00:00:00,99999.0
2019-05-14 12:00:00,99999.0
2019-05-15 00:00:00,99999.0
2019-05-15 12:00:00,99999.0
2019-05-16 00:00:00,99999.0
2019-05-16 12:00:00,99999.0
2019-05-17 00:00:00,99999.0
2019-05-17 12:00:00,99999.0
2019-05-18 00:00:00,99999.0
2019-05-18 12:00:00,99999.0
2019-05-19 00:00:00,99999.0
2019-05-19 12:00:00,99999.0
2019-05-20 00:00:00,99999.0
2019-05-20 12:00:00,99999.0
2019-05-21 00:00:00,99999.0
2019-05-21 12:00:00,99999.0
2019-05-22 00:00:00,99999.0
2019-05-22 12:00:00,99999.0
2019-05-23 00:00:00,99999.0
2019-05-23 12:00:00,99999.0
2019-05-24 00:00:00,99999.0
2019-05-24 12:00:00,99999.0
2019-05-25 00:00:00,99999.0
2019-05-25 12:00:00,99999.0
2019-05-26 00:00:00,99999.0
2019-05-26 12:00:00,99999.0
2019-05-27 00:00:00,99999.0
2019-05-27 12:00:00,99999.0
2019-05-28 00:00:00,99999.0
2019-05-28 12:00:00,99999.0
2019-05-29 00:00:00,99999.0
2019-05-29 12:00:00,99999.0
2019-05-30 00:00:00,99999.0
2019-05-30 12:00:00,99999.0
2019-05-31 00:00:00,99999.0
2019-05-31 12:00:00,99999.0
2019-06-01 00:00:00,99999.0
2019-06-01 12:00:00,99999.0
2019-06-02 00:00:00,99999.0
2019-06-02 12:00:00,99999.0
2019-06-03 00:00:00,99999.0
2019-06-03 12:00:00,99999.0
2019-06-04 00:00:00,99999.0
2019-06-04 12:00:00,99999.0
2019-06-05 00:00:00,99999.0
2019-06-05 12:00:00,99999.0
2019-06-06 00:00:00,99999.0
2019-06-06 12:00:00,99999.0
2019-06-07 00:00:00,99999.0
2019-06-07 12:00:00,99999.0
2019-06-08 00:00:00,99999.0
2019-06-08 12:00:00,99999.0
2019-06-09 00:00:00,99999.0
2019-06-09 12:00:00,99999.0
2019-06-10 00:00:00,99999.0
2019-06-10 12:00:00,99999.0
2019-06-11 00:00:00,99999.0
2019-06-11 12:00:00,99999.0
2019-06-12 00:00:00,99999.0
2019-06-12 12:00:00,99999.0
2019-06-13 00:00:00,99999.0
2019-06-13 12:00:00,99999.0
2019-06-14 00:00:00,99999.0
2019-06-14 12:00:00,99999.0
2019-06-15 00:00:00,99999.0
2019-06-15 12:00:00,99999.0
2019-06-16 00:00:00,99999.0
2019-06-16 12:00:00,99999.0
2019-06-17 00:00:00,99999.0
2019-06-17 12:00:00,99999.0
2019-06-18 00:00:00,99999.0
2019-06-18 12:00:00,99999.0
2019-06-19 00:00:00,99999.0
2019-06-19 12:00:00,99999.0
2019-06-20 00:00:00,99999.0
2019-06-20 12:00:00,99999.0
2019-06-21 00:00:00,99999.0
2019-06-21 12:00:00,99999.0
2019-06-22 00:00:00,99999.0
2019-06-22 12:00:00,99999.0
2019-06-23 00:00:00,99999.0
2019-06-23 12:00:00,99999.0
2019-06-24 00:00:00,99999.0
2019-06-24 12:00:00,99999.0
2019-06-25 00:00:00,99999.0
2019-06-25 12:00:00,99999.0
2019-06-26 00:00:00,99999.0
2019-06-26 12:00:00,99999.0
2019-06-27 00:00:00,99999.0
2019-06-27 12:00:00,99999.0
2019-06-28 00:00:00,99999.0
2019-06-28 12:00:00,99999.0
2019-06-29 00:00:00,99999.0
2019-06-29 12:00:00,99999.0
2019-06-30 00:00:00,99999.0
2019-06-30 12:00:00,99999.0
2019-07-01 00:00:00,99999.0
2019-07-01 12:00:00,99999.0
2019-07-02 00:00:00,99999.0
2019-07-02 12:00:00,99999.0
2019-07-03 00:00:00,99999.0
2019-07-03 12:00:00,99999.0
2019-07-04 00:00:00,99999.0
2019-07-04 12:00:00,99999.0
2019-07-05 00:00:00,99999.0
2019-07-05 12:00:00,99999.0
2019-07-06 00:00:00,99999.0
2019-07-06 12:00:00,99999.0
2019-07-07 00:00:00,99999.0
2019-07-07 12:00:00,99999.0
2019-07-08 00:00:00,99999.0
2019-07-08 12:00:00,99999.0
2019-07-09 00:00:00,99999.0
2019-07-09 12:00:00,99999.0
2019-07-10 00:00:00,99999.0
2019-07-10 12:00:00,99999.0
2019-07-11 00:00:00,99999.0
2019-07-11 12:00:00,99999.0
2019-07-12 00:00:00,99999.0
2019-07-12 12:00:00,99999.0
2019-07-13 00:00:00,99999.0
2019-07-13 12:00:00,99999.0
2019-07-14 00:00:00,99999.0
2019-07-14 12:00:00,99999.0
2019-07-15 00:00:00,99999.0
2019-07-15 12:00:00,99999.0
2019-07-16 00:00:00,99999.0
2019-07-16 12:00:00,99999.0
2019-07-17 00:00:00,99999.0
2019-07-17 12:00:00,99999.0
2019-07-18 00:00:00,99999.0
2019-07-18 12:00:00,99999.0
2019-07-19 00:00:00,99999.0
2019-07-19 12:00:00,99999.0
2019-07-20 00:00:00,99999.0
2019-07-20 12:00:00,99999.0
2019-07-21 00:00:00,99999.0
2019-07-21 12:00:00,99999.0
2019-07-22 00:00:00,99999.0
2019-07-22 12:00:00,99999.0
2019-07-23 00:00:00,99999.0
2019-07-23 12:00:00,99999.0
2019-07-24 00:00:00,99999.0
2019-07-24 12:00:00,99999.0
2019-07-25 00:00:00,99999.0
2019-07-25 12:00:00,99999.0
2019-07-26 00:00:00,99999.0
2019-07-26 12:00:00,99999.0
2019-07-27 00:00:00,99999.0
2019-07-27 12:00:00,99999.0
2019-07-28 00:00:00,99999.0
2019-07-28 12:00:00,99999.0
2019-07-29 00:00:00,99999.0
2019-07-29 12:00:00,99999.0
2019-07-30 00:00:00,99999.0
2019-07-30 12:00:00,25053.974
2019-07-31 00:00:00,72.239
2019-07-31 12:00:00,72.103
2019-08-01 00:00:00,75.914
2019-08-01 12:00:00,22.366
2019-08-02 00:00:00,50.458
2019-08-02 12:00:00,74.718
2019-08-03 00:00:00,74.666
2019-08-03 12:00:00,72.889
2019-08-04 00:00:00,45039.965
2019-08-04 12:00:00,99999.0
2019-08-05 00:00:00,99999.0
2019-08-05 12:00:00,99999.0
2019-08-06 00:00:00,99999.0
2019-08-06 12:00:00,99999.0
2019-08-07 00:00:00,99999.0
2019-08-07 12:00:00,99999.0
2019-08-08 00:00:00,99999.0
2019-08-08 12:00:00,99999.0
2019-08-09 00:00:00,99999.0
2019-08-09 12:00:00,99999.0
2019-08-10 00:00:00,99999.0
2019-08-10 12:00:00,99999.0
2019-08-11 00:00:00,99999.0
2019-08-11 12:00:00,99999.0
2019-08-12 00:00:00,99999.0
2019-08-12 12:00:00,99999.0
2019-08-13 00:00:00,99999.0
2019-08-13 12:00:00,99999.0
2019-08-14 00:00:00,99999.0
2019-08-14 12:00:00,99999.0
2019-08-15 00:00:00,99999.0
2019-08-15 12:00:00,99999.0
2019-08-16 00:00:00,99999.0
2019-08-16 12:00:00,99999.0
2019-08-17 00:00:00,99999.0
2019-08-17 12:00:00,99999.0
2019-08-18 00:00:00,99999.0
2019-08-18 12:00:00,99999.0
2019-08-19 00:00:00,99999.0
2019-08-19 12:00:00,99999.0
2019-08-20 00:00:00,99999.0
2019-08-20 12:00:00,99999.0
2019-08-21 00:00:00,99999.0
2019-08-21 12:00:00,99999.0
2019-08-22 00:00:00,99999.0
2019-08-22 12:00:00,80007.284
2019-08-23 00:00:00,40.2
2019-08-23 12:00:00,40.713
2019-08-24 00:00:00,39.212
2019-08-24 12:00:00,39.098
2019-08-25 00:00:00,38.652
2019-08-25 12:00:00,40.351
2019-08-26 00:00:00,40.769
2019-08-26 12:00:00,41.216
2019-08-27 00:00:00,43.204
2019-08-27 12:00:00,42.3
2019-08-28 00:00:00,41.204
2019-08-28 12:00:00,38.828
2019-08-29 00:00:00,36.241
2019-08-29 12:00:00,35.442
2019-08-30 00:00:00,34.218
2019-08-30 12:00:00,33.241
2019-08-31 00:00:00,34.275
2019-08-31 12:00:00,36.258
2019-09-01 00:00:00,40.359
2019-09-01 12:00:00,42.816
2019-09-02 00:00:00,44.173
2019-09-02 12:00:00,45.468
2019-09-03 00:00:00,42.242
2019-09-03 12:00:00,39.213
2019-09-04 00:00:00,35.663
2019-09-04 12:00:00,34.336
2019-09-05 00:00:00,33.965
2019-09-05 12:00:00,34.712
2019-09-06 00:00:00,34.723
2019-09-06 12:00:00,36.541
2019-09-07 00:00:00,39.552
2019-09-07 12:00:00,42.962
2019-09-08 00:00:00,43.872
2019-09-08 12:00:00,44.343
2019-09-09 00:00:00,44.164
2019-09-09 12:00:00,41.026
2019-09-10 00:00:00,39.981
2019-09-10 12:00:00,38.116
2019-09-11 00:00:00,5034.869
2019-09-11 12:00:00,39.347
2019-09-12 00:00:00,40.817
2019-09-12 12:00:00,41.867
2019-09-13 00:00:00,5040.704
2019-09-13 12:00:00,43.809
2019-09-14 00:00:00,45.149
2019-09-14 12:00:00,45.089
2019-09-15 00:00:00,44.009
2019-09-15 12:00:00,5041.056
2019-09-16 00:00:00,15036.327
2019-09-16 12:00:00,10037.033
2019-09-17 00:00:00,41.093
2019-09-17 12:00:00,5038.483
2019-09-18 00:00:00,41.182
2019-09-18 12:00:00,41.059
2019-09-19 00:00:00,41.469
2019-09-19 12:00:00,42.623
2019-09-20 00:00:00,45.202
2019-09-20 12:00:00,45.466
2019-09-21 00:00:00,44.692
2019-09-21 12:00:00,43.579
2019-09-22 00:00:00,5040.214
2019-09-22 12:00:00,41.387
2019-09-23 00:00:00,41.591
2019-09-23 12:00:00,41.953
2019-09-24 00:00:00,42.906
2019-09-24 12:00:00,42.876
2019-09-25 00:00:00,43.687
2019-09-25 12:00:00,44.537
2019-09-26 00:00:00,46.691
2019-09-26 12:00:00,46.091
2019-09-27 00:00:00,46.515
2019-09-27 12:00:00,46.721
2019-09-28 00:00:00,44.307
2019-09-28 12:00:00,20034.847
2019-09-29 00:00:00,10037.842
2019-09-29 12:00:00,5040.494
2019-09-30 00:00:00,43.99
2019-09-30 12:00:00,45.619
2019-10-01 00:00:00,45.718
2019-10-01 12:00:00,45.947
2019-10-02 00:00:00,48.353
2019-10-02 12:00:00,48.188
2019-10-03 00:00:00,48.761
2019-10-03 12:00:00,25036.867
2019-10-04 00:00:00,10043.213
2019-10-04 12:00:00,5043.334
2019-10-05 00:00:00,44.697
2019-10-05 12:00:00,45.038
2019-10-06 00:00:00,46.256
2019-10-06 12:00:00,5043.928
2019-10-07 00:00:00,45.878
2019-10-07 12:00:00,48.414
2019-10-08 00:00:00,50.48
2019-10-08 12:00:00,49.379
2019-10-09 00:00:00,48.068
2019-10-09 12:00:00,45.323
2019-10-10 00:00:00,5042.743
2019-10-10 12:00:00,10037.779
2019-10-11 00:00:00,41.373
2019-10-11 12:00:00,42.982
2019-10-12 00:00:00,42.638
2019-10-12 12:00:00,42.202
2019-10-13 00:00:00,42.362
2019-10-13 12:00:00,43.56
2019-10-14 00:00:00,45.102
2019-10-14 12:00:00,42.102
2019-10-15 00:00:00,39.788
2019-10-15 12:00:00,35.331
2019-10-16 00:00:00,30.611
2019-10-16 12:00:00,15024.544
2019-10-17 00:00:00,15023.796
2019-10-17 12:00:00,34.184
2019-10-18 00:00:00,30.593
2019-10-18 12:00:00,28.685
2019-10-19 00:00:00,30.912
2019-10-19 12:00:00,33.223
2019-10-20 00:00:00,26.542
2019-10-20 12:00:00,60.598
2019-10-21 00:00:00,69.026
2019-10-21 12:00:00,72.886
2019-10-22 00:00:00,66.62
2019-10-22 12:00:00,30.955
2019-10-23 00:00:00,27.858
2019-10-23 12:00:00,5028.459
2019-10-24 00:00:00,31.613
2019-10-24 12:00:00,29.936
2019-10-25 00:00:00,27.464
2019-10-25 12:00:00,22.293
2019-10-26 00:00:00,44.353
2019-10-26 12:00:00,72.747
2019-10-27 00:00:00,74.545
2019-10-27 12:00:00,73.912
2019-10-28 00:00:00,73.221
2019-10-28 12:00:00,75.331
2019-10-29 00:00:00,76.771
2019-10-29 12:00:00,77.526
2019-10-30 00:00:00,50.443
2019-10-30 12:00:00,23.441
2019-10-31 00:00:00,22.133
2019-10-31 12:00:00,31.724
2019-11-01 00:00:00,52.64
2019-11-01 12:00:00,56.802
2019-11-02 00:00:00,56.615
2019-11-02 12:00:00,44.933
2019-11-03 00:00:00,40.82
2019-11-03 12:00:00,40.451
2019-11-04 00:00:00,42.953
2019-11-04 12:00:00,45.258
2019-11-05 00:00:00,46.761
2019-11-05 12:00:00,47.719
2019-11-06 00:00:00,48.351
2019-11-06 12:00:00,48.839
2019-11-07 00:00:00,49.313
2019-11-07 12:00:00,48.797
2019-11-08 00:00:00,48.035
2019-11-08 12:00:00,5044.467
2019-11-09 00:00:00,44.892
2019-11-09 12:00:00,44.011
2019-11-10 00:00:00,42.534
2019-11-10 12:00:00,41.507
2019-11-11 00:00:00,41.781
2019-11-11 12:00:00,41.798
2019-11-12 00:00:00,41.949
2019-11-12 12:00:00,43.842
2019-11-13 00:00:00,43.681
2019-11-13 12:00:00,42.491
2019-11-14 00:00:00,41.224
2019-11-14 12:00:00,5039.709
2019-11-15 00:00:00,39.117
2019-11-15 12:00:00,5034.357
2019-11-16 00:00:00,39.216
2019-11-16 12:00:00,15024.098
2019-11-17 00:00:00,5034.952
2019-11-17 12:00:00,38.572
2019-11-18 00:00:00,38.505
2019-11-18 12:00:00,34.0
2019-11-19 00:00:00,26.707
2019-11-19 12:00:00,30.355
2019-11-20 00:00:00,27.917
2019-11-20 12:00:00,31.958
2019-11-21 00:00:00,41.204
2019-11-21 12:00:00,26.389
2019-11-22 00:00:00,28.642
2019-11-22 12:00:00,31.752
2019-11-23 00:00:00,33.327
2019-11-23 12:00:00,35.778
2019-11-24 00:00:00,34.242
2019-11-24 12:00:00,36.038
2019-11-25 00:00:00,34.561
2019-11-25 12:00:00,46.17
2019-11-26 00:00:00,65.993
2019-11-26 12:00:00,25.636
2019-11-27 00:00:00,28.97
2019-11-27 12:00:00,29.829
2019-11-28 00:00:00,32.827
2019-11-28 12:00:00,33.696
2019-11-29 00:00:00,33.573
2019-11-29 12:00:00,32.508
2019-11-30 00:00:00,33.539
2019-11-30 12:00:00,32.77
2019-12-01 00:00:00,32.7
2019-12-01 12:00:00,39.05
2019-12-02 00:00:00,40.172
2019-12-02 12:00:00,37.326
2019-12-03 00:00:00,34.624
2019-12-03 12:00:00,33.786
2019-12-04 00:00:00,30.565
2019-12-04 12:00:00,26.243
2019-12-05 00:00:00,28.746
2019-12-05 12:00:00,30.316
2019-12-06 00:00:00,32.589
2019-12-06 12:00:00,33.667
2019-12-07 00:00:00,31.181
2019-12-07 12:00:00,42.835
2019-12-08 00:00:00,67.687
2019-12-08 12:00:00,73.753
2019-12-09 00:00:00,34.933
2019-12-09 12:00:00,23.922
2019-12-10 00:00:00,29.677
2019-12-10 12:00:00,33.051
2019-12-11 00:00:00,37.013
2019-12-11 12:00:00,43.336
2019-12-12 00:00:00,48.139
2019-12-12 12:00:00,51.027
2019-12-13 00:00:00,50.13
2019-12-13 12:00:00,50.444
2019-12-14 00:00:00,49.316
2019-12-14 12:00:00,49.159
2019-12-15 00:00:00,47.633
2019-12-15 12:00:00,45.021
2019-12-16 00:00:00,44.778
2019-12-16 12:00:00,45.089
2019-12-17 00:00:00,45.969
2019-12-17 12:00:00,46.29
2019-12-18 00:00:00,46.312
2019-12-18 12:00:00,47.823
2019-12-19 00:00:00,48.595
2019-12-19 12:00:00,47.953
2019-12-20 00:00:00,46.825
2019-12-20 12:00:00,45.708
2019-12-21 00:00:00,5042.443
2019-12-21 12:00:00,44.233
2019-12-22 00:00:00,42.869
2019-12-22 12:00:00,43.974
2019-12-23 00:00:00,44.071
2019-12-23 12:00:00,44.916
2019-12-24 00:00:00,46.537
2019-12-24 12:00:00,47.702
2019-12-25 00:00:00,47.674
2019-12-25 12:00:00,46.499
2019-12-26 00:00:00,45.513
2019-12-26 12:00:00,5041.339
2019-12-27 00:00:00,42.262
2019-12-27 12:00:00,42.061
2019-12-28 00:00:00,40.421
2019-12-28 12:00:00,41.259
2019-12-29 00:00:00,42.411
2019-12-29 12:00:00,43.008
2019-12-30 00:00:00,42.129
2019-12-30 12:00:00,20034.699
2019-12-31 00:00:00,5042.317
2019-12-31 12:00:00,44.019
2020-01-01 00:00:00,44.831
2020-01-01 12:00:00,44.635
2020-01-02 00:00:00,41.562
2020-01-02 12:00:00,38.938
2020-01-03 00:00:00,39.536
2020-01-03 12:00:00,39.758
2020-01-04 00:00:00,40.754
2020-01-04 12:00:00,42.806
2020-01-05 00:00:00,43.087
2020-01-05 12:00:00,44.52
2020-01-06 00:00:00,44.883
2020-01-06 12:00:00,45.96
2020-01-07 00:00:00,45.778
2020-01-07 12:00:00,45.112
2020-01-08 00:00:00,43.605
2020-01-08 12:00:00,41.638
2020-01-09 00:00:00,41.719
2020-01-09 12:00:00,42.834
2020-01-10 00:00:00,42.908
2020-01-10 12:00:00,43.818
2020-01-11 00:00:00,45.844
2020-01-11 12:00:00,47.551
2020-01-12 00:00:00,46.555
2020-01-12 12:00:00,46.74
2020-01-13 00:00:00,46.107
2020-01-13 12:00:00,44.644
2020-01-14 00:00:00,43.844
2020-01-14 12:00:00,42.519
2020-01-15 00:00:00,41.675
2020-01-15 12:00:00,42.229
2020-01-16 00:00:00,42.641
2020-01-16 12:00:00,42.543
2020-01-17 00:00:00,42.759
2020-01-17 12:00:00,43.887
2020-01-18 00:00:00,45.153
2020-01-18 12:00:00,45.46
2020-01-19 00:00:00,45.868
2020-01-19 12:00:00,43.265
2020-01-20 00:00:00,37.845
2020-01-20 12:00:00,38.625
2020-01-21 00:00:00,37.953
2020-01-21 12:00:00,39.638
2020-01-22 00:00:00,39.541
2020-01-22 12:00:00,40.577
2020-01-23 00:00:00,41.319
2020-01-23 12:00:00,41.926
2020-01-24 00:00:00,42.679
2020-01-24 12:00:00,41.373
2020-01-25 00:00:00,41.686
2020-01-25 12:00:00,39.925
2020-01-26 00:00:00,31.916
2020-01-26 12:00:00,36.608
2020-01-27 00:00:00,35.755
2020-01-27 12:00:00,37.327
2020-01-28 00:00:00,37.349
2020-01-28 12:00:00,37.403
2020-01-29 00:00:00,40.394
2020-01-29 12:00:00,43.24
2020-01-30 00:00:00,43.375
2020-01-30 12:00:00,43.534
2020-01-31 00:00:00,52.671
2020-01-31 12:00:00,41.513
2020-02-01 00:00:00,30.91
2020-02-01 12:00:00,31.75
2020-02-02 00:00:00,35.413
2020-02-02 12:00:00,40.276
2020-02-03 00:00:00,42.118
2020-02-03 12:00:00,43.646
2020-02-04 00:00:00,44.986
2020-02-04 12:00:00,45.223
2020-02-05 00:00:00,51.233
2020-02-05 12:00:00,53.189
2020-02-06 00:00:00,62.625
2020-02-06 12:00:00,37.471
2020-02-07 00:00:00,30.845
2020-02-07 12:00:00,32.826
2020-02-08 00:00:00,36.595
2020-02-08 12:00:00,40.732
2020-02-09 00:00:00,39.641
2020-02-09 12:00:00,42.104
2020-02-10 00:00:00,42.842
2020-02-10 12:00:00,46.374
2020-02-11 00:00:00,51.602
2020-02-11 12:00:00,54.237
2020-02-12 00:00:00,49.521
2020-02-12 12:00:00,43.401
2020-02-13 00:00:00,43.116
2020-02-13 12:00:00,15031.294
2020-02-14 00:00:00,39.574
2020-02-14 12:00:00,42.663
2020-02-15 00:00:00,45.441
2020-02-15 12:00:00,45.179
2020-02-16 00:00:00,45.85
2020-02-16 12:00:00,48.761
2020-02-17 00:00:00,51.326
2020-02-17 12:00:00,50.273
2020-02-18 00:00:00,46.513
2020-02-18 12:00:00,42.604
2020-02-19 00:00:00,40.93
2020-02-19 12:00:00,38.803
2020-02-20 00:00:00,40.275
2020-02-20 12:00:00,38.684
2020-02-21 00:00:00,40.242
2020-02-21 12:00:00,42.097
2020-02-22 00:00:00,43.664
2020-02-22 12:00:00,44.823
2020-02-23 00:00:00,45.226
2020-02-23 12:00:00,43.395
2020-02-24 00:00:00,43.982
2020-02-24 12:00:00,43.092
2020-02-25 00:00:00,42.226
2020-02-25 12:00:00,41.161
2020-02-26 00:00:00,41.206
2020-02-26 12:00:00,41.711
2020-02-27 00:00:00,42.295
2020-02-27 12:00:00,42.178
2020-02-28 00:00:00,43.07
2020-02-28 12:00:00,44.082
2020-02-29 00:00:00,43.553
2020-02-29 12:00:00,43.792
2020-03-01 00:00:00,42.657
2020-03-01 12:00:00,42.143
2020-03-02 00:00:00,41.925
2020-03-02 12:00:00,40.236
2020-03-03 00:00:00,39.561
2020-03-03 12:00:00,39.706
2020-03-04 00:00:00,40.198
2020-03-04 12:00:00,40.891
2020-03-05 00:00:00,41.603
2020-03-05 12:00:00,41.17
2020-03-06 00:00:00,43.241
2020-03-06 12:00:00,42.079
2020-03-07 00:00:00,37.866
2020-03-07 12:00:00,36.238
2020-03-08 00:00:00,35.463
2020-03-08 12:00:00,37.119
2020-03-09 00:00:00,36.951
2020-03-09 12:00:00,37.252
2020-03-10 00:00:00,37.863
2020-03-10 12:00:00,39.051
2020-03-11 00:00:00,41.928
2020-03-11 12:00:00,42.574
2020-03-12 00:00:00,45.039
2020-03-12 12:00:00,43.374
2020-03-13 00:00:00,44.274
2020-03-13 12:00:00,40.955
2020-03-14 00:00:00,36.654
2020-03-14 12:00:00,34.233
2020-03-15 00:00:00,35.889
2020-03-15 12:00:00,38.245
2020-03-16 00:00:00,38.55
2020-03-16 12:00:00,38.201
2020-03-17 00:00:00,39.952
2020-03-17 12:00:00,43.485
2020-03-18 00:00:00,46.179
2020-03-18 12:00:00,51.471
2020-03-19 00:00:00,54.375
2020-03-19 12:00:00,43.842
2020-03-20 00:00:00,31.496
2020-03-20 12:00:00,33.677
2020-03-21 00:00:00,35.834
2020-03-21 12:00:00,36.679
2020-03-22 00:00:00,36.77
2020-03-22 12:00:00,28.121
2020-03-23 00:00:00,40.459
2020-03-23 12:00:00,28.796
2020-03-24 00:00:00,43.621
2020-03-24 12:00:00,54.674
2020-03-25 00:00:00,68.889
2020-03-25 12:00:00,54.151
2020-03-26 00:00:00,23.006
2020-03-26 12:00:00,27.824
2020-03-27 00:00:00,32.109
2020-03-27 12:00:00,29.857
2020-03-28 00:00:00,31.634
2020-03-28 12:00:00,34.799
2020-03-29 00:00:00,15035.479
2020-03-29 12:00:00,44.871
2020-03-30 00:00:00,47.765
2020-03-30 12:00:00,50.825
2020-03-31 00:00:00,45.074
2020-03-31 12:00:00,38.803
2020-04-01 00:00:00,40.161
2020-04-01 12:00:00,33.414
2020-04-02 00:00:00,34.707
2020-04-02 12:00:00,37.558
2020-04-03 00:00:00,38.132
2020-04-03 12:00:00,41.19
2020-04-04 00:00:00,43.915
2020-04-04 12:00:00,45.709
2020-04-05 00:00:00,46.148
2020-04-05 12:00:00,44.256
2020-04-06 00:00:00,39.023
2020-04-06 12:00:00,42.122
2020-04-07 00:00:00,36.531
2020-04-07 12:00:00,35.37
2020-04-08 00:00:00,37.596
2020-04-08 12:00:00,39.326
2020-04-09 00:00:00,39.429
2020-04-09 12:00:00,39.182
2020-04-10 00:00:00,37.951
2020-04-10 12:00:00,41.701
2020-04-11 00:00:00,44.429
2020-04-11 12:00:00,43.054
2020-04-12 00:00:00,41.88
2020-04-12 12:00:00,40.891
2020-04-13 00:00:00,37.888
2020-04-13 12:00:00,38.988
2020-04-14 00:00:00,38.772
2020-04-14 12:00:00,39.204
2020-04-15 00:00:00,40.033
2020-04-15 12:00:00,41.432
2020-04-16 00:00:00,45.505
2020-04-16 12:00:00,47.547
2020-04-17 00:00:00,47.817
2020-04-17 12:00:00,47.344
2020-04-18 00:00:00,45.308
2020-04-18 12:00:00,45.426
2020-04-19 00:00:00,39.389
2020-04-19 12:00:00,38.578
2020-04-20 00:00:00,38.672
2020-04-20 12:00:00,38.738
2020-04-21 00:00:00,39.929
2020-04-21 12:00:00,42.487
2020-04-22 00:00:00,44.928
2020-04-22 12:00:00,47.015
2020-04-23 00:00:00,49.489
2020-04-23 12:00:00,50.018
2020-04-24 00:00:00,46.986
2020-04-24 12:00:00,44.906
2020-04-25 00:00:00,41.071
2020-04-25 12:00:00,38.716
2020-04-26 00:00:00,40.185
2020-04-26 12:00:00,40.421
2020-04-27 00:00:00,41.313
2020-04-27 12:00:00,43.194
2020-04-28 00:00:00,45.681
2020-04-28 12:00:00,46.778
2020-04-29 00:00:00,48.638
2020-04-29 12:00:00,48.822
2020-04-30 00:00:00,47.628
2020-04-30 12:00:00,46.302
2020-05-01 00:00:00,45.082
2020-05-01 12:00:00,44.012
2020-05-02 00:00:00,44.576
2020-05-02 12:00:00,44.42
2020-05-03 00:00:00,45.232
2020-05-03 12:00:00,45.841
2020-05-04 00:00:00,46.711
2020-05-04 12:00:00,47.146
2020-05-05 00:00:00,49.155
2020-05-05 12:00:00,49.844
2020-05-06 00:00:00,49.287
2020-05-06 12:00:00,50.255
2020-05-07 00:00:00,48.503
2020-05-07 12:00:00,46.25
2020-05-08 00:00:00,46.464
2020-05-08 12:00:00,46.483
2020-05-09 00:00:00,45.178
2020-05-09 12:00:00,45.737
2020-05-10 00:00:00,46.545
2020-05-10 12:00:00,48.597
2020-05-11 00:00:00,49.816
2020-05-11 12:00:00,48.219
2020-05-12 00:00:00,47.658
2020-05-12 12:00:00,15040.417
2020-05-13 00:00:00,46.074
2020-05-13 12:00:00,44.143
2020-05-14 00:00:00,43.441
2020-05-14 12:00:00,43.814
2020-05-15 00:00:00,43.056
2020-05-15 12:00:00,42.35
2020-05-16 00:00:00,43.536
2020-05-16 12:00:00,43.47
2020-05-17 00:00:00,43.492
2020-05-17 12:00:00,42.569
2020-05-18 00:00:00,5039.259
2020-05-18 12:00:00,40.524
2020-05-19 00:00:00,38.902
2020-05-19 12:00:00,39.001
2020-05-20 00:00:00,39.51
2020-05-20 12:00:00,41.458
2020-05-21 00:00:00,42.884
2020-05-21 12:00:00,41.809
2020-05-22 00:00:00,39.224
2020-05-22 12:00:00,44.647
2020-05-23 00:00:00,46.415
2020-05-23 12:00:00,45.274
2020-05-24 00:00:00,43.856
2020-05-24 12:00:00,41.534
2020-05-25 00:00:00,37.742
2020-05-25 12:00:00,39.061
2020-05-26 00:00:00,40.162
2020-05-26 12:00:00,41.526
2020-05-27 00:00:00,40.892
2020-05-27 12:00:00,39.906
2020-05-28 00:00:00,42.638
2020-05-28 12:00:00,45.17
2020-05-29 00:00:00,46.089
2020-05-29 12:00:00,44.273
2020-05-30 00:00:00,42.127
2020-05-30 12:00:00,41.295
2020-05-31 00:00:00,41.328
2020-05-31 12:00:00,39.744
2020-06-01 00:00:00,38.826
2020-06-01 12:00:00,40.419
2020-06-02 00:00:00,41.671
2020-06-02 12:00:00,42.928
2020-06-03 00:00:00,42.395
2020-06-03 12:00:00,44.264
2020-06-04 00:00:00,46.223
2020-06-04 12:00:00,46.007
2020-06-05 00:00:00,47.194
2020-06-05 12:00:00,45.028
2020-06-06 00:00:00,40.909
2020-06-06 12:00:00,37.755
2020-06-07 00:00:00,38.685
2020-06-07 12:00:00,40.137
2020-06-08 00:00:00,40.892
2020-06-08 12:00:00,43.211
2020-06-09 00:00:00,43.824
2020-06-09 12:00:00,46.746
2020-06-10 00:00:00,47.859
2020-06-10 12:00:00,47.038
2020-06-11 00:00:00,45.745
2020-06-11 12:00:00,44.142
2020-06-12 00:00:00,39.791
2020-06-12 12:00:00,37.698
2020-06-13 00:00:00,39.453
2020-06-13 12:00:00,40.081
2020-06-14 00:00:00,40.713
2020-06-14 12:00:00,42.333
2020-06-15 00:00:00,42.983
2020-06-15 12:00:00,46.734
2020-06-16 00:00:00,47.514
2020-06-16 12:00:00,47.812
2020-06-17 00:00:00,46.279
2020-06-17 12:00:00,40.71
2020-06-18 00:00:00,32.078
2020-06-18 12:00:00,34.011
2020-06-19 00:00:00,35.779
2020-06-19 12:00:00,36.061
2020-06-20 00:00:00,36.807
2020-06-20 12:00:00,40.622
2020-06-21 00:00:00,39.27
2020-06-21 12:00:00,37.524
2020-06-22 00:00:00,41.239
2020-06-22 12:00:00,47.296
2020-06-23 00:00:00,48.174
2020-06-23 12:00:00,34.471
2020-06-24 00:00:00,33.192
2020-06-24 12:00:00,30.158
2020-06-25 00:00:00,32.269
2020-06-25 12:00:00,34.538
2020-06-26 00:00:00,5031.722
2020-06-26 12:00:00,15026.565
2020-06-27 00:00:00,32.103
2020-06-27 12:00:00,31.828
2020-06-28 00:00:00,19.678
2020-06-28 12:00:00,22.535
2020-06-29 00:00:00,21.438
2020-06-29 12:00:00,23.215
2020-06-30 00:00:00,26.761
2020-06-30 12:00:00,29.695
2020-07-01 00:00:00,29.068
2020-07-01 12:00:00,32.581
2020-07-02 00:00:00,32.272
2020-07-02 12:00:00,32.746
2020-07-03 00:00:00,35.376
2020-07-03 12:00:00,37.52
2020-07-04 00:00:00,39.362
2020-07-04 12:00:00,44.33
2020-07-05 00:00:00,49.316
2020-07-05 12:00:00,39.989
2020-07-06 00:00:00,34.842
2020-07-06 12:00:00,34.203
2020-07-07 00:00:00,34.818
2020-07-07 12:00:00,38.243
2020-07-08 00:00:00,36.839
2020-07-08 12:00:00,31.478
2020-07-09 00:00:00,34.405
2020-07-09 12:00:00,38.192
2020-07-10 00:00:00,42.615
2020-07-10 12:00:00,45.602
2020-07-11 00:00:00,49.576
2020-07-11 12:00:00,54.25
2020-07-12 00:00:00,49.444
2020-07-12 12:00:00,23.541
2020-07-13 00:00:00,25.164
2020-07-13 12:00:00,27.853
2020-07-14 00:00:00,33.982
2020-07-14 12:00:00,37.422
2020-07-15 00:00:00,42.03
2020-07-15 12:00:00,46.527
2020-07-16 00:00:00,56.847
2020-07-16 12:00:00,64.737
2020-07-17 00:00:00,29.109
2020-07-17 12:00:00,28.116
2020-07-18 00:00:00,35.067
2020-07-18 12:00:00,37.89
2020-07-19 00:00:00,39.175
2020-07-19 12:00:00,40.266
2020-07-20 00:00:00,41.241
2020-07-20 12:00:00,43.396
2020-07-21 00:00:00,43.813
2020-07-21 12:00:00,46.962
2020-07-22 00:00:00,47.201
2020-07-22 12:00:00,43.57
2020-07-23 00:00:00,42.699
2020-07-23 12:00:00,43.854
2020-07-24 00:00:00,45.052
2020-07-24 12:00:00,43.417
2020-07-25 00:00:00,43.149
2020-07-25 12:00:00,43.518
2020-07-26 00:00:00,43.866
2020-07-26 12:00:00,44.692
2020-07-27 00:00:00,45.239
2020-07-27 12:00:00,46.831
2020-07-28 00:00:00,46.811
2020-07-28 12:00:00,45.843
2020-07-29 00:00:00,45.052
2020-07-29 12:00:00,44.921
2020-07-30 00:00:00,45.473
2020-07-30 12:00:00,43.763
2020-07-31 00:00:00,43.331
2020-07-31 12:00:00,44.245
2020-08-01 00:00:00,43.983
2020-08-01 12:00:00,44.077
2020-08-02 00:00:00,45.387
2020-08-02 12:00:00,46.237
2020-08-03 00:00:00,46.426
2020-08-03 12:00:00,47.051
2020-08-04 00:00:00,46.692
2020-08-04 12:00:00,45.93
2020-08-05 00:00:00,42.638
2020-08-05 12:00:00,37.731
2020-08-06 00:00:00,37.55
2020-08-06 12:00:00,40.352
2020-08-07 00:00:00,40.852
2020-08-07 12:00:00,42.706
2020-08-08 00:00:00,44.145
2020-08-08 12:00:00,42.418
2020-08-09 00:00:00,42.9
2020-08-09 12:00:00,45.094
2020-08-10 00:00:00,15038.156
2020-08-10 12:00:00,40.401
2020-08-11 00:00:00,36.104
2020-08-11 12:00:00,36.184
2020-08-12 00:00:00,35.638
2020-08-12 12:00:00,32.962
2020-08-13 00:00:00,32.793
2020-08-13 12:00:00,33.624
2020-08-14 00:00:00,36.461
2020-08-14 12:00:00,38.028
2020-08-15 00:00:00,49.687
2020-08-15 12:00:00,43.122
2020-08-16 00:00:00,62.178
2020-08-16 12:00:00,20.611
2020-08-17 00:00:00,25.783
2020-08-17 12:00:00,25.476
2020-08-18 00:00:00,29.983
2020-08-18 12:00:00,33.076
2020-08-19 00:00:00,33.889
2020-08-19 12:00:00,37.052
2020-08-20 00:00:00,40.74
2020-08-20 12:00:00,42.746
2020-08-21 00:00:00,41.155
2020-08-21 12:00:00,38.055
2020-08-22 00:00:00,44.813
2020-08-22 12:00:00,23.786
2020-08-23 00:00:00,27.806
2020-08-23 12:00:00,33.328
2020-08-24 00:00:00,35.223
2020-08-24 12:00:00,44.4
2020-08-25 00:00:00,46.927
2020-08-25 12:00:00,51.303
2020-08-26 00:00:00,45.218
2020-08-26 12:00:00,34.254
2020-08-27 00:00:00,40.48
2020-08-27 12:00:00,43.226
2020-08-28 00:00:00,50.205
2020-08-28 12:00:00,43.623
2020-08-29 00:00:00,41.58
2020-08-29 12:00:00,39.552
2020-08-30 00:00:00,38.346
2020-08-30 12:00:00,38.857
2020-08-31 00:00:00,40.186
2020-08-31 12:00:00,42.014
2020-09-01 00:00:00,43.117
2020-09-01 12:00:00,45.747
2020-09-02 00:00:00,47.368
2020-09-02 12:00:00,47.783
2020-09-03 00:00:00,46.384
2020-09-03 12:00:00,46.224
2020-09-04 00:00:00,43.578
2020-09-04 12:00:00,41.965
2020-09-05 00:00:00,41.841
2020-09-05 12:00:00,43.358
2020-09-06 00:00:00,44.621
2020-09-06 12:00:00,45.227
2020-09-07 00:00:00,45.576
2020-09-07 12:00:00,46.351
2020-09-08 00:00:00,48.557
2020-09-08 12:00:00,48.982
2020-09-09 00:00:00,48.312
2020-09-09 12:00:00,48.067
2020-09-10 00:00:00,46.519
2020-09-10 12:00:00,43.593
2020-09-11 00:00:00,42.947
2020-09-11 12:00:00,43.371
2020-09-12 00:00:00,44.639
2020-09-12 12:00:00,44.079
2020-09-13 00:00:00,45.165
2020-09-13 12:00:00,47.685
2020-09-14 00:00:00,49.542
2020-09-14 12:00:00,49.778
2020-09-15 00:00:00,49.031
2020-09-15 12:00:00,47.289
2020-09-16 00:00:00,44.621
2020-09-16 12:00:00,43.295
2020-09-17 00:00:00,43.35
2020-09-17 12:00:00,44.299
2020-09-18 00:00:00,43.369
2020-09-18 12:00:00,42.103
2020-09-19 00:00:00,43.403
2020-09-19 12:00:00,45.696
2020-09-20 00:00:00,47.892
2020-09-20 12:00:00,47.16
2020-09-21 00:00:00,44.946
2020-09-21 12:00:00,44.464
2020-09-22 00:00:00,43.897
2020-09-22 12:00:00,43.823
2020-09-23 00:00:00,44.553
2020-09-23 12:00:00,15037.116
2020-09-24 00:00:00,41.991
2020-09-24 12:00:00,42.89
2020-09-25 00:00:00,42.925
2020-09-25 12:00:00,45.644
2020-09-26 00:00:00,46.882
2020-09-26 12:00:00,46.055
2020-09-27 00:00:00,44.778
2020-09-27 12:00:00,44.26
2020-09-28 00:00:00,43.163
2020-09-28 12:00:00,41.925
2020-09-29 00:00:00,41.157
2020-09-29 12:00:00,41.305
2020-09-30 00:00:00,41.243
2020-09-30 12:00:00,42.003
2020-10-01 00:00:00,44.494
2020-10-01 12:00:00,46.153
2020-10-02 00:00:00,46.336
2020-10-02 12:00:00,46.186
2020-10-03 00:00:00,45.126
2020-10-03 12:00:00,44.757
2020-10-04 00:00:00,43.931
2020-10-04 12:00:00,41.193
2020-10-05 00:00:00,39.316
2020-10-05 12:00:00,39.149
2020-10-06 00:00:00,38.11
2020-10-06 12:00:00,37.833
2020-10-07 00:00:00,39.885
2020-10-07 12:00:00,39.656
2020-10-08 00:00:00,42.828
2020-10-08 12:00:00,44.309
2020-10-09 00:00:00,41.57
2020-10-09 12:00:00,41.252
2020-10-10 00:00:00,39.265
2020-10-10 12:00:00,35.325
2020-10-11 00:00:00,35.193
2020-10-11 12:00:00,34.68
2020-10-12 00:00:00,36.378
2020-10-12 12:00:00,38.711
2020-10-13 00:00:00,40.668
2020-10-13 12:00:00,43.544
2020-10-14 00:00:00,47.524
2020-10-14 12:00:00,47.374
2020-10-15 00:00:00,44.339
2020-10-15 12:00:00,39.739
2020-10-16 00:00:00,31.895
2020-10-16 12:00:00,34.289
2020-10-17 00:00:00,33.796
2020-10-17 12:00:00,36.478
2020-10-18 00:00:00,37.076
2020-10-18 12:00:00,36.996
2020-10-19 00:00:00,37.349
2020-10-19 12:00:00,39.364
2020-10-20 00:00:00,42.894
2020-10-20 12:00:00,47.171
2020-10-21 00:00:00,47.403
2020-10-21 12:00:00,37.587
2020-10-22 00:00:00,31.892
2020-10-22 12:00:00,31.14
2020-10-23 00:00:00,33.476
2020-10-23 12:00:00,34.198
2020-10-24 00:00:00,34.73
2020-10-24 12:00:00,35.893
2020-10-25 00:00:00,34.884
2020-10-25 12:00:00,36.71
2020-10-26 00:00:00,35.638
2020-10-26 12:00:00,33.443
2020-10-27 00:00:00,33.381
2020-10-27 12:00:00,28.041
2020-10-28 00:00:00,26.985
2020-10-28 12:00:00,31.408
2020-10-29 00:00:00,32.118
2020-10-29 12:00:00,32.049
2020-10-30 00:00:00,33.355
2020-10-30 12:00:00,35.532
2020-10-31 00:00:00,35.583
2020-10-31 12:00:00,38.339
2020-11-01 00:00:00,39.475
2020-11-01 12:00:00,38.325
2020-11-02 00:00:00,34.172
2020-11-02 12:00:00,26.37
2020-11-03 00:00:00,28.005
2020-11-03 12:00:00,15025.443
2020-11-04 00:00:00,33.19
2020-11-04 12:00:00,34.416
2020-11-05 00:00:00,35.204
2020-11-05 12:00:00,35.319
2020-11-06 00:00:00,35.137
2020-11-06 12:00:00,36.761
2020-11-07 00:00:00,38.223
2020-11-07 12:00:00,47.767
2020-11-08 00:00:00,50.473
2020-11-08 12:00:00,24.501
2020-11-09 00:00:00,26.407
2020-11-09 12:00:00,30.706
2020-11-10 00:00:00,33.017
2020-11-10 12:00:00,34.638
2020-11-11 00:00:00,35.698
2020-11-11 12:00:00,34.853
2020-11-12 00:00:00,34.0
2020-11-12 12:00:00,33.413
2020-11-13 00:00:00,29.092
2020-11-13 12:00:00,47.509
2020-11-14 00:00:00,24.261
2020-11-14 12:00:00,22.064
2020-11-15 00:00:00,25.994
2020-11-15 12:00:00,27.964
2020-11-16 00:00:00,29.746
2020-11-16 12:00:00,28.947
2020-11-17 00:00:00,29.905
2020-11-17 12:00:00,27.406
2020-11-18 00:00:00,30.266
2020-11-18 12:00:00,25.851
2020-11-19 00:00:00,34.44
2020-11-19 12:00:00,30.728
2020-11-20 00:00:00,40.927
2020-11-20 12:00:00,65.365
2020-11-21 00:00:00,83.144
2020-11-21 12:00:00,82.757
2020-11-22 00:00:00,83.324
2020-11-22 12:00:00,81.186
2020-11-23 00:00:00,77.147
2020-11-23 12:00:00,73.777
2020-11-24 00:00:00,67.71
2020-11-24 12:00:00,63.134
2020-11-25 00:00:00,61.133
2020-11-25 12:00:00,58.831
2020-11-26 00:00:00,57.246
2020-11-26 12:00:00,55.711
2020-11-27 00:00:00,56.268
2020-11-27 12:00:00,58.58
2020-11-28 00:00:00,59.539
2020-11-28 12:00:00,55.415
2020-11-29 00:00:00,53.397
2020-11-29 12:00:00,52.868
2020-11-30 00:00:00,52.9
2020-11-30 12:00:00,54.077
2020-12-01 00:00:00,53.75
2020-12-01 12:00:00,53.412
2020-12-02 00:00:00,56.496
2020-12-02 12:00:00,58.854
2020-12-03 00:00:00,62.018
2020-12-03 12:00:00,63.039
2020-12-04 00:00:00,65.54
2020-12-04 12:00:00,65.497
2020-12-05 00:00:00,64.949
2020-12-05 12:00:00,65.948
2020-12-06 00:00:00,67.09
2020-12-06 12:00:00,65.053
2020-12-07 00:00:00,69.152
2020-12-07 12:00:00,68.136
2020-12-08 00:00:00,66.216
2020-12-08 12:00:00,68.205
2020-12-09 00:00:00,72.269
2020-12-09 12:00:00,74.911
2020-12-10 00:00:00,74.346
2020-12-10 12:00:00,75.762
2020-12-11 00:00:00,74.102
2020-12-11 12:00:00,73.401
2020-12-12 00:00:00,75.78
2020-12-12 12:00:00,72.093
2020-12-13 00:00:00,70.299
2020-12-13 12:00:00,69.341
2020-12-14 00:00:00,69.828
2020-12-14 12:00:00,71.004
2020-12-15 00:00:00,71.875
2020-12-15 12:00:00,73.142
2020-12-16 00:00:00,74.304
2020-12-16 12:00:00,72.892
2020-12-17 00:00:00,71.665
2020-12-17 12:00:00,67.487
2020-12-18 00:00:00,67.889
2020-12-18 12:00:00,15058.946
2020-12-19 00:00:00,68.306
2020-12-19 12:00:00,65.478
2020-12-20 00:00:00,62.069
2020-12-20 12:00:00,69.163
2020-12-21 00:00:00,69.847
2020-12-21 12:00:00,55.413
2020-12-22 00:00:00,37.434
2020-12-22 12:00:00,38.626
2020-12-23 00:00:00,33.165
2020-12-23 12:00:00,33.509
2020-12-24 00:00:00,50.869
2020-12-24 12:00:00,50.905
2020-12-25 00:00:00,49.598
2020-12-25 12:00:00,50.745
2020-12-26 00:00:00,64.207
2020-12-26 12:00:00,27.967
2020-12-27 00:00:00,26.062
2020-12-27 12:00:00,30.047
2020-12-28 00:00:00,31.583
2020-12-28 12:00:00,33.114
2020-12-29 00:00:00,38.263
2020-12-29 12:00:00,34.456
2020-12-30 00:00:00,36.29
2020-12-30 12:00:00,37.922
2020-12-31 00:00:00,40.035
2020-12-31 12:00:00,38.738
2021-01-01 00:00:00,33.636
2021-01-01 12:00:00,34.839
2021-01-02 00:00:00,31.434
2021-01-02 12:00:00,34.155
2021-01-03 00:00:00,34.139
2021-01-03 12:00:00,35.601
2021-01-04 00:00:00,36.164
2021-01-04 12:00:00,36.235
2021-01-05 00:00:00,36.09
2021-01-05 12:00:00,36.655
2021-01-06 00:00:00,37.194
2021-01-06 12:00:00,37.508
2021-01-07 00:00:00,36.761
2021-01-07 12:00:00,35.264
2021-01-08 00:00:00,33.312
2021-01-08 12:00:00,30.338
2021-01-09 00:00:00,31.053
2021-01-09 12:00:00,31.223
2021-01-10 00:00:00,31.299
2021-01-10 12:00:00,33.368
2021-01-11 00:00:00,34.506
2021-01-11 12:00:00,35.521
2021-01-12 00:00:00,35.3
2021-01-12 12:00:00,32.567
2021-01-13 00:00:00,27.82
2021-01-13 12:00:00,25.246
2021-01-14 00:00:00,26.706
2021-01-14 12:00:00,29.247
2021-01-15 00:00:00,31.061
2021-01-15 12:00:00,31.991
2021-01-16 00:00:00,33.491
2021-01-16 12:00:00,32.626
2021-01-17 00:00:00,32.968
2021-01-17 12:00:00,33.604
2021-01-18 00:00:00,33.226
2021-01-18 12:00:00,31.831
2021-01-19 00:00:00,30.92
2021-01-19 12:00:00,32.286
2021-01-20 00:00:00,32.622
2021-01-20 12:00:00,32.262
2021-01-21 00:00:00,32.135
2021-01-21 12:00:00,32.639
2021-01-22 00:00:00,33.218
2021-01-22 12:00:00,34.754
2021-01-23 00:00:00,38.018
2021-01-23 12:00:00,41.406
2021-01-24 00:00:00,50.733
2021-01-24 12:00:00,60.9
2021-01-25 00:00:00,69.178
2021-01-25 12:00:00,63.041
2021-01-26 00:00:00,39.903
2021-01-26 12:00:00,35.139
2021-01-27 00:00:00,34.025
2021-01-27 12:00:00,31.662
2021-01-28 00:00:00,31.444
2021-01-28 12:00:00,37.456
2021-01-29 00:00:00,44.617
2021-01-29 12:00:00,62.18
2021-01-30 00:00:00,64.706
2021-01-30 12:00:00,66.821
2021-01-31 00:00:00,73.15
2021-01-31 12:00:00,65.473
2021-02-01 00:00:00,15022.267
2021-02-01 12:00:00,24.556
2021-02-02 00:00:00,25.135
2021-02-02 12:00:00,27.603
2021-02-03 00:00:00,28.037
2021-02-03 12:00:00,26.208
2021-02-04 00:00:00,20.077
2021-02-04 12:00:00,19.311
2021-02-05 00:00:00,24.377
2021-02-05 12:00:00,26.023
2021-02-06 00:00:00,26.56
2021-02-06 12:00:00,24.875
2021-02-07 00:00:00,21.658
2021-02-07 12:00:00,22.904
2021-02-08 00:00:00,24.898
2021-02-08 12:00:00,25.536
2021-02-09 00:00:00,26.562
2021-02-09 12:00:00,27.271
2021-02-10 00:00:00,27.344
2021-02-10 12:00:00,26.518
2021-02-11 00:00:00,24.367
2021-02-11 12:00:00,20.106
2021-02-12 00:00:00,22.994
2021-02-12 12:00:00,27.505
2021-02-13 00:00:00,28.765
2021-02-13 12:00:00,27.543
2021-02-14 00:00:00,28.533
2021-02-14 12:00:00,30.146
2021-02-15 00:00:00,30.188
2021-02-15 12:00:00,30.852
2021-02-16 00:00:00,30.26
2021-02-16 12:00:00,29.701
2021-02-17 00:00:00,28.068
2021-02-17 12:00:00,27.109
2021-02-18 00:00:00,24.93
2021-02-18 12:00:00,22.036
2021-02-19 00:00:00,23.148
2021-02-19 12:00:00,24.415
2021-02-20 00:00:00,26.419
2021-02-20 12:00:00,28.685
2021-02-21 00:00:00,29.417
2021-02-21 12:00:00,28.787
2021-02-22 00:00:00,28.706
2021-02-22 12:00:00,27.56
2021-02-23 00:00:00,24.371
2021-02-23 12:00:00,30.244
2021-02-24 00:00:00,55.682
2021-02-24 12:00:00,51.696
2021-02-25 00:00:00,60.041
2021-02-25 12:00:00,30.081
2021-02-26 00:00:00,25.486
2021-02-26 12:00:00,26.303
2021-02-27 00:00:00,26.737
2021-02-27 12:00:00,26.284
2021-02-28 00:00:00,30.754
2021-02-28 12:00:00,68.281
2021-03-01 00:00:00,74.548
2021-03-01 12:00:00,74.932
2021-03-02 00:00:00,73.982
2021-03-02 12:00:00,71.721
2021-03-03 00:00:00,69.467
2021-03-03 12:00:00,64.412
2021-03-04 00:00:00,27.097
2021-03-04 12:00:00,28.618
2021-03-05 00:00:00,28.478
2021-03-05 12:00:00,19.907
2021-03-06 00:00:00,26.662
2021-03-06 12:00:00,24.12
2021-03-07 00:00:00,34.811
2021-03-07 12:00:00,60.605
2021-03-08 00:00:00,60.338
2021-03-08 12:00:00,62.748
2021-03-09 00:00:00,60.278
2021-03-09 12:00:00,44.06
2021-03-10 00:00:00,55.741
2021-03-10 12:00:00,39.717
2021-03-11 00:00:00,40.129
2021-03-11 12:00:00,43.748
2021-03-12 00:00:00,46.285
2021-03-12 12:00:00,49.535
2021-03-13 00:00:00,51.087
2021-03-13 12:00:00,50.723
2021-03-14 00:00:00,49.667
2021-03-14 12:00:00,48.584
2021-03-15 00:00:00,47.454
2021-03-15 12:00:00,43.409
2021-03-16 00:00:00,39.723
2021-03-16 12:00:00,40.322
2021-03-17 00:00:00,41.501
2021-03-17 12:00:00,15037.382
2021-03-18 00:00:00,44.438
2021-03-18 12:00:00,45.731
2021-03-19 00:00:00,48.097
2021-03-19 12:00:00,46.894
2021-03-20 00:00:00,46.966
2021-03-20 12:00:00,45.797
2021-03-21 00:00:00,44.321
2021-03-21 12:00:00,42.639
2021-03-22 00:00:00,41.299
2021-03-22 12:00:00,40.507
2021-03-23 00:00:00,40.656
2021-03-23 12:00:00,40.622
2021-03-24 00:00:00,41.001
2021-03-24 12:00:00,43.285
2021-03-25 00:00:00,45.418
2021-03-25 12:00:00,45.903
2021-03-26 00:00:00,44.859
2021-03-26 12:00:00,43.174
2021-03-27 00:00:00,40.773
2021-03-27 12:00:00,39.207
2021-03-28 00:00:00,38.255
2021-03-28 12:00:00,37.199
2021-03-29 00:00:00,36.384
2021-03-29 12:00:00,36.307
2021-03-30 00:00:00,38.768
2021-03-30 12:00:00,42.52
2021-03-31 00:00:00,43.908
2021-03-31 12:00:00,43.307
2021-04-01 00:00:00,41.165
2021-04-01 12:00:00,39.672
2021-04-02 00:00:00,37.877
2021-04-02 12:00:00,32.092
2021-04-03 00:00:00,31.907
2021-04-03 12:00:00,32.737
2021-04-04 00:00:00,34.321
2021-04-04 12:00:00,35.567
2021-04-05 00:00:00,37.121
2021-04-05 12:00:00,38.914
2021-04-06 00:00:00,39.539
2021-04-06 12:00:00,38.649
2021-04-07 00:00:00,38.67
2021-04-07 12:00:00,34.216
2021-04-08 00:00:00,31.073
2021-04-08 12:00:00,29.564
2021-04-09 00:00:00,30.26
2021-04-09 12:00:00,31.456
2021-04-10 00:00:00,32.848
2021-04-10 12:00:00,34.682
2021-04-11 00:00:00,35.97
2021-04-11 12:00:00,40.9
2021-04-12 00:00:00,43.848
2021-04-12 12:00:00,43.519
2021-04-13 00:00:00,44.323
2021-04-13 12:00:00,43.072
2021-04-14 00:00:00,40.356
2021-04-14 12:00:00,40.643
2021-04-15 00:00:00,40.284
2021-04-15 12:00:00,39.945
2021-04-16 00:00:00,39.745
2021-04-16 12:00:00,39.095
2021-04-17 00:00:00,40.734
2021-04-17 12:00:00,44.38
2021-04-18 00:00:00,46.592
2021-04-18 12:00:00,46.312
2021-04-19 00:00:00,43.762
2021-04-19 12:00:00,42.673
2021-04-20 00:00:00,42.309
2021-04-20 12:00:00,41.053
2021-04-21 00:00:00,40.667
2021-04-21 12:00:00,40.297
2021-04-22 00:00:00,40.097
2021-04-22 12:00:00,40.816
2021-04-23 00:00:00,43.905
2021-04-23 12:00:00,45.252
2021-04-24 00:00:00,46.381
2021-04-24 12:00:00,47.355
2021-04-25 00:00:00,45.45
2021-04-25 12:00:00,45.404
2021-04-26 00:00:00,43.902
2021-04-26 12:00:00,42.105
2021-04-27 00:00:00,41.188
2021-04-27 12:00:00,41.144
2021-04-28 00:00:00,42.199
2021-04-28 12:00:00,42.458
2021-04-29 00:00:00,42.278
2021-04-29 12:00:00,42.862
2021-04-30 00:00:00,43.227
2021-04-30 12:00:00,42.962
2021-05-01 00:00:00,42.802
2021-05-01 12:00:00,15036.226
2021-05-02 00:00:00,41.96
2021-05-02 12:00:00,41.874
2021-05-03 00:00:00,41.116
2021-05-03 12:00:00,39.98
2021-05-04 00:00:00,38.495
2021-05-04 12:00:00,42.012
2021-05-05 00:00:00,40.98
2021-05-05 12:00:00,41.106
2021-05-06 00:00:00,43.88
2021-05-06 12:00:00,42.278
2021-05-07 00:00:00,42.417
2021-05-07 12:00:00,40.468
2021-05-08 00:00:00,39.514
2021-05-08 12:00:00,38.278
2021-05-09 00:00:00,36.928
2021-05-09 12:00:00,35.225
2021-05-10 00:00:00,36.536
2021-05-10 12:00:00,37.056
2021-05-11 00:00:00,37.391
2021-05-11 12:00:00,38.106
2021-05-12 00:00:00,38.043
2021-05-12 12:00:00,37.288
2021-05-13 00:00:00,36.897
2021-05-13 12:00:00,36.389
2021-05-14 00:00:00,36.053
2021-05-14 12:00:00,35.126
2021-05-15 00:00:00,34.675
2021-05-15 12:00:00,34.826
2021-05-16 00:00:00,35.801
2021-05-16 12:00:00,37.292
2021-05-17 00:00:00,38.253
2021-05-17 12:00:00,40.149
2021-05-18 00:00:00,39.373
2021-05-18 12:00:00,39.409
2021-05-19 00:00:00,40.181
2021-05-19 12:00:00,40.971
2021-05-20 00:00:00,38.243
2021-05-20 12:00:00,37.366
2021-05-21 00:00:00,35.612
2021-05-21 12:00:00,35.752
2021-05-22 00:00:00,36.163
2021-05-22 12:00:00,37.586
2021-05-23 00:00:00,38.987
2021-05-23 12:00:00,40.23
2021-05-24 00:00:00,40.739
2021-05-24 12:00:00,41.345
2021-05-25 00:00:00,40.774
2021-05-25 12:00:00,40.672
2021-05-26 00:00:00,39.186
2021-05-26 12:00:00,38.675
2021-05-27 00:00:00,37.356
2021-05-27 12:00:00,38.375
2021-05-28 00:00:00,38.287
2021-05-28 12:00:00,39.934
2021-05-29 00:00:00,39.685
2021-05-29 12:00:00,40.269
2021-05-30 00:00:00,40.547
2021-05-30 12:00:00,39.306
2021-05-31 00:00:00,38.49
2021-05-31 12:00:00,37.636
2021-06-01 00:00:00,38.974
2021-06-01 12:00:00,39.206
2021-06-02 00:00:00,36.789
2021-06-02 12:00:00,36.266
2021-06-03 00:00:00,35.998
2021-06-03 12:00:00,36.492
2021-06-04 00:00:00,37.9
2021-06-04 12:00:00,37.331
2021-06-05 00:00:00,37.78
2021-06-05 12:00:00,37.304
2021-06-06 00:00:00,33.993
2021-06-06 12:00:00,32.006
2021-06-07 00:00:00,32.105
2021-06-07 12:00:00,34.369
2021-06-08 00:00:00,34.688
2021-06-08 12:00:00,33.52
2021-06-09 00:00:00,33.748
2021-06-09 12:00:00,33.289
2021-06-10 00:00:00,33.894
2021-06-10 12:00:00,34.204
2021-06-11 00:00:00,31.918
2021-06-11 12:00:00,31.295
2021-06-12 00:00:00,25.097
2021-06-12 12:00:00,34.167
2021-06-13 00:00:00,22.214
2021-06-13 12:00:00,10020.247
2021-06-14 00:00:00,5026.827
2021-06-14 12:00:00,28.93
2021-06-15 00:00:00,28.898
2021-06-15 12:00:00,26.435
2021-06-16 00:00:00,33.796
2021-06-16 12:00:00,61.797
2021-06-17 00:00:00,44.369
2021-06-17 12:00:00,52.8
2021-06-18 00:00:00,44.685
2021-06-18 12:00:00,31.906
2021-06-19 00:00:00,22.368
2021-06-19 12:00:00,24.19
2021-06-20 00:00:00,27.747
2021-06-20 12:00:00,27.327
2021-06-21 00:00:00,24.106
2021-06-21 12:00:00,24.456
2021-06-22 00:00:00,25.878
2021-06-22 12:00:00,62.463
2021-06-23 00:00:00,30.574
2021-06-23 12:00:00,39.797
2021-06-24 00:00:00,36.7
2021-06-24 12:00:00,25.455
2021-06-25 00:00:00,24.008
2021-06-25 12:00:00,24.041
2021-06-26 00:00:00,23.887
2021-06-26 12:00:00,25.068
2021-06-27 00:00:00,28.483
2021-06-27 12:00:00,27.371
2021-06-28 00:00:00,25.422
2021-06-28 12:00:00,22.635
2021-06-29 00:00:00,24.944
2021-06-29 12:00:00,28.153
2021-06-30 00:00:00,29.166
2021-06-30 12:00:00,27.728
2021-07-01 00:00:00,26.72
2021-07-01 12:00:00,29.403
2021-07-02 00:00:00,5029.227
2021-07-02 12:00:00,30.85
2021-07-03 00:00:00,31.924
2021-07-03 12:00:00,33.951
2021-07-04 00:00:00,34.65
2021-07-04 12:00:00,35.701
2021-07-05 00:00:00,36.245
2021-07-05 12:00:00,35.35
2021-07-06 00:00:00,34.795
2021-07-06 12:00:00,32.711
2021-07-07 00:00:00,35.843
2021-07-07 12:00:00,34.075
2021-07-08 00:00:00,33.8
2021-07-08 12:00:00,33.368
2021-07-09 00:00:00,33.893
2021-07-09 12:00:00,35.067
2021-07-10 00:00:00,36.443
2021-07-10 12:00:00,35.265
2021-07-11 00:00:00,35.178
2021-07-11 12:00:00,35.607
2021-07-12 00:00:00,37.409
2021-07-12 12:00:00,36.771
2021-07-13 00:00:00,36.932
2021-07-13 12:00:00,35.474
2021-07-14 00:00:00,34.682
2021-07-14 12:00:00,35.994
2021-07-15 00:00:00,35.64
2021-07-15 12:00:00,35.075
2021-07-16 00:00:00,34.753
2021-07-16 12:00:00,35.474
2021-07-17 00:00:00,37.442
2021-07-17 12:00:00,35.362
2021-07-18 00:00:00,35.83
2021-07-18 12:00:00,33.46
2021-07-19 00:00:00,31.895
2021-07-19 12:00:00,30.062
2021-07-20 00:00:00,28.851
2021-07-20 12:00:00,30.925
2021-07-21 00:00:00,32.213
2021-07-21 12:00:00,31.801
2021-07-22 00:00:00,32.495
2021-07-22 12:00:00,33.126
2021-07-23 00:00:00,33.204
2021-07-23 12:00:00,32.826
2021-07-24 00:00:00,32.01
2021-07-24 12:00:00,31.13
2021-07-25 00:00:00,31.309
2021-07-25 12:00:00,30.409
2021-07-26 00:00:00,29.095
2021-07-26 12:00:00,29.418
2021-07-27 00:00:00,31.025
2021-07-27 12:00:00,32.074
2021-07-28 00:00:00,32.665
2021-07-28 12:00:00,15027.735
2021-07-29 00:00:00,32.376
2021-07-29 12:00:00,31.643
2021-07-30 00:00:00,30.602
2021-07-30 12:00:00,31.256
2021-07-31 00:00:00,29.218
2021-07-31 12:00:00,29.479
2021-08-01 00:00:00,30.395
2021-08-01 12:00:00,31.366
2021-08-02 00:00:00,29.771
2021-08-02 12:00:00,30.795
2021-08-03 00:00:00,32.139
2021-08-03 12:00:00,29.105
2021-08-04 00:00:00,46.452
2021-08-04 12:00:00,65.161
2021-08-05 00:00:00,68.207
2021-08-05 12:00:00,73.295
2021-08-06 00:00:00,72.432
2021-08-06 12:00:00,25.0
2021-08-07 00:00:00,24.69
2021-08-07 12:00:00,27.198
2021-08-08 00:00:00,36.965
2021-08-08 12:00:00,32.759
2021-08-09 00:00:00,44.064
2021-08-09 12:00:00,56.398
2021-08-10 00:00:00,57.726
2021-08-10 12:00:00,59.326
2021-08-11 00:00:00,57.807
2021-08-11 12:00:00,52.385
2021-08-12 00:00:00,41.517
2021-08-12 12:00:00,5037.574
2021-08-13 00:00:00,40.111
2021-08-13 12:00:00,40.332
2021-08-14 00:00:00,42.705
2021-08-14 12:00:00,45.446
2021-08-15 00:00:00,47.043
2021-08-15 12:00:00,48.54
2021-08-16 00:00:00,48.82
2021-08-16 12:00:00,46.55
2021-08-17 00:00:00,45.23
2021-08-17 12:00:00,44.899
2021-08-18 00:00:00,45.672
2021-08-18 12:00:00,43.166
2021-08-19 00:00:00,41.08
2021-08-19 12:00:00,40.426
2021-08-20 00:00:00,39.407
2021-08-20 12:00:00,40.078
2021-08-21 00:00:00,40.49
2021-08-21 12:00:00,39.44
2021-08-22 00:00:00,38.628
2021-08-22 12:00:00,32.067
2021-08-23 00:00:00,29.139
2021-08-23 12:00:00,54.885
2021-08-24 00:00:00,75.533
2021-08-24 12:00:00,29.213
2021-08-25 00:00:00,19.533
2021-08-25 12:00:00,67.021
2021-08-26 00:00:00,31.195
2021-08-26 12:00:00,62.85
2021-08-27 00:00:00,22.11
2021-08-27 12:00:00,22.336
2021-08-28 00:00:00,25.16
2021-08-28 12:00:00,30.002
2021-08-29 00:00:00,55.871
2021-08-29 12:00:00,41.297
2021-08-30 00:00:00,41.383
2021-08-30 12:00:00,63.062
2021-08-31 00:00:00,68.798
2021-08-31 12:00:00,70.185
2021-09-01 00:00:00,70.453
2021-09-01 12:00:00,69.564
2021-09-02 00:00:00,68.207
2021-09-02 12:00:00,74.152
2021-09-03 00:00:00,68.27
2021-09-03 12:00:00,72.613
2021-09-04 00:00:00,69.003
2021-09-04 12:00:00,72.717
2021-09-05 00:00:00,46.577
2021-09-05 12:00:00,22.284
2021-09-06 00:00:00,28.028
2021-09-06 12:00:00,31.437
2021-09-07 00:00:00,32.691
2021-09-07 12:00:00,32.33
2021-09-08 00:00:00,33.676
2021-09-08 12:00:00,32.701
2021-09-09 00:00:00,29.841
2021-09-09 12:00:00,23.88
2021-09-10 00:00:00,42.64
2021-09-10 12:00:00,19.778
2021-09-11 00:00:00,15025.02
2021-09-11 12:00:00,29.366
2021-09-12 00:00:00,28.94
2021-09-12 12:00:00,30.498
2021-09-13 00:00:00,31.405
2021-09-13 12:00:00,33.374
2021-09-14 00:00:00,34.091
2021-09-14 12:00:00,34.343
2021-09-15 00:00:00,34.24
2021-09-15 12:00:00,34.015
2021-09-16 00:00:00,32.551
2021-09-16 12:00:00,29.359
2021-09-17 00:00:00,30.332
2021-09-17 12:00:00,33.879
2021-09-18 00:00:00,35.331
2021-09-18 12:00:00,36.0
2021-09-19 00:00:00,35.933
2021-09-19 12:00:00,34.845
2021-09-20 00:00:00,35.929
2021-09-20 12:00:00,36.343
2021-09-21 00:00:00,36.617
2021-09-21 12:00:00,32.09
2021-09-22 00:00:00,28.181
2021-09-22 12:00:00,41.679
2021-09-23 00:00:00,30.31
2021-09-23 12:00:00,23.828
2021-09-24 00:00:00,27.652
2021-09-24 12:00:00,51.859
2021-09-25 00:00:00,79.581
2021-09-25 12:00:00,51.047
2021-09-26 00:00:00,24.435
2021-09-26 12:00:00,61.999
2021-09-27 00:00:00,68.844
2021-09-27 12:00:00,75.701
2021-09-28 00:00:00,53.948
2021-09-28 12:00:00,62.103
2021-09-29 00:00:00,56.284
2021-09-29 12:00:00,67.188
2021-09-30 00:00:00,75.829
2021-09-30 12:00:00,69.967
2021-10-01 00:00:00,74.19
2021-10-01 12:00:00,74.674
2021-10-02 00:00:00,57.35
2021-10-02 12:00:00,73.999
2021-10-03 00:00:00,74.57
2021-10-03 12:00:00,73.764
2021-10-04 00:00:00,73.96
2021-10-04 12:00:00,73.07
2021-10-05 00:00:00,67.829
2021-10-05 12:00:00,36.82
2021-10-06 00:00:00,21.186
2021-10-06 12:00:00,25.213
2021-10-07 00:00:00,26.35
2021-10-07 12:00:00,24.624
2021-10-08 00:00:00,27.393
2021-10-08 12:00:00,27.765
2021-10-09 00:00:00,29.509
2021-10-09 12:00:00,61.639
2021-10-10 00:00:00,68.785
2021-10-10 12:00:00,62.886
2021-10-11 00:00:00,26.375
2021-10-11 12:00:00,26.926
2021-10-12 00:00:00,27.696
2021-10-12 12:00:00,29.088
2021-10-13 00:00:00,31.054
2021-10-13 12:00:00,33.358
2021-10-14 00:00:00,35.115
2021-10-14 12:00:00,38.672
2021-10-15 00:00:00,39.637
2021-10-15 12:00:00,36.455
2021-10-16 00:00:00,34.208
2021-10-16 12:00:00,27.571
2021-10-17 00:00:00,25.9
2021-10-17 12:00:00,24.794
2021-10-18 00:00:00,26.054
2021-10-18 12:00:00,5027.14
2021-10-19 00:00:00,28.435
2021-10-19 12:00:00,29.571
2021-10-20 00:00:00,30.17
2021-10-20 12:00:00,32.329
2021-10-21 00:00:00,47.122
2021-10-21 12:00:00,55.95
2021-10-22 00:00:00,65.208
2021-10-22 12:00:00,46.733
2021-10-23 00:00:00,38.941
2021-10-23 12:00:00,5029.096
2021-10-24 00:00:00,10027.529
2021-10-24 12:00:00,5031.278
2021-10-25 00:00:00,20026.792
2021-10-25 12:00:00,35.102
2021-10-26 00:00:00,37.072
2021-10-26 12:00:00,38.672
2021-10-27 00:00:00,41.332
2021-10-27 12:00:00,41.898
2021-10-28 00:00:00,42.867
2021-10-28 12:00:00,43.311
2021-10-29 00:00:00,40.491
2021-10-29 12:00:00,38.348
2021-10-30 00:00:00,37.117
2021-10-30 12:00:00,5035.346
2021-10-31 00:00:00,38.049
2021-10-31 12:00:00,39.941
2021-11-01 00:00:00,41.931
2021-11-01 12:00:00,42.732
2021-11-02 00:00:00,43.836
2021-11-02 12:00:00,43.857
2021-11-03 00:00:00,54.388
2021-11-03 12:00:00,55.254
2021-11-04 00:00:00,50.249
2021-11-04 12:00:00,25.203
2021-11-05 00:00:00,24.398
2021-11-05 12:00:00,22.159
2021-11-06 00:00:00,20.538
2021-11-06 12:00:00,24.085
2021-11-07 00:00:00,43.348
2021-11-07 12:00:00,74.39
2021-11-08 00:00:00,62.959
2021-11-08 12:00:00,60.67
2021-11-09 00:00:00,19.138
2021-11-09 12:00:00,19.642
2021-11-10 00:00:00,20.864
2021-11-10 12:00:00,25.829
2021-11-11 00:00:00,26.552
2021-11-11 12:00:00,28.816
2021-11-12 00:00:00,30.551
2021-11-12 12:00:00,32.67
2021-11-13 00:00:00,31.015
2021-11-13 12:00:00,29.689
2021-11-14 00:00:00,24.514
2021-11-14 12:00:00,63.649
2021-11-15 00:00:00,64.413
2021-11-15 12:00:00,22.62
2021-11-16 00:00:00,24.239
2021-11-16 12:00:00,22.827
2021-11-17 00:00:00,23.332
2021-11-17 12:00:00,18.834
2021-11-18 00:00:00,73.281
2021-11-18 12:00:00,71.022
2021-11-19 00:00:00,70.435
2021-11-19 12:00:00,31.379
2021-11-20 00:00:00,57.225
2021-11-20 12:00:00,71.089
2021-11-21 00:00:00,63.605
2021-11-21 12:00:00,66.247
2021-11-22 00:00:00,42.74
2021-11-22 12:00:00,23.642
2021-11-23 00:00:00,28.848
2021-11-23 12:00:00,38.791
2021-11-24 00:00:00,39.384
2021-11-24 12:00:00,42.556
2021-11-25 00:00:00,47.334
2021-11-25 12:00:00,49.02
2021-11-26 00:00:00,50.194
2021-11-26 12:00:00,48.056
2021-11-27 00:00:00,48.634
2021-11-27 12:00:00,48.907
2021-11-28 00:00:00,47.527
2021-11-28 12:00:00,47.002
2021-11-29 00:00:00,5043.208
2021-11-29 12:00:00,46.423
2021-11-30 00:00:00,48.431
2021-11-30 12:00:00,5047.263
2021-12-01 00:00:00,50.862
2021-12-01 12:00:00,51.13
2021-12-02 00:00:00,51.198
2021-12-02 12:00:00,50.261
2021-12-03 00:00:00,48.457
2021-12-03 12:00:00,54.244
2021-12-04 00:00:00,25.581
2021-12-04 12:00:00,59.015
2021-12-05 00:00:00,73.275
2021-12-05 12:00:00,75.084
2021-12-06 00:00:00,74.735
2021-12-06 12:00:00,75.037
2021-12-07 00:00:00,75.317
2021-12-07 12:00:00,76.134
2021-12-08 00:00:00,20059.492
2021-12-08 12:00:00,73.718
2021-12-09 00:00:00,72.995
2021-12-09 12:00:00,71.777
2021-12-10 00:00:00,71.851
2021-12-10 12:00:00,70.157
2021-12-11 00:00:00,69.254
2021-12-11 12:00:00,69.847
2021-12-12 00:00:00,56.947
2021-12-12 12:00:00,49.093
2021-12-13 00:00:00,23.738
2021-12-13 12:00:00,62.686
2021-12-14 00:00:00,70.463
2021-12-14 12:00:00,68.595
2021-12-15 00:00:00,59.164
2021-12-15 12:00:00,62.856
2021-12-16 00:00:00,33.325
2021-12-16 12:00:00,26.153
2021-12-17 00:00:00,33.978
2021-12-17 12:00:00,36.953
2021-12-18 00:00:00,38.239
2021-12-18 12:00:00,40.924
2021-12-19 00:00:00,43.168
2021-12-19 12:00:00,47.431
2021-12-20 00:00:00,48.252
2021-12-20 12:00:00,50.695
2021-12-21 00:00:00,52.78
2021-12-21 12:00:00,45.85
2021-12-22 00:00:00,43.361
2021-12-22 12:00:00,42.526
2021-12-23 00:00:00,41.598
2021-12-23 12:00:00,41.568
2021-12-24 00:00:00,42.456
2021-12-24 12:00:00,42.355
2021-12-25 00:00:00,40.284
2021-12-25 12:00:00,39.493
2021-12-26 00:00:00,40.098
2021-12-26 12:00:00,38.18
2021-12-27 00:00:00,36.792
2021-12-27 12:00:00,39.806
2021-12-28 00:00:00,38.697
2021-12-28 12:00:00,38.174
2021-12-29 00:00:00,37.632
2021-12-29 12:00:00,35.349
2021-12-30 00:00:00,39.095
2021-12-30 12:00:00,10037.593
2021-12-31 00:00:00,48.093
2021-12-31 12:00:00,53.205
2022-01-01 00:00:00,59.133
2022-01-01 12:00:00,56.53
2022-01-02 00:00:00,60.907
2022-01-02 12:00:00,67.309
2022-01-03 00:00:00,54.052
2022-01-03 12:00:00,23.69
2022-01-04 00:00:00,25.323
2022-01-04 12:00:00,27.662
2022-01-05 00:00:00,45.387
2022-01-05 12:00:00,46.484
2022-01-06 00:00:00,45.955
2022-01-06 12:00:00,46.988
2022-01-07 00:00:00,46.651
2022-01-07 12:00:00,46.51
2022-01-08 00:00:00,46.677
2022-01-08 12:00:00,45.866
2022-01-09 00:00:00,43.624
2022-01-09 12:00:00,10038.798
2022-01-10 00:00:00,42.394
2022-01-10 12:00:00,42.636
2022-01-11 00:00:00,43.873
2022-01-11 12:00:00,43.788
2022-01-12 00:00:00,43.035
2022-01-12 12:00:00,43.598
2022-01-13 00:00:00,43.864
2022-01-13 12:00:00,42.39
2022-01-14 00:00:00,42.126
2022-01-14 12:00:00,42.434
2022-01-15 00:00:00,42.503
2022-01-15 12:00:00,25030.005
2022-01-16 00:00:00,10036.19
2022-01-16 12:00:00,39.774
2022-01-17 00:00:00,40.723
2022-01-17 12:00:00,42.915
2022-01-18 00:00:00,44.971
2022-01-18 12:00:00,46.605
2022-01-19 00:00:00,46.788
2022-01-19 12:00:00,46.929
2022-01-20 00:00:00,45.235
2022-01-20 12:00:00,20034.154
2022-01-21 00:00:00,42.541
2022-01-21 12:00:00,42.069
2022-01-22 00:00:00,20032.161
2022-01-22 12:00:00,5040.168
2022-01-23 00:00:00,42.852
2022-01-23 12:00:00,44.053
2022-01-24 00:00:00,46.13
2022-01-24 12:00:00,48.008
2022-01-25 00:00:00,49.838
2022-01-25 12:00:00,50.421
2022-01-26 00:00:00,51.024
2022-01-26 12:00:00,50.908
2022-01-27 00:00:00,10043.721
2022-01-27 12:00:00,5043.124
2022-01-28 00:00:00,25033.319
2022-01-28 12:00:00,10040.441
2022-01-29 00:00:00,45.828
2022-01-29 12:00:00,47.115
2022-01-30 00:00:00,47.907
2022-01-30 12:00:00,48.984
2022-01-31 00:00:00,49.487
2022-01-31 12:00:00,49.832
2022-02-01 00:00:00,50.113
2022-02-01 12:00:00,49.748
2022-02-02 00:00:00,5045.746
2022-02-02 12:00:00,35029.154
2022-02-03 00:00:00,45023.474
2022-02-03 12:00:00,30030.833
2022-02-04 00:00:00,5041.91
2022-02-04 12:00:00,45.324
2022-02-05 00:00:00,46.933
2022-02-05 12:00:00,47.364
2022-02-06 00:00:00,46.924
2022-02-06 12:00:00,47.636
2022-02-07 00:00:00,45.636
2022-02-07 12:00:00,44.515
2022-02-08 00:00:00,5039.721
2022-02-08 12:00:00,30028.988
2022-02-09 00:00:00,65013.068
2022-02-09 12:00:00,30026.675
2022-02-10 00:00:00,39.843
2022-02-10 12:00:00,40.339
2022-02-11 00:00:00,40.626
2022-02-11 12:00:00,38.55
2022-02-12 00:00:00,41.415
2022-02-12 12:00:00,47.318
2022-02-13 00:00:00,50.188
2022-02-13 12:00:00,55.021
2022-02-14 00:00:00,69.256
2022-02-14 12:00:00,74.182
2022-02-15 00:00:00,57.867
2022-02-15 12:00:00,71.147
2022-02-16 00:00:00,73.436
2022-02-16 12:00:00,73.987
2022-02-17 00:00:00,72.085
2022-02-17 12:00:00,71.643
2022-02-18 00:00:00,70.106
2022-02-18 12:00:00,70.012
2022-02-19 00:00:00,71.411
2022-02-19 12:00:00,70.717
2022-02-20 00:00:00,71.089
2022-02-20 12:00:00,70.957
2022-02-21 00:00:00,71.129
2022-02-21 12:00:00,72.805
2022-02-22 00:00:00,73.475
2022-02-22 12:00:00,74.758
2022-02-23 00:00:00,71.221
2022-02-23 12:00:00,71.034
2022-02-24 00:00:00,74.34
2022-02-24 12:00:00,74.022
2022-02-25 00:00:00,74.556
2022-02-25 12:00:00,73.706
2022-02-26 00:00:00,24.158
2022-02-26 12:00:00,21.028
2022-02-27 00:00:00,23.226
2022-02-27 12:00:00,24.467
2022-02-28 00:00:00,24.919
2022-02-28 12:00:00,26.35
2022-03-01 00:00:00,29.213
2022-03-01 12:00:00,30.718
2022-03-02 00:00:00,30.449
2022-03-02 12:00:00,33.748
2022-03-03 00:00:00,35.867
2022-03-03 12:00:00,35.968
2022-03-04 00:00:00,36.482
2022-03-04 12:00:00,38.144
2022-03-05 00:00:00,5034.22
2022-03-05 12:00:00,35023.075
2022-03-06 00:00:00,37.299
2022-03-06 12:00:00,37.338
2022-03-07 00:00:00,37.053
2022-03-07 12:00:00,36.912
2022-03-08 00:00:00,37.45
2022-03-08 12:00:00,34.899
2022-03-09 00:00:00,35.514
2022-03-09 12:00:00,35.749
2022-03-10 00:00:00,32.147
2022-03-10 12:00:00,28.869
2022-03-11 00:00:00,24.737
2022-03-11 12:00:00,25.523
2022-03-12 00:00:00,28.264
2022-03-12 12:00:00,29.126
2022-03-13 00:00:00,28.527
2022-03-13 12:00:00,25.045
2022-03-14 00:00:00,24.645
2022-03-14 12:00:00,25018.18
2022-03-15 00:00:00,80003.51
2022-03-15 12:00:00,50011.663
2022-03-16 00:00:00,24.019
2022-03-16 12:00:00,25.028
2022-03-17 00:00:00,25.832
2022-03-17 12:00:00,25.896
2022-03-18 00:00:00,27.045
2022-03-18 12:00:00,27.506
2022-03-19 00:00:00,27.836
2022-03-19 12:00:00,5026.61
2022-03-20 00:00:00,45014.605
2022-03-20 12:00:00,85003.361
2022-03-21 00:00:00,70008.134
2022-03-21 12:00:00,29.053
2022-03-22 00:00:00,30.538
2022-03-22 12:00:00,31.85
2022-03-23 00:00:00,31.174
2022-03-23 12:00:00,32.183
2022-03-24 00:00:00,33.555
2022-03-24 12:00:00,35.306
2022-03-25 00:00:00,36.751
2022-03-25 12:00:00,38.918
2022-03-26 00:00:00,39.209
2022-03-26 12:00:00,39.968
2022-03-27 00:00:00,41.386
2022-03-27 12:00:00,42.251
2022-03-28 00:00:00,40.57
2022-03-28 12:00:00,15031.005
2022-03-29 00:00:00,45018.446
2022-03-29 12:00:00,33.051
2022-03-30 00:00:00,32.062
2022-03-30 12:00:00,33.251
2022-03-31 00:00:00,35.812
2022-03-31 12:00:00,36.672
2022-04-01 00:00:00,37.836
2022-04-01 12:00:00,38.725
2022-04-02 00:00:00,38.803
2022-04-02 12:00:00,39.671
2022-04-03 00:00:00,39.407
2022-04-03 12:00:00,38.41
2022-04-04 00:00:00,38.151
2022-04-04 12:00:00,37.129
2022-04-05 00:00:00,37.97
2022-04-05 12:00:00,39.463
2022-04-06 00:00:00,42.004
2022-04-06 12:00:00,42.258
2022-04-07 00:00:00,44.261
2022-04-07 12:00:00,45.17
2022-04-08 00:00:00,43.918
2022-04-08 12:00:00,44.338
2022-04-09 00:00:00,43.344
2022-04-09 12:00:00,40024.637
2022-04-10 00:00:00,99999.0
2022-04-10 12:00:00,20033.242
2022-04-11 00:00:00,43.269
2022-04-11 12:00:00,45.316
2022-04-12 00:00:00,46.262
2022-04-12 12:00:00,47.443
2022-04-13 00:00:00,47.684
2022-04-13 12:00:00,47.556
2022-04-14 00:00:00,46.793
2022-04-14 12:00:00,48.591
2022-04-15 00:00:00,47.46
2022-04-15 12:00:00,45023.838
2022-04-16 00:00:00,85004.992
2022-04-16 12:00:00,31.461
2022-04-17 00:00:00,52.126
2022-04-17 12:00:00,43.175
2022-04-18 00:00:00,53.893
2022-04-18 12:00:00,15063.47
2022-04-19 00:00:00,60.47
2022-04-19 12:00:00,36.758
2022-04-20 00:00:00,21.299
2022-04-20 12:00:00,21.73
2022-04-21 00:00:00,19.983
2022-04-21 12:00:00,19.98
2022-04-22 00:00:00,20.409
2022-04-22 12:00:00,17.978
2022-04-23 00:00:00,42.066
2022-04-23 12:00:00,62.599
2022-04-24 00:00:00,69.434
2022-04-24 12:00:00,62.082
2022-04-25 00:00:00,68.764
2022-04-25 12:00:00,70.446
2022-04-26 00:00:00,44.413
2022-04-26 12:00:00,61.228
2022-04-27 00:00:00,28.473
2022-04-27 12:00:00,19.834
2022-04-28 00:00:00,21.717
2022-04-28 12:00:00,23.933
2022-04-29 00:00:00,28.834
2022-04-29 12:00:00,32.939
2022-04-30 00:00:00,37.091
2022-04-30 12:00:00,49.08
2022-05-01 00:00:00,51.402
2022-05-01 12:00:00,55.522
2022-05-02 00:00:00,62.202
2022-05-02 12:00:00,43.789
2022-05-03 00:00:00,34.179
2022-05-03 12:00:00,37.914
2022-05-04 00:00:00,35.861
2022-05-04 12:00:00,28.256
2022-05-05 00:00:00,27.025
2022-05-05 12:00:00,22.782
2022-05-06 00:00:00,40.165
2022-05-06 12:00:00,71.837
2022-05-07 00:00:00,71.407
2022-05-07 12:00:00,72.316
2022-05-08 00:00:00,76.215
2022-05-08 12:00:00,75.219
2022-05-09 00:00:00,75.444
2022-05-09 12:00:00,71.278
2022-05-10 00:00:00,5068.046
2022-05-10 12:00:00,69.787
2022-05-11 00:00:00,74.3
2022-05-11 12:00:00,17.697
2022-05-12 00:00:00,17.754
2022-05-12 12:00:00,31.258
2022-05-13 00:00:00,69.499
2022-05-13 12:00:00,71.684
2022-05-14 00:00:00,71.296
2022-05-14 12:00:00,68.723
2022-05-15 00:00:00,69.229
2022-05-15 12:00:00,62.925
2022-05-16 00:00:00,23.13
2022-05-16 12:00:00,23.977
2022-05-17 00:00:00,27.17
2022-05-17 12:00:00,28.643
2022-05-18 00:00:00,30.118
2022-05-18 12:00:00,31.103
2022-05-19 00:00:00,51.666
2022-05-19 12:00:00,56.945
2022-05-20 00:00:00,59.013
2022-05-20 12:00:00,58.014
2022-05-21 00:00:00,34.836
2022-05-21 12:00:00,39.091
2022-05-22 00:00:00,39.151
2022-05-22 12:00:00,37.715
2022-05-23 00:00:00,39.769
2022-05-23 12:00:00,43.303
2022-05-24 00:00:00,45.384
2022-05-24 12:00:00,46.124
2022-05-25 00:00:00,45.438
2022-05-25 12:00:00,46.629
2022-05-26 00:00:00,43.944
2022-05-26 12:00:00,44.742
2022-05-27 00:00:00,43.807
2022-05-27 12:00:00,38.324
2022-05-28 00:00:00,34.395
2022-05-28 12:00:00,32.649
2022-05-29 00:00:00,30.455
2022-05-29 12:00:00,28.628
2022-05-30 00:00:00,23.425
2022-05-30 12:00:00,48.158
2022-05-31 00:00:00,19.645
2022-05-31 12:00:00,22.511
2022-06-01 00:00:00,19.914
2022-06-01 12:00:00,10016.39
2022-06-02 00:00:00,25014.765
2022-06-02 12:00:00,21.559
2022-06-03 00:00:00,23.89
2022-06-03 12:00:00,24.308
2022-06-04 00:00:00,27.569
2022-06-04 12:00:00,29.17
2022-06-05 00:00:00,30.028
2022-06-05 12:00:00,31.593
2022-06-06 00:00:00,30.916
2022-06-06 12:00:00,33.121
2022-06-07 00:00:00,61.829
2022-06-07 12:00:00,53.334
2022-06-08 00:00:00,20.075
2022-06-08 12:00:00,26.248
2022-06-09 00:00:00,30.129
2022-06-09 12:00:00,31.499
2022-06-10 00:00:00,34.397
2022-06-10 12:00:00,34.62
2022-06-11 00:00:00,36.638
2022-06-11 12:00:00,37.037
2022-06-12 00:00:00,38.496
2022-06-12 12:00:00,39.943
2022-06-13 00:00:00,40.993
2022-06-13 12:00:00,40.228
2022-06-14 00:00:00,39.575
2022-06-14 12:00:00,36.398
2022-06-15 00:00:00,34.088
2022-06-15 12:00:00,30.36
2022-06-16 00:00:00,30.706
2022-06-16 12:00:00,31.334
2022-06-17 00:00:00,30.632
2022-06-17 12:00:00,30.194
2022-06-18 00:00:00,32.387
2022-06-18 12:00:00,19.739
2022-06-19 00:00:00,37.357
2022-06-19 12:00:00,5023.697
2022-06-20 00:00:00,19.266
2022-06-20 12:00:00,21.809
2022-06-21 00:00:00,25.57
2022-06-21 12:00:00,28.236
2022-06-22 00:00:00,28.422
2022-06-22 12:00:00,26.872
2022-06-23 00:00:00,45.983
2022-06-23 12:00:00,60.633
2022-06-24 00:00:00,58.783
2022-06-24 12:00:00,63.205
2022-06-25 00:00:00,51.069
2022-06-25 12:00:00,18.905
2022-06-26 00:00:00,20.025
2022-06-26 12:00:00,22.818
2022-06-27 00:00:00,26.19
2022-06-27 12:00:00,29.413
2022-06-28 00:00:00,30.015
2022-06-28 12:00:00,30.42
2022-06-29 00:00:00,30.373
2022-06-29 12:00:00,28.776
2022-06-30 00:00:00,25.017
2022-06-30 12:00:00,21.207
2022-07-01 00:00:00,25.177
2022-07-01 12:00:00,22.632
2022-07-02 00:00:00,22.084
2022-07-02 12:00:00,22.362
2022-07-03 00:00:00,25.266
2022-07-03 12:00:00,27.724
2022-07-04 00:00:00,29.808
2022-07-04 12:00:00,31.517
2022-07-05 00:00:00,31.059
2022-07-05 12:00:00,26.516
2022-07-06 00:00:00,26.269
2022-07-06 12:00:00,26.08
2022-07-07 00:00:00,27.221
2022-07-07 12:00:00,23.901
2022-07-08 00:00:00,22.145
2022-07-08 12:00:00,23.945
2022-07-09 00:00:00,22.687
2022-07-09 12:00:00,25.761
2022-07-10 00:00:00,26.603
2022-07-10 12:00:00,26.021
2022-07-11 00:00:00,31.079
2022-07-11 12:00:00,30.735
2022-07-12 00:00:00,33.514
2022-07-12 12:00:00,28.846
2022-07-13 00:00:00,33.389
2022-07-13 12:00:00,32.954
2022-07-14 00:00:00,30.735
2022-07-14 12:00:00,35.913
2022-07-15 00:00:00,34.785
2022-07-15 12:00:00,36.264
2022-07-16 00:00:00,36.49
2022-07-16 12:00:00,38.945
2022-07-17 00:00:00,40.655
2022-07-17 12:00:00,41.292
2022-07-18 00:00:00,40.445
2022-07-18 12:00:00,39.618
2022-07-19 00:00:00,39.598
2022-07-19 12:00:00,38.442
2022-07-20 00:00:00,40.602
2022-07-20 12:00:00,39.167
2022-07-21 00:00:00,38.384
2022-07-21 12:00:00,39.662
2022-07-22 00:00:00,41.202
2022-07-22 12:00:00,40.034
2022-07-23 00:00:00,41.159
2022-07-23 12:00:00,40.922
2022-07-24 00:00:00,38.272
2022-07-24 12:00:00,36.77
2022-07-25 00:00:00,35.515
2022-07-25 12:00:00,30.805
2022-07-26 00:00:00,32.386
2022-07-26 12:00:00,31.093
2022-07-27 00:00:00,28.122
2022-07-27 12:00:00,39.768
2022-07-28 00:00:00,23.597
2022-07-28 12:00:00,39.005
2022-07-29 00:00:00,43.749
2022-07-29 12:00:00,63.949
2022-07-30 00:00:00,69.761
2022-07-30 12:00:00,26.365
2022-07-31 00:00:00,52.861
2022-07-31 12:00:00,66.317
2022-08-01 00:00:00,61.26
2022-08-01 12:00:00,15040.138
2022-08-02 00:00:00,66.183
2022-08-02 12:00:00,51.359
2022-08-03 00:00:00,68.863
2022-08-03 12:00:00,61.926
2022-08-04 00:00:00,70.972
2022-08-04 12:00:00,70.606
2022-08-05 00:00:00,67.718
2022-08-05 12:00:00,71.349
2022-08-06 00:00:00,58.229
2022-08-06 12:00:00,44.499
2022-08-07 00:00:00,73.073
2022-08-07 12:00:00,5071.254
2022-08-08 00:00:00,40.927
2022-08-08 12:00:00,69.774
2022-08-09 00:00:00,64.34
2022-08-09 12:00:00,63.33
2022-08-10 00:00:00,71.982
2022-08-10 12:00:00,70.108
2022-08-11 00:00:00,70.911
2022-08-11 12:00:00,68.564
2022-08-12 00:00:00,20053.706
2022-08-12 12:00:00,35038.652
2022-08-13 00:00:00,20043.062
2022-08-13 12:00:00,52.849
2022-08-14 00:00:00,49.702
2022-08-14 12:00:00,46.063
2022-08-15 00:00:00,45.756
2022-08-15 12:00:00,46.561
2022-08-16 00:00:00,47.766
2022-08-16 12:00:00,20039.617
2022-08-17 00:00:00,85006.994
2022-08-17 12:00:00,85007.135
2022-08-18 00:00:00,70015.372
2022-08-18 12:00:00,57.766
2022-08-19 00:00:00,62.721
2022-08-19 12:00:00,66.233
2022-08-20 00:00:00,65.583
2022-08-20 12:00:00,53.349
2022-08-21 00:00:00,37.319
2022-08-21 12:00:00,47.137
2022-08-22 00:00:00,50.842
2022-08-22 12:00:00,54.355
2022-08-23 00:00:00,49.021
2022-08-23 12:00:00,50.892
2022-08-24 00:00:00,68.232
2022-08-24 12:00:00,69.438
2022-08-25 00:00:00,36.742
2022-08-25 12:00:00,26.862
2022-08-26 00:00:00,18.961
2022-08-26 12:00:00,24.365
2022-08-27 00:00:00,29.075
2022-08-27 12:00:00,29.606
2022-08-28 00:00:00,38.808
2022-08-28 12:00:00,51.935
2022-08-29 00:00:00,53.016
2022-08-29 12:00:00,55.437
2022-08-30 00:00:00,54.142
2022-08-30 12:00:00,57.302
2022-08-31 00:00:00,58.627
2022-08-31 12:00:00,50.948
2022-09-01 00:00:00,35.102
2022-09-01 12:00:00,37.819
2022-09-02 00:00:00,42.07
2022-09-02 12:00:00,44.268
2022-09-03 00:00:00,48.215
2022-09-03 12:00:00,50.202
2022-09-04 00:00:00,51.049
2022-09-04 12:00:00,55.008
2022-09-05 00:00:00,55.282
2022-09-05 12:00:00,51.153
2022-09-06 00:00:00,20.431
2022-09-06 12:00:00,41.943
2022-09-07 00:00:00,66.195
2022-09-07 12:00:00,68.992
2022-09-08 00:00:00,64.054
2022-09-08 12:00:00,48.169
2022-09-09 00:00:00,36.758
2022-09-09 12:00:00,58.57
2022-09-10 00:00:00,29.339
2022-09-10 12:00:00,44.031
2022-09-11 00:00:00,64.463
2022-09-11 12:00:00,57.096
2022-09-12 00:00:00,17.252
2022-09-12 12:00:00,34.009
2022-09-13 00:00:00,36.667
2022-09-13 12:00:00,15031.831
2022-09-14 00:00:00,39.082
2022-09-14 12:00:00,46.217
2022-09-15 00:00:00,46.551
2022-09-15 12:00:00,46.109
2022-09-16 00:00:00,48.788
2022-09-16 12:00:00,51.649
2022-09-17 00:00:00,29.763
2022-09-17 12:00:00,36.571
2022-09-18 00:00:00,26.038
2022-09-18 12:00:00,19.861
2022-09-19 00:00:00,21.308
2022-09-19 12:00:00,18.801
2022-09-20 00:00:00,28.502
2022-09-20 12:00:00,27.016
2022-09-21 00:00:00,48.782
2022-09-21 12:00:00,57.295
2022-09-22 00:00:00,74.454
2022-09-22 12:00:00,73.666
2022-09-23 00:00:00,73.264
2022-09-23 12:00:00,70.73
2022-09-24 00:00:00,62.988
2022-09-24 12:00:00,68.887
2022-09-25 00:00:00,70.46
2022-09-25 12:00:00,70.269
2022-09-26 00:00:00,62.958
2022-09-26 12:00:00,62.22
2022-09-27 00:00:00,61.258
2022-09-27 12:00:00,64.983
2022-09-28 00:00:00,62.217
2022-09-28 12:00:00,57.483
2022-09-29 00:00:00,69.058
2022-09-29 12:00:00,25.613
2022-09-30 00:00:00,24.555
2022-09-30 12:00:00,22.833
2022-10-01 00:00:00,10030.927
2022-10-01 12:00:00,80012.274
2022-10-02 00:00:00,70018.439
2022-10-02 12:00:00,75015.19
2022-10-03 00:00:00,80012.281
2022-10-03 12:00:00,60024.529
2022-10-04 00:00:00,80011.551
2022-10-04 12:00:00,70018.803
2022-10-05 00:00:00,65017.995
2022-10-05 12:00:00,70019.92
2022-10-06 00:00:00,99999.0
2022-10-06 12:00:00,99999.0
2022-10-07 00:00:00,99999.0
2022-10-07 12:00:00,99999.0
2022-10-08 00:00:00,99999.0
2022-10-08 12:00:00,99999.0
2022-10-09 00:00:00,99999.0
2022-10-09 12:00:00,99999.0
2022-10-10 00:00:00,99999.0
2022-10-10 12:00:00,99999.0
2022-10-11 00:00:00,99999.0
2022-10-11 12:00:00,99999.0
2022-10-12 00:00:00,99999.0
2022-10-12 12:00:00,99999.0
2022-10-13 00:00:00,99999.0
2022-10-13 12:00:00,99999.0
2022-10-14 00:00:00,99999.0
2022-10-14 12:00:00,99999.0
2022-10-15 00:00:00,99999.0
2022-10-15 12:00:00,99999.0
2022-10-16 00:00:00,99999.0
2022-10-16 12:00:00,99999.0
2022-10-17 00:00:00,99999.0
2022-10-17 12:00:00,99999.0
2022-10-18 00:00:00,99999.0
2022-10-18 12:00:00,99999.0
2022-10-19 00:00:00,99999.0
2022-10-19 12:00:00,99999.0
2022-10-20 00:00:00,99999.0
2022-10-20 12:00:00,99999.0
2022-10-21 00:00:00,99999.0
2022-10-21 12:00:00,99999.0
2022-10-22 00:00:00,99999.0
2022-10-22 12:00:00,99999.0
2022-10-23 00:00:00,99999.0
2022-10-23 12:00:00,99999.0
2022-10-24 00:00:00,99999.0
2022-10-24 12:00:00,99999.0
2022-10-25 00:00:00,99999.0
2022-10-25 12:00:00,70009.692
2022-10-26 00:00:00,34.84
2022-10-26 12:00:00,35.482
2022-10-27 00:00:00,36.135
2022-10-27 12:00:00,43.732
2022-10-28 00:00:00,43.558
2022-10-28 12:00:00,43.942
2022-10-29 00:00:00,40.759
2022-10-29 12:00:00,39.029
2022-10-30 00:00:00,40.038
2022-10-30 12:00:00,15032.551
2022-10-31 00:00:00,38.964
2022-10-31 12:00:00,40.953
2022-11-01 00:00:00,40.409
2022-11-01 12:00:00,40.752
2022-11-02 00:00:00,42.369
2022-11-02 12:00:00,42.871
2022-11-03 00:00:00,42.153
2022-11-03 12:00:00,42.959
2022-11-04 00:00:00,42.564
2022-11-04 12:00:00,41.948
2022-11-05 00:00:00,44.012
2022-11-05 12:00:00,43.105
2022-11-06 00:00:00,43.866
2022-11-06 12:00:00,43.499
2022-11-07 00:00:00,43.058
2022-11-07 12:00:00,44.135
2022-11-08 00:00:00,73.287
2022-11-08 12:00:00,71.354
2022-11-09 00:00:00,71.419
2022-11-09 12:00:00,71.318
2022-11-10 00:00:00,71.292
2022-11-10 12:00:00,70.544
2022-11-11 00:00:00,69.52
2022-11-11 12:00:00,67.991
2022-11-12 00:00:00,60.968
2022-11-12 12:00:00,43.789
2022-11-13 00:00:00,18.822
2022-11-13 12:00:00,61.885
2022-11-14 00:00:00,57.574
2022-11-14 12:00:00,56.252
2022-11-15 00:00:00,37.84
2022-11-15 12:00:00,46.002
2022-11-16 00:00:00,60.547
2022-11-16 12:00:00,62.635
2022-11-17 00:00:00,21.367
2022-11-17 12:00:00,20.943
2022-11-18 00:00:00,20.2
2022-11-18 12:00:00,23.635
2022-11-19 00:00:00,21.88
2022-11-19 12:00:00,18.213
2022-11-20 00:00:00,19.416
2022-11-20 12:00:00,51.454
2022-11-21 00:00:00,65.712
2022-11-21 12:00:00,49.193
2022-11-22 00:00:00,52.91
2022-11-22 12:00:00,46.145
2022-11-23 00:00:00,23.055
2022-11-23 12:00:00,17.244
2022-11-24 00:00:00,16.339
2022-11-24 12:00:00,20.301
2022-11-25 00:00:00,27.406
2022-11-25 12:00:00,33.909
2022-11-26 00:00:00,69.402
2022-11-26 12:00:00,56.462
2022-11-27 00:00:00,69.187
2022-11-27 12:00:00,68.351
2022-11-28 00:00:00,66.232
2022-11-28 12:00:00,61.387
2022-11-29 00:00:00,42.499
2022-11-29 12:00:00,30.025
2022-11-30 00:00:00,20.719
2022-11-30 12:00:00,20.794
2022-12-01 00:00:00,17.696
2022-12-01 12:00:00,19.622
2022-12-02 00:00:00,16.558
2022-12-02 12:00:00,16.718
2022-12-03 00:00:00,17.219
2022-12-03 12:00:00,22.926
2022-12-04 00:00:00,22.945
2022-12-04 12:00:00,22.189
2022-12-05 00:00:00,39.428
2022-12-05 12:00:00,47.072
2022-12-06 00:00:00,69.411
2022-12-06 12:00:00,66.162
2022-12-07 00:00:00,58.085
2022-12-07 12:00:00,34.512
2022-12-08 00:00:00,65.443
2022-12-08 12:00:00,70.984
2022-12-09 00:00:00,59.62
2022-12-09 12:00:00,30.94
2022-12-10 00:00:00,27.989
2022-12-10 12:00:00,39.267
2022-12-11 00:00:00,61.479
2022-12-11 12:00:00,69.296
2022-12-12 00:00:00,59.401
2022-12-12 12:00:00,15019.975
2022-12-13 00:00:00,39.363
2022-12-13 12:00:00,57.061
2022-12-14 00:00:00,54.452
2022-12-14 12:00:00,28.616
2022-12-15 00:00:00,46.284
2022-12-15 12:00:00,16.893
2022-12-16 00:00:00,34.348
2022-12-16 12:00:00,40.601
2022-12-17 00:00:00,63.183
2022-12-17 12:00:00,70.966
2022-12-18 00:00:00,68.585
2022-12-18 12:00:00,69.706
2022-12-19 00:00:00,67.702
2022-12-19 12:00:00,68.384
2022-12-20 00:00:00,67.55
2022-12-20 12:00:00,62.817
2022-12-21 00:00:00,61.26
2022-12-21 12:00:00,60.568
2022-12-22 00:00:00,61.284
2022-12-22 12:00:00,64.051
2022-12-23 00:00:00,31.211
2022-12-23 12:00:00,35.746
2022-12-24 00:00:00,24.842
2022-12-24 12:00:00,18.934
2022-12-25 00:00:00,21.372
2022-12-25 12:00:00,23.026
2022-12-26 00:00:00,27.36
2022-12-26 12:00:00,56.587
2022-12-27 00:00:00,58.79
2022-12-27 12:00:00,56.305
2022-12-28 00:00:00,29.434
2022-12-28 12:00:00,16.185
2022-12-29 00:00:00,18.755
2022-12-29 12:00:00,21.037
2022-12-30 00:00:00,19.757
2022-12-30 12:00:00,18.151
2022-12-31 00:00:00,23.764
2022-12-31 12:00:00,73.79
2023-01-01 00:00:00,73.234
2023-01-01 12:00:00,70.092
2023-01-02 00:00:00,71.893
2023-01-02 12:00:00,71.431
2023-01-03 00:00:00,71.213
2023-01-03 12:00:00,71.685
2023-01-04 00:00:00,71.607
2023-01-04 12:00:00,64.973
2023-01-05 00:00:00,69.893
2023-01-05 12:00:00,61.175
2023-01-06 00:00:00,66.714
2023-01-06 12:00:00,68.472
2023-01-07 00:00:00,67.883
2023-01-07 12:00:00,68.177
2023-01-08 00:00:00,69.5
2023-01-08 12:00:00,69.932
2023-01-09 00:00:00,71.054
2023-01-09 12:00:00,54.195
2023-01-10 00:00:00,51.329
2023-01-10 12:00:00,66.355
2023-01-11 00:00:00,58.533
2023-01-11 12:00:00,66.65
2023-01-12 00:00:00,70.584
2023-01-12 12:00:00,70.262
2023-01-13 00:00:00,69.47
2023-01-13 12:00:00,68.617
2023-01-14 00:00:00,68.503
2023-01-14 12:00:00,67.46
2023-01-15 00:00:00,65.87
2023-01-15 12:00:00,64.868
2023-01-16 00:00:00,60.184
2023-01-16 12:00:00,60.965
2023-01-17 00:00:00,66.618
2023-01-17 12:00:00,65.223
2023-01-18 00:00:00,57.669
2023-01-18 12:00:00,56.539
2023-01-19 00:00:00,53.892
2023-01-19 12:00:00,48.4
2023-01-20 00:00:00,50.53
2023-01-20 12:00:00,54.157
2023-01-21 00:00:00,60.592
2023-01-21 12:00:00,45.436
2023-01-22 00:00:00,12.203
2023-01-22 12:00:00,16.23
2023-01-23 00:00:00,19.85
2023-01-23 12:00:00,19.322
2023-01-24 00:00:00,19.129
2023-01-24 12:00:00,20.966
2023-01-25 00:00:00,19.023
2023-01-25 12:00:00,19.303
2023-01-26 00:00:00,13.035
2023-01-26 12:00:00,20011.901
2023-01-27 00:00:00,17.496
2023-01-27 12:00:00,18.527
2023-01-28 00:00:00,18.201
2023-01-28 12:00:00,14.8
2023-01-29 00:00:00,15.879
2023-01-29 12:00:00,16.975
2023-01-30 00:00:00,17.812
2023-01-30 12:00:00,18.139
2023-01-31 00:00:00,16.842
2023-01-31 12:00:00,21.069
2023-02-01 00:00:00,15.995
2023-02-01 12:00:00,35.723
2023-02-02 00:00:00,13.004
2023-02-02 12:00:00,15.829
2023-02-03 00:00:00,15.88
2023-02-03 12:00:00,19.042
2023-02-04 00:00:00,19.156
2023-02-04 12:00:00,18.434
2023-02-05 00:00:00,21.752
2023-02-05 12:00:00,28.022
2023-02-06 00:00:00,31.286
2023-02-06 12:00:00,35.367
2023-02-07 00:00:00,34.36
2023-02-07 12:00:00,36.712
2023-02-08 00:00:00,37.709
2023-02-08 12:00:00,38.336
2023-02-09 00:00:00,38.825
2023-02-09 12:00:00,37.558
2023-02-10 00:00:00,39.949
2023-02-10 12:00:00,40.77
2023-02-11 00:00:00,40.899
2023-02-11 12:00:00,38.676
2023-02-12 00:00:00,42.064
2023-02-12 12:00:00,52.392
2023-02-13 00:00:00,62.757
2023-02-13 12:00:00,67.839
2023-02-14 00:00:00,66.09
2023-02-14 12:00:00,67.344
2023-02-15 00:00:00,69.782
2023-02-15 12:00:00,68.318
2023-02-16 00:00:00,68.105
2023-02-16 12:00:00,67.842
2023-02-17 00:00:00,66.087
2023-02-17 12:00:00,66.49
2023-02-18 00:00:00,52.769
2023-02-18 12:00:00,16.744
2023-02-19 00:00:00,30.751
2023-02-19 12:00:00,49.177
2023-02-20 00:00:00,65.271
2023-02-20 12:00:00,67.694
2023-02-21 00:00:00,24.968
2023-02-21 12:00:00,19.002
2023-02-22 00:00:00,20.681
2023-02-22 12:00:00,19.784
2023-02-23 00:00:00,23.443
2023-02-23 12:00:00,23.887
2023-02-24 00:00:00,22.302
2023-02-24 12:00:00,21.679
2023-02-25 00:00:00,27.68
2023-02-25 12:00:00,30.618
2023-02-26 00:00:00,31.213
2023-02-26 12:00:00,41.78
2023-02-27 00:00:00,35.729
2023-02-27 12:00:00,33.604
2023-02-28 00:00:00,31.68
2023-02-28 12:00:00,33.268
2023-03-01 00:00:00,37.228
2023-03-01 12:00:00,37.743
2023-03-02 00:00:00,38.162
2023-03-02 12:00:00,38.056
2023-03-03 00:00:00,42.568
2023-03-03 12:00:00,39.852
2023-03-04 00:00:00,32.692
2023-03-04 12:00:00,40.709
2023-03-05 00:00:00,55.793
2023-03-05 12:00:00,62.942
2023-03-06 00:00:00,67.48
2023-03-06 12:00:00,68.033
2023-03-07 00:00:00,71.938
2023-03-07 12:00:00,71.522
2023-03-08 00:00:00,68.279
2023-03-08 12:00:00,65.465
2023-03-09 00:00:00,64.774
2023-03-09 12:00:00,68.035
2023-03-10 00:00:00,66.637
2023-03-10 12:00:00,69.772
2023-03-11 00:00:00,68.397
2023-03-11 12:00:00,67.925
2023-03-12 00:00:00,61.727
2023-03-12 12:00:00,15021.876
2023-03-13 00:00:00,20.057
2023-03-13 12:00:00,19.13
2023-03-14 00:00:00,18.882
2023-03-14 12:00:00,14.875
2023-03-15 00:00:00,15.812
2023-03-15 12:00:00,25.716
2023-03-16 00:00:00,30.967
2023-03-16 12:00:00,19.445
2023-03-17 00:00:00,13.687
2023-03-17 12:00:00,14.779
2023-03-18 00:00:00,18.193
2023-03-18 12:00:00,20.726
2023-03-19 00:00:00,22.658
2023-03-19 12:00:00,22.842
2023-03-20 00:00:00,20.702
2023-03-20 12:00:00,21.294
2023-03-21 00:00:00,20.84
2023-03-21 12:00:00,23.087
2023-03-22 00:00:00,26.336
2023-03-22 12:00:00,25.665
2023-03-23 00:00:00,28.32
2023-03-23 12:00:00,22.311
2023-03-24 00:00:00,23.517
2023-03-24 12:00:00,24.07
2023-03-25 00:00:00,22.197
2023-03-25 12:00:00,23.209
2023-03-26 00:00:00,26.595
2023-03-26 12:00:00,31.798
2023-03-27 00:00:00,31.164
2023-03-27 12:00:00,33.293
2023-03-28 00:00:00,32.448
2023-03-28 12:00:00,33.894
2023-03-29 00:00:00,34.244
2023-03-29 12:00:00,34.0
2023-03-30 00:00:00,37.624
2023-03-30 12:00:00,35.876
2023-03-31 00:00:00,32.535
2023-03-31 12:00:00,30.804
2023-04-01 00:00:00,5031.742
2023-04-01 12:00:00,5026.475
2023-04-02 00:00:00,36.062
2023-04-02 12:00:00,20059.71
2023-04-03 00:00:00,15055.03
2023-04-03 12:00:00,59.808
2023-04-04 00:00:00,59.349
2023-04-04 12:00:00,5064.794
2023-04-05 00:00:00,69.721
2023-04-05 12:00:00,70.441
2023-04-06 00:00:00,70.181
2023-04-06 12:00:00,69.315
2023-04-07 00:00:00,5065.608
2023-04-07 12:00:00,68.752
2023-04-08 00:00:00,69.797
2023-04-08 12:00:00,70.815
2023-04-09 00:00:00,5032.305
2023-04-09 12:00:00,35.431
2023-04-10 00:00:00,43.433
2023-04-10 12:00:00,39.753
2023-04-11 00:00:00,44.316
2023-04-11 12:00:00,39.429
2023-04-12 00:00:00,53.003
2023-04-12 12:00:00,45.297
2023-04-13 00:00:00,47.786
2023-04-13 12:00:00,66.798
2023-04-14 00:00:00,65.972
2023-04-14 12:00:00,38.235
2023-04-15 00:00:00,46.737
2023-04-15 12:00:00,27.089
2023-04-16 00:00:00,16.025
2023-04-16 12:00:00,5024.24
2023-04-17 00:00:00,10029.621
2023-04-17 12:00:00,5044.723
2023-04-18 00:00:00,54.313
2023-04-18 12:00:00,15061.325
2023-04-19 00:00:00,52.084
2023-04-19 12:00:00,25.029
2023-04-20 00:00:00,43.75
2023-04-20 12:00:00,68.494
2023-04-21 00:00:00,67.658
2023-04-21 12:00:00,5065.004
2023-04-22 00:00:00,5058.369
2023-04-22 12:00:00,57.066
2023-04-23 00:00:00,57.035
2023-04-23 12:00:00,52.819
2023-04-24 00:00:00,25027.689
2023-04-24 12:00:00,20040.905
2023-04-25 00:00:00,40.169
2023-04-25 12:00:00,5051.176
2023-04-26 00:00:00,50032.499
2023-04-26 12:00:00,20014.853
2023-04-27 00:00:00,51.058
2023-04-27 12:00:00,13.719
2023-04-28 00:00:00,10015.295
2023-04-28 12:00:00,22.104
2023-04-29 00:00:00,5021.683
2023-04-29 12:00:00,22.682
2023-04-30 00:00:00,30.09
2023-04-30 12:00:00,30.364
2023-05-01 00:00:00,33.298
2023-05-01 12:00:00,35.029
2023-05-02 00:00:00,36.377
2023-05-02 12:00:00,35.972
2023-05-03 00:00:00,36.95
2023-05-03 12:00:00,36.117
2023-05-04 00:00:00,36.759
2023-05-04 12:00:00,38.136
2023-05-05 00:00:00,38.46
2023-05-05 12:00:00,36.849
2023-05-06 00:00:00,36.795
2023-05-06 12:00:00,37.641
2023-05-07 00:00:00,44.975
2023-05-07 12:00:00,45.287
2023-05-08 00:00:00,41.919
2023-05-08 12:00:00,53.727
2023-05-09 00:00:00,68.473
2023-05-09 12:00:00,71.677
2023-05-10 00:00:00,72.76
2023-05-10 12:00:00,70.897
2023-05-11 00:00:00,70.694
2023-05-11 12:00:00,68.914
2023-05-12 00:00:00,62.401
2023-05-12 12:00:00,23.003
2023-05-13 00:00:00,13.532
2023-05-13 12:00:00,14.406
2023-05-14 00:00:00,37.555
2023-05-14 12:00:00,65.816
2023-05-15 00:00:00,66.413
2023-05-15 12:00:00,5059.693
2023-05-16 00:00:00,14.241
2023-05-16 12:00:00,16.397
2023-05-17 00:00:00,22.021
2023-05-17 12:00:00,25.509
2023-05-18 00:00:00,32.235
2023-05-18 12:00:00,21.974
2023-05-19 00:00:00,48.825
2023-05-19 12:00:00,67.668
2023-05-20 00:00:00,67.465
2023-05-20 12:00:00,5024.21
2023-05-21 00:00:00,15.148
2023-05-21 12:00:00,14.886
2023-05-22 00:00:00,15.675
2023-05-22 12:00:00,16.076
2023-05-23 00:00:00,17.852
2023-05-23 12:00:00,17.382
2023-05-24 00:00:00,16.538
2023-05-24 12:00:00,15.242
2023-05-25 00:00:00,13.779
2023-05-25 12:00:00,35.428
2023-05-26 00:00:00,32.852
2023-05-26 12:00:00,13.793
2023-05-27 00:00:00,17.04
2023-05-27 12:00:00,18.353
2023-05-28 00:00:00,17.291
2023-05-28 12:00:00,17.622
2023-05-29 00:00:00,17.093
2023-05-29 12:00:00,16.429
2023-05-30 00:00:00,22.048
2023-05-30 12:00:00,24.803
2023-05-31 00:00:00,21.359
2023-05-31 12:00:00,23.605
2023-06-01 00:00:00,29.062
2023-06-01 12:00:00,5027.162
2023-06-02 00:00:00,27.189
2023-06-02 12:00:00,28.214
2023-06-03 00:00:00,5029.623
2023-06-03 12:00:00,31.5
2023-06-04 00:00:00,30.211
2023-06-04 12:00:00,15024.856
2023-06-05 00:00:00,5029.396
2023-06-05 12:00:00,30.686
2023-06-06 00:00:00,5029.606
2023-06-06 12:00:00,32.863
2023-06-07 00:00:00,30.827
2023-06-07 12:00:00,32.316
2023-06-08 00:00:00,31.526
2023-06-08 12:00:00,21.294
2023-06-09 00:00:00,20.053
2023-06-09 12:00:00,34.167
2023-06-10 00:00:00,34.238
2023-06-10 12:00:00,15018.536
2023-06-11 00:00:00,5018.776
2023-06-11 12:00:00,23.254
2023-06-12 00:00:00,16.748
2023-06-12 12:00:00,15.603
2023-06-13 00:00:00,15.383
2023-06-13 12:00:00,62.986
2023-06-14 00:00:00,67.316
2023-06-14 12:00:00,70.108
2023-06-15 00:00:00,44.14
2023-06-15 12:00:00,57.141
2023-06-16 00:00:00,19.002
2023-06-16 12:00:00,22.166
2023-06-17 00:00:00,20.7
2023-06-17 12:00:00,18.128
2023-06-18 00:00:00,5016.069
2023-06-18 12:00:00,30.383
2023-06-19 00:00:00,5063.264
2023-06-19 12:00:00,71.515
2023-06-20 00:00:00,10061.336
2023-06-20 12:00:00,10061.994
2023-06-21 00:00:00,68.825
2023-06-21 12:00:00,58.608
2023-06-22 00:00:00,27.111
2023-06-22 12:00:00,15025.768
2023-06-23 00:00:00,5028.499
2023-06-23 12:00:00,15014.821
2023-06-24 00:00:00,10012.988
2023-06-24 12:00:00,5031.341
2023-06-25 00:00:00,48.463
2023-06-25 12:00:00,17.951
2023-06-26 00:00:00,18.439
2023-06-26 12:00:00,16.632
2023-06-27 00:00:00,15.163
2023-06-27 12:00:00,14.641
2023-06-28 00:00:00,16.49
2023-06-28 12:00:00,5017.24
2023-06-29 00:00:00,21.091
2023-06-29 12:00:00,27.286
2023-06-30 00:00:00,30.771
2023-06-30 12:00:00,34.109
2023-07-01 00:00:00,36.144
2023-07-01 12:00:00,36.207
2023-07-02 00:00:00,35.251
2023-07-02 12:00:00,34.294
2023-07-03 00:00:00,34.514
2023-07-03 12:00:00,36.531
2023-07-04 00:00:00,35.334
2023-07-04 12:00:00,33.75
2023-07-05 00:00:00,35.171
2023-07-05 12:00:00,20028.425
2023-07-06 00:00:00,36.219
2023-07-06 12:00:00,38.153
2023-07-07 00:00:00,40.308
2023-07-07 12:00:00,42.628
2023-07-08 00:00:00,10038.56
2023-07-08 12:00:00,40.54
2023-07-09 00:00:00,5027.467
2023-07-09 12:00:00,5029.772
2023-07-10 00:00:00,31.293
2023-07-10 12:00:00,33.224
2023-07-11 00:00:00,31.834
2023-07-11 12:00:00,32.469
2023-07-12 00:00:00,5041.07
2023-07-12 12:00:00,36.149
2023-07-13 00:00:00,62.903
2023-07-13 12:00:00,74.228
2023-07-14 00:00:00,10041.539
2023-07-14 12:00:00,40.185
2023-07-15 00:00:00,17.942
2023-07-15 12:00:00,5017.842
2023-07-16 00:00:00,25015.69
2023-07-16 12:00:00,15018.663
2023-07-17 00:00:00,20.55
2023-07-17 12:00:00,18.824
2023-07-18 00:00:00,10016.078
2023-07-18 12:00:00,10013.906
2023-07-19 00:00:00,14.531
2023-07-19 12:00:00,15.447
2023-07-20 00:00:00,5014.94
2023-07-20 12:00:00,45.695
2023-07-21 00:00:00,15.817
2023-07-21 12:00:00,5015.824
2023-07-22 00:00:00,22.167
2023-07-22 12:00:00,21.843
2023-07-23 00:00:00,32.477
2023-07-23 12:00:00,40.189
2023-07-24 00:00:00,43.05
2023-07-24 12:00:00,42.386
2023-07-25 00:00:00,5035.764
2023-07-25 12:00:00,15027.876
2023-07-26 00:00:00,40.024
2023-07-26 12:00:00,42.904
2023-07-27 00:00:00,39.309
2023-07-27 12:00:00,18.206
2023-07-28 00:00:00,10033.483
2023-07-28 12:00:00,27.306
2023-07-29 00:00:00,22.428
2023-07-29 12:00:00,18.005
2023-07-30 00:00:00,17.07
2023-07-30 12:00:00,5018.314
2023-07-31 00:00:00,19.939
2023-07-31 12:00:00,15016.651
2023-08-01 00:00:00,20015.122
2023-08-01 12:00:00,5018.546
2023-08-02 00:00:00,17.836
2023-08-02 12:00:00,25012.559
2023-08-03 00:00:00,15014.433
2023-08-03 12:00:00,35010.413
2023-08-04 00:00:00,25012.752
2023-08-04 12:00:00,15014.82
2023-08-05 00:00:00,40010.221
2023-08-05 12:00:00,10018.831
2023-08-06 00:00:00,24.333
2023-08-06 12:00:00,28.931
2023-08-07 00:00:00,31.762
2023-08-07 12:00:00,5032.423
2023-08-08 00:00:00,37.697
2023-08-08 12:00:00,5031.92
2023-08-09 00:00:00,15028.079
2023-08-09 12:00:00,34.473
2023-08-10 00:00:00,32.652
2023-08-10 12:00:00,5033.261
2023-08-11 00:00:00,35.871
2023-08-11 12:00:00,38.025
2023-08-12 00:00:00,25026.837
2023-08-12 12:00:00,20.786
2023-08-13 00:00:00,10014.998
2023-08-13 12:00:00,15020.28
2023-08-14 00:00:00,15033.401
2023-08-14 12:00:00,52.215
2023-08-15 00:00:00,69.003
2023-08-15 12:00:00,70.697
2023-08-16 00:00:00,5039.188
2023-08-16 12:00:00,43.419
2023-08-17 00:00:00,29.381
2023-08-17 12:00:00,5016.437
2023-08-18 00:00:00,36.669
2023-08-18 12:00:00,15.901
2023-08-19 00:00:00,18.929
2023-08-19 12:00:00,27.133
2023-08-20 00:00:00,32.529
2023-08-20 12:00:00,5059.151
2023-08-21 00:00:00,37.926
2023-08-21 12:00:00,17.285
2023-08-22 00:00:00,17.22
2023-08-22 12:00:00,17.584
2023-08-23 00:00:00,5037.079
2023-08-23 12:00:00,65.3
2023-08-24 00:00:00,5064.62
2023-08-24 12:00:00,5051.521
2023-08-25 00:00:00,10028.271
2023-08-25 12:00:00,10015.683
2023-08-26 00:00:00,5016.783
2023-08-26 12:00:00,14.985
2023-08-27 00:00:00,62.876
2023-08-27 12:00:00,26.633
2023-08-28 00:00:00,17.642
2023-08-28 12:00:00,25.883
2023-08-29 00:00:00,35.177
2023-08-29 12:00:00,54.678
2023-08-30 00:00:00,54.806
2023-08-30 12:00:00,60.272
2023-08-31 00:00:00,59.974
2023-08-31 12:00:00,22.932
2023-09-01 00:00:00,27.501
2023-09-01 12:00:00,31.533
2023-09-02 00:00:00,38.936
2023-09-02 12:00:00,33.138
2023-09-03 00:00:00,32.473
2023-09-03 12:00:00,38.41
2023-09-04 00:00:00,42.265
2023-09-04 12:00:00,40.63
2023-09-05 00:00:00,20.639
2023-09-05 12:00:00,16.898
2023-09-06 00:00:00,17.115
2023-09-06 12:00:00,19.58
2023-09-07 00:00:00,22.198
2023-09-07 12:00:00,67.133
2023-09-08 00:00:00,71.279
2023-09-08 12:00:00,15060.461
2023-09-09 00:00:00,15059.736
2023-09-09 12:00:00,69.703
2023-09-10 00:00:00,70.184
2023-09-10 12:00:00,70.72
2023-09-11 00:00:00,70.323
2023-09-11 12:00:00,66.53
2023-09-12 00:00:00,67.921
2023-09-12 12:00:00,49.606
2023-09-13 00:00:00,46.767
2023-09-13 12:00:00,5023.891
2023-09-14 00:00:00,15.757
2023-09-14 12:00:00,16.024
2023-09-15 00:00:00,17.634
2023-09-15 12:00:00,24.547
2023-09-16 00:00:00,47.761
2023-09-16 12:00:00,5025.731
2023-09-17 00:00:00,23.849
2023-09-17 12:00:00,20014.193
2023-09-18 00:00:00,40019.374
2023-09-18 12:00:00,20019.883
2023-09-19 00:00:00,37.529
2023-09-19 12:00:00,10019.948
2023-09-20 00:00:00,49.197
2023-09-20 12:00:00,5034.75
2023-09-21 00:00:00,57.724
2023-09-21 12:00:00,22.71
2023-09-22 00:00:00,5013.38
2023-09-22 12:00:00,47.567
2023-09-23 00:00:00,5062.299
2023-09-23 12:00:00,64.96
2023-09-24 00:00:00,61.464
2023-09-24 12:00:00,20043.704
2023-09-25 00:00:00,10053.265
2023-09-25 12:00:00,20.966
2023-09-26 00:00:00,22.134
2023-09-26 12:00:00,22.172
2023-09-27 00:00:00,24.175
2023-09-27 12:00:00,27.496
2023-09-28 00:00:00,30.894
2023-09-28 12:00:00,36.995
2023-09-29 00:00:00,38.442
2023-09-29 12:00:00,37.081
2023-09-30 00:00:00,35.342
2023-09-30 12:00:00,36.003
2023-10-01 00:00:00,37.423
2023-10-01 12:00:00,37.616
2023-10-02 00:00:00,36.727
2023-10-02 12:00:00,36.953
2023-10-03 00:00:00,35.876
2023-10-03 12:00:00,36.13
2023-10-04 00:00:00,40.215
2023-10-04 12:00:00,41.438
2023-10-05 00:00:00,40.857
2023-10-05 12:00:00,38.995
2023-10-06 00:00:00,39.243
2023-10-06 12:00:00,5038.457
2023-10-07 00:00:00,40.229
2023-10-07 12:00:00,33.653
2023-10-08 00:00:00,26.436
2023-10-08 12:00:00,28.128
2023-10-09 00:00:00,29.49
2023-10-09 12:00:00,33.131
2023-10-10 00:00:00,33.423
2023-10-10 12:00:00,33.409
2023-10-11 00:00:00,34.39
2023-10-11 12:00:00,37.956
2023-10-12 00:00:00,42.89
2023-10-12 12:00:00,43.381
2023-10-13 00:00:00,40.133
2023-10-13 12:00:00,37.788
2023-10-14 00:00:00,34.074
2023-10-14 12:00:00,33.61
2023-10-15 00:00:00,32.949
2023-10-15 12:00:00,34.921
2023-10-16 00:00:00,33.758
2023-10-16 12:00:00,31.574
2023-10-17 00:00:00,10028.057
2023-10-17 12:00:00,34.602
2023-10-18 00:00:00,34.92
2023-10-18 12:00:00,5035.095
2023-10-19 00:00:00,35.305
2023-10-19 12:00:00,36.924
2023-10-20 00:00:00,39.833
2023-10-20 12:00:00,39.189
2023-10-21 00:00:00,38.103
2023-10-21 12:00:00,39.191
2023-10-22 00:00:00,40.437
2023-10-22 12:00:00,41.631
2023-10-23 00:00:00,42.123
2023-10-23 12:00:00,41.892
2023-10-24 00:00:00,15037.03
2023-10-24 12:00:00,41.216
2023-10-25 00:00:00,41.469
2023-10-25 12:00:00,40.479
2023-10-26 00:00:00,38.32
2023-10-26 12:00:00,39.059
2023-10-27 00:00:00,39.368
2023-10-27 12:00:00,40.303
2023-10-28 00:00:00,5038.614
2023-10-28 12:00:00,5037.317
2023-10-29 00:00:00,5036.863
2023-10-29 12:00:00,39.291
2023-10-30 00:00:00,38.781
2023-10-30 12:00:00,39.809
2023-10-31 00:00:00,39.538
2023-10-31 12:00:00,5038.221
2023-11-01 00:00:00,10035.609
2023-11-01 12:00:00,5036.227
2023-11-02 00:00:00,35.924
2023-11-02 12:00:00,5033.221
2023-11-03 00:00:00,5037.565
2023-11-03 12:00:00,5039.034
2023-11-04 00:00:00,40.408
2023-11-04 12:00:00,34.871
2023-11-05 00:00:00,34.07
2023-11-05 12:00:00,35.344
2023-11-06 00:00:00,38.291
2023-11-06 12:00:00,5037.36
2023-11-07 00:00:00,40.172
2023-11-07 12:00:00,38.844
2023-11-08 00:00:00,62.152
2023-11-08 12:00:00,71.231
2023-11-09 00:00:00,38.388
2023-11-09 12:00:00,28.788
2023-11-10 00:00:00,59.854
2023-11-10 12:00:00,63.681
2023-11-11 00:00:00,74.008
2023-11-11 12:00:00,72.876
2023-11-12 00:00:00,73.607
2023-11-12 12:00:00,72.148
2023-11-13 00:00:00,73.713
2023-11-13 12:00:00,68.843
2023-11-14 00:00:00,72.306
2023-11-14 12:00:00,52.917
2023-11-15 00:00:00,43.553
2023-11-15 12:00:00,71.913
2023-11-16 00:00:00,45.208
2023-11-16 12:00:00,29.248
2023-11-17 00:00:00,39.65
2023-11-17 12:00:00,71.912
2023-11-18 00:00:00,71.727
2023-11-18 12:00:00,65.746
2023-11-19 00:00:00,33.2
2023-11-19 12:00:00,34.756
2023-11-20 00:00:00,35.199
2023-11-20 12:00:00,36.76
2023-11-21 00:00:00,41.371
2023-11-21 12:00:00,44.506
2023-11-22 00:00:00,44.995
2023-11-22 12:00:00,44.679
2023-11-23 00:00:00,42.36
2023-11-23 12:00:00,42.015
2023-11-24 00:00:00,42.642
2023-11-24 12:00:00,44.513
2023-11-25 00:00:00,45.284
2023-11-25 12:00:00,44.353
2023-11-26 00:00:00,43.994
2023-11-26 12:00:00,44.934
2023-11-27 00:00:00,45.288
2023-11-27 12:00:00,44.098
2023-11-28 00:00:00,44.276
2023-11-28 12:00:00,41.537
2023-11-29 00:00:00,40.848
2023-11-29 12:00:00,42.881
2023-11-30 00:00:00,44.627
2023-11-30 12:00:00,45.853
2023-12-01 00:00:00,43.944
2023-12-01 12:00:00,44.4
2023-12-02 00:00:00,51.274
2023-12-02 12:00:00,76.32
2023-12-03 00:00:00,40.877
2023-12-03 12:00:00,21.365
2023-12-04 00:00:00,21.722
2023-12-04 12:00:00,21.834
2023-12-05 00:00:00,21.423
2023-12-05 12:00:00,5029.801
2023-12-06 00:00:00,24.49
2023-12-06 12:00:00,10023.023
2023-12-07 00:00:00,5025.163
2023-12-07 12:00:00,26.591
2023-12-08 00:00:00,15022.204
2023-12-08 12:00:00,10021.396
2023-12-09 00:00:00,25.615
2023-12-09 12:00:00,5028.192
2023-12-10 00:00:00,20027.916
2023-12-10 12:00:00,5033.222
2023-12-11 00:00:00,30025.975
2023-12-11 12:00:00,10033.212
2023-12-12 00:00:00,20030.936
2023-12-12 12:00:00,5036.574
2023-12-13 00:00:00,10036.45
2023-12-13 12:00:00,43.019
2023-12-14 00:00:00,10038.672
2023-12-14 12:00:00,15037.228
2023-12-15 00:00:00,85005.903
2023-12-15 12:00:00,99999.0
2023-12-16 00:00:00,99999.0
2023-12-16 12:00:00,99999.0
2023-12-17 00:00:00,99999.0
2023-12-17 12:00:00,99999.0
2023-12-18 00:00:00,99999.0
2023-12-18 12:00:00,99999.0
2023-12-19 00:00:00,99999.0
2023-12-19 12:00:00,99999.0
2023-12-20 00:00:00,99999.0
2023-12-20 12:00:00,99999.0
2023-12-21 00:00:00,99999.0
2023-12-21 12:00:00,99999.0
2023-12-22 00:00:00,99999.0
2023-12-22 12:00:00,99999.0
2023-12-23 00:00:00,99999.0
2023-12-23 12:00:00,99999.0
2023-12-24 00:00:00,99999.0
2023-12-24 12:00:00,99999.0
2023-12-25 00:00:00,99999.0
2023-12-25 12:00:00,99999.0
2023-12-26 00:00:00,99999.0
2023-12-26 12:00:00,99999.0
2023-12-27 00:00:00,99999.0
2023-12-27 12:00:00,99999.0
2023-12-28 00:00:00,99999.0
2023-12-28 12:00:00,99999.0
2023-12-29 00:00:00,99999.0
2023-12-29 12:00:00,99999.0
2023-12-30 00:00:00,99999.0
2023-12-30 12:00:00,99999.0
2023-12-31 00:00:00,99999.0
2023-12-31 12:00:00,99999.0
2024-01-01 00:00:00,99999.0
2024-01-01 12:00:00,99999.0
2024-01-02 00:00:00,99999.0
2024-01-02 12:00:00,99999.0
2024-01-03 00:00:00,99999.0
2024-01-03 12:00:00,99999.0
2024-01-04 00:00:00,99999.0
2024-01-04 12:00:00,99999.0
2024-01-05 00:00:00,99999.0
2024-01-05 12:00:00,99999.0
2024-01-06 00:00:00,99999.0
2024-01-06 12:00:00,99999.0
2024-01-07 00:00:00,99999.0
2024-01-07 12:00:00,99999.0
2024-01-08 00:00:00,99999.0
2024-01-08 12:00:00,99999.0
2024-01-09 00:00:00,99999.0
2024-01-09 12:00:00,99999.0
2024-01-10 00:00:00,99999.0
2024-01-10 12:00:00,99999.0
2024-01-11 00:00:00,99999.0
2024-01-11 12:00:00,99999.0
2024-01-12 00:00:00,99999.0
2024-01-12 12:00:00,99999.0
2024-01-13 00:00:00,99999.0
2024-01-13 12:00:00,99999.0
2024-01-14 00:00:00,99999.0
2024-01-14 12:00:00,99999.0
2024-01-15 00:00:00,99999.0
2024-01-15 12:00:00,99999.0
2024-01-16 00:00:00,99999.0
2024-01-16 12:00:00,99999.0
2024-01-17 00:00:00,99999.0
2024-01-17 12:00:00,99999.0
2024-01-18 00:00:00,99999.0
2024-01-18 12:00:00,99999.0
2024-01-19 00:00:00,99999.0
2024-01-19 12:00:00,99999.0
2024-01-20 00:00:00,99999.0
2024-01-20 12:00:00,99999.0
2024-01-21 00:00:00,99999.0
2024-01-21 12:00:00,99999.0
2024-01-22 00:00:00,99999.0
2024-01-22 12:00:00,99999.0
2024-01-23 00:00:00,99999.0
2024-01-23 12:00:00,99999.0
2024-01-24 00:00:00,99999.0
2024-01-24 12:00:00,99999.0
2024-01-25 00:00:00,99999.0
2024-01-25 12:00:00,99999.0
2024-01-26 00:00:00,99999.0
2024-01-26 12:00:00,99999.0
2024-01-27 00:00:00,99999.0
2024-01-27 12:00:00,99999.0
2024-01-28 00:00:00,99999.0
2024-01-28 12:00:00,99999.0
2024-01-29 00:00:00,99999.0
2024-01-29 12:00:00,99999.0
2024-01-30 00:00:00,99999.0
2024-01-30 12:00:00,99999.0
2024-01-31 00:00:00,99999.0
2024-01-31 12:00:00,99999.0
2024-02-01 00:00:00,99999.0
2024-02-01 12:00:00,99999.0
2024-02-02 00:00:00,99999.0
2024-02-02 12:00:00,99999.0
2024-02-03 00:00:00,99999.0
2024-02-03 12:00:00,99999.0
2024-02-04 00:00:00,99999.0
2024-02-04 12:00:00,99999.0
2024-02-05 00:00:00,99999.0
2024-02-05 12:00:00,99999.0
2024-02-06 00:00:00,99999.0
2024-02-06 12:00:00,99999.0
2024-02-07 00:00:00,99999.0
2024-02-07 12:00:00,99999.0
2024-02-08 00:00:00,99999.0
2024-02-08 12:00:00,99999.0
2024-02-09 00:00:00,99999.0
2024-02-09 12:00:00,99999.0
2024-02-10 00:00:00,99999.0
2024-02-10 12:00:00,99999.0
2024-02-11 00:00:00,99999.0
2024-02-11 12:00:00,99999.0
2024-02-12 00:00:00,99999.0
2024-02-12 12:00:00,99999.0
2024-02-13 00:00:00,99999.0
2024-02-13 12:00:00,99999.0
2024-02-14 00:00:00,99999.0
2024-02-14 12:00:00,99999.0
2024-02-15 00:00:00,99999.0
2024-02-15 12:00:00,99999.0
2024-02-16 00:00:00,99999.0
2024-02-16 12:00:00,99999.0
2024-02-17 00:00:00,99999.0
2024-02-17 12:00:00,99999.0
2024-02-18 00:00:00,99999.0
2024-02-18 12:00:00,99999.0
2024-02-19 00:00:00,99999.0
2024-02-19 12:00:00,99999.0
2024-02-20 00:00:00,99999.0
2024-02-20 12:00:00,99999.0
2024-02-21 00:00:00,99999.0
2024-02-21 12:00:00,99999.0
2024-02-22 00:00:00,99999.0
2024-02-22 12:00:00,99999.0
2024-02-23 00:00:00,99999.0
2024-02-23 12:00:00,99999.0
2024-02-24 00:00:00,99999.0
2024-02-24 12:00:00,99999.0
2024-02-25 00:00:00,99999.0
2024-02-25 12:00:00,99999.0
2024-02-26 00:00:00,99999.0
2024-02-26 12:00:00,99999.0
2024-02-27 00:00:00,99999.0
2024-02-27 12:00:00,99999.0
2024-02-28 00:00:00,99999.0
2024-02-28 12:00:00,99999.0
2024-02-29 00:00:00,99999.0
2024-02-29 12:00:00,99999.0
2024-03-01 00:00:00,99999.0
2024-03-01 12:00:00,99999.0
2024-03-02 00:00:00,99999.0
2024-03-02 12:00:00,99999.0
2024-03-03 00:00:00,99999.0
2024-03-03 12:00:00,99999.0
2024-03-04 00:00:00,99999.0
2024-03-04 12:00:00,99999.0
2024-03-05 00:00:00,99999.0
2024-03-05 12:00:00,99999.0
2024-03-06 00:00:00,99999.0
2024-03-06 12:00:00,99999.0
2024-03-07 00:00:00,99999.0
2024-03-07 12:00:00,99999.0
2024-03-08 00:00:00,99999.0
2024-03-08 12:00:00,99999.0
2024-03-09 00:00:00,99999.0
2024-03-09 12:00:00,99999.0
2024-03-10 00:00:00,99999.0
2024-03-10 12:00:00,99999.0
2024-03-11 00:00:00,99999.0
2024-03-11 12:00:00,99999.0
2024-03-12 00:00:00,99999.0
2024-03-12 12:00:00,99999.0
2024-03-13 00:00:00,99999.0
2024-03-13 12:00:00,99999.0
2024-03-14 00:00:00,99999.0
2024-03-14 12:00:00,99999.0
2024-03-15 00:00:00,99999.0
2024-03-15 12:00:00,99999.0
2024-03-16 00:00:00,99999.0
2024-03-16 12:00:00,99999.0
2024-03-17 00:00:00,99999.0
2024-03-17 12:00:00,99999.0
2024-03-18 00:00:00,99999.0
2024-03-18 12:00:00,99999.0
2024-03-19 00:00:00,99999.0
2024-03-19 12:00:00,99999.0
2024-03-20 00:00:00,99999.0
2024-03-20 12:00:00,99999.0
2024-03-21 00:00:00,99999.0
2024-03-21 12:00:00,99999.0
2024-03-22 00:00:00,99999.0
2024-03-22 12:00:00,99999.0
2024-03-23 00:00:00,99999.0
2024-03-23 12:00:00,99999.0
2024-03-24 00:00:00,99999.0
2024-03-24 12:00:00,99999.0
2024-03-25 00:00:00,99999.0
2024-03-25 12:00:00,99999.0
2024-03-26 00:00:00,99999.0
2024-03-26 12:00:00,99999.0
2024-03-27 00:00:00,99999.0
2024-03-27 12:00:00,99999.0
2024-03-28 00:00:00,99999.0
2024-03-28 12:00:00,99999.0
2024-03-29 00:00:00,99999.0
2024-03-29 12:00:00,99999.0
2024-03-30 00:00:00,99999.0
2024-03-30 12:00:00,99999.0
2024-03-31 00:00:00,99999.0
2024-03-31 12:00:00,99999.0
2024-04-01 00:00:00,99999.0
2024-04-01 12:00:00,99999.0
2024-04-02 00:00:00,99999.0
2024-04-02 12:00:00,99999.0
2024-04-03 00:00:00,99999.0
2024-04-03 12:00:00,99999.0
2024-04-04 00:00:00,99999.0
2024-04-04 12:00:00,99999.0
2024-04-05 00:00:00,99999.0
2024-04-05 12:00:00,99999.0
2024-04-06 00:00:00,99999.0
2024-04-06 12:00:00,99999.0
2024-04-07 00:00:00,99999.0
2024-04-07 12:00:00,99999.0
2024-04-08 00:00:00,99999.0
2024-04-08 12:00:00,99999.0
2024-04-09 00:00:00,99999.0
2024-04-09 12:00:00,99999.0
2024-04-10 00:00:00,99999.0
2024-04-10 12:00:00,99999.0
2024-04-11 00:00:00,99999.0
2024-04-11 12:00:00,99999.0
2024-04-12 00:00:00,99999.0
2024-04-12 12:00:00,99999.0
2024-04-13 00:00:00,99999.0
2024-04-13 12:00:00,99999.0
2024-04-14 00:00:00,99999.0
2024-04-14 12:00:00,99999.0
2024-04-15 00:00:00,99999.0
2024-04-15 12:00:00,99999.0
2024-04-16 00:00:00,99999.0
2024-04-16 12:00:00,99999.0
2024-04-17 00:00:00,99999.0
2024-04-17 12:00:00,99999.0
2024-04-18 00:00:00,99999.0
2024-04-18 12:00:00,99999.0
2024-04-19 00:00:00,99999.0
2024-04-19 12:00:00,99999.0
2024-04-20 00:00:00,99999.0
2024-04-20 12:00:00,99999.0
2024-04-21 00:00:00,99999.0
2024-04-21 12:00:00,99999.0
2024-04-22 00:00:00,99999.0
2024-04-22 12:00:00,99999.0
2024-04-23 00:00:00,99999.0
2024-04-23 12:00:00,99999.0
2024-04-24 00:00:00,99999.0
2024-04-24 12:00:00,99999.0
2024-04-25 00:00:00,99999.0
2024-04-25 12:00:00,99999.0
2024-04-26 00:00:00,99999.0
2024-04-26 12:00:00,99999.0
2024-04-27 00:00:00,99999.0
2024-04-27 12:00:00,99999.0
2024-04-28 00:00:00,99999.0
2024-04-28 12:00:00,99999.0
2024-04-29 00:00:00,99999.0
2024-04-29 12:00:00,99999.0
2024-04-30 00:00:00,99999.0
2024-04-30 12:00:00,99999.0
2024-05-01 00:00:00,99999.0
2024-05-01 12:00:00,99999.0
2024-05-02 00:00:00,99999.0
2024-05-02 12:00:00,99999.0
2024-05-03 00:00:00,99999.0
2024-05-03 12:00:00,99999.0
2024-05-04 00:00:00,99999.0
2024-05-04 12:00:00,99999.0
2024-05-05 00:00:00,99999.0
2024-05-05 12:00:00,99999.0
2024-05-06 00:00:00,99999.0
2024-05-06 12:00:00,99999.0
2024-05-07 00:00:00,99999.0
2024-05-07 12:00:00,99999.0
2024-05-08 00:00:00,99999.0
2024-05-08 12:00:00,99999.0
2024-05-09 00:00:00,99999.0
2024-05-09 12:00:00,99999.0
2024-05-10 00:00:00,99999.0
2024-05-10 12:00:00,99999.0
2024-05-11 00:00:00,99999.0
2024-05-11 12:00:00,99999.0
2024-05-12 00:00:00,99999.0
2024-05-12 12:00:00,99999.0
2024-05-13 00:00:00,99999.0
2024-05-13 12:00:00,99999.0
2024-05-14 00:00:00,99999.0
2024-05-14 12:00:00,99999.0
2024-05-15 00:00:00,99999.0
2024-05-15 12:00:00,99999.0
2024-05-16 00:00:00,99999.0
2024-05-16 12:00:00,99999.0
2024-05-17 00:00:00,99999.0
2024-05-17 12:00:00,99999.0
2024-05-18 00:00:00,99999.0
2024-05-18 12:00:00,99999.0
2024-05-19 00:00:00,99999.0
2024-05-19 12:00:00,99999.0
2024-05-20 00:00:00,99999.0
2024-05-20 12:00:00,99999.0
2024-05-21 00:00:00,99999.0
2024-05-21 12:00:00,99999.0
2024-05-22 00:00:00,99999.0
2024-05-22 12:00:00,99999.0
2024-05-23 00:00:00,99999.0
2024-05-23 12:00:00,99999.0
2024-05-24 00:00:00,99999.0
2024-05-24 12:00:00,99999.0
2024-05-25 00:00:00,99999.0
2024-05-25 12:00:00,99999.0
2024-05-26 00:00:00,99999.0
2024-05-26 12:00:00,99999.0
2024-05-27 00:00:00,99999.0
2024-05-27 12:00:00,99999.0
2024-05-28 00:00:00,99999.0
2024-05-28 12:00:00,99999.0
2024-05-29 00:00:00,99999.0
2024-05-29 12:00:00,99999.0
2024-05-30 00:00:00,99999.0
2024-05-30 12:00:00,99999.0
2024-05-31 00:00:00,99999.0
2024-05-31 12:00:00,99999.0
2024-06-01 00:00:00,99999.0
2024-06-01 12:00:00,99999.0
2024-06-02 00:00:00,99999.0
2024-06-02 12:00:00,99999.0
2024-06-03 00:00:00,99999.0
2024-06-03 12:00:00,99999.0
2024-06-04 00:00:00,99999.0
2024-06-04 12:00:00,99999.0
2024-06-05 00:00:00,99999.0
2024-06-05 12:00:00,99999.0
2024-06-06 00:00:00,99999.0
2024-06-06 12:00:00,99999.0
2024-06-07 00:00:00,99999.0
2024-06-07 12:00:00,99999.0
2024-06-08 00:00:00,99999.0
2024-06-08 12:00:00,99999.0
2024-06-09 00:00:00,99999.0
2024-06-09 12:00:00,99999.0
2024-06-10 00:00:00,99999.0
2024-06-10 12:00:00,99999.0
2024-06-11 00:00:00,99999.0
2024-06-11 12:00:00,99999.0
2024-06-12 00:00:00,99999.0
2024-06-12 12:00:00,99999.0
2024-06-13 00:00:00,99999.0
2024-06-13 12:00:00,99999.0
2024-06-14 00:00:00,99999.0
2024-06-14 12:00:00,99999.0
2024-06-15 00:00:00,99999.0
2024-06-15 12:00:00,99999.0
2024-06-16 00:00:00,99999.0
2024-06-16 12:00:00,99999.0
2024-06-17 00:00:00,99999.0
2024-06-17 12:00:00,99999.0
2024-06-18 00:00:00,99999.0
2024-06-18 12:00:00,99999.0
2024-06-19 00:00:00,99999.0
2024-06-19 12:00:00,99999.0
2024-06-20 00:00:00,99999.0
2024-06-20 12:00:00,99999.0
2024-06-21 00:00:00,99999.0
2024-06-21 12:00:00,99999.0
2024-06-22 00:00:00,99999.0
2024-06-22 12:00:00,99999.0
2024-06-23 00:00:00,99999.0
2024-06-23 12:00:00,99999.0
2024-06-24 00:00:00,99999.0
2024-06-24 12:00:00,99999.0
2024-06-25 00:00:00,99999.0
2024-06-25 12:00:00,99999.0
2024-06-26 00:00:00,99999.0
2024-06-26 12:00:00,99999.0
2024-06-27 00:00:00,99999.0
2024-06-27 12:00:00,99999.0
2024-06-28 00:00:00,99999.0
2024-06-28 12:00:00,99999.0
2024-06-29 00:00:00,99999.0
2024-06-29 12:00:00,99999.0
2024-06-30 00:00:00,99999.0
2024-06-30 12:00:00,99999.0
2024-07-01 00:00:00,99999.0
2024-07-01 12:00:00,99999.0
2024-07-02 00:00:00,99999.0
2024-07-02 12:00:00,99999.0
2024-07-03 00:00:00,99999.0
2024-07-03 12:00:00,99999.0
2024-07-04 00:00:00,99999.0
2024-07-04 12:00:00,99999.0
2024-07-05 00:00:00,99999.0
2024-07-05 12:00:00,99999.0
2024-07-06 00:00:00,99999.0
2024-07-06 12:00:00,99999.0
2024-07-07 00:00:00,99999.0
2024-07-07 12:00:00,99999.0
2024-07-08 00:00:00,99999.0
2024-07-08 12:00:00,99999.0
2024-07-09 00:00:00,99999.0
2024-07-09 12:00:00,99999.0
2024-07-10 00:00:00,99999.0
2024-07-10 12:00:00,99999.0
2024-07-11 00:00:00,99999.0
2024-07-11 12:00:00,99999.0
2024-07-12 00:00:00,99999.0
2024-07-12 12:00:00,99999.0
2024-07-13 00:00:00,99999.0
2024-07-13 12:00:00,99999.0
2024-07-14 00:00:00,99999.0
2024-07-14 12:00:00,99999.0
2024-07-15 00:00:00,99999.0
2024-07-15 12:00:00,99999.0
2024-07-16 00:00:00,99999.0
2024-07-16 12:00:00,99999.0
2024-07-17 00:00:00,99999.0
2024-07-17 12:00:00,99999.0
2024-07-18 00:00:00,99999.0
2024-07-18 12:00:00,99999.0
2024-07-19 00:00:00,99999.0
2024-07-19 12:00:00,99999.0
2024-07-20 00:00:00,99999.0
2024-07-20 12:00:00,99999.0
2024-07-21 00:00:00,99999.0
2024-07-21 12:00:00,99999.0
2024-07-22 00:00:00,99999.0
2024-07-22 12:00:00,99999.0
2024-07-23 00:00:00,99999.0
2024-07-23 12:00:00,99999.0
2024-07-24 00:00:00,99999.0
2024-07-24 12:00:00,99999.0
2024-07-25 00:00:00,99999.0
2024-07-25 12:00:00,99999.0
2024-07-26 00:00:00,99999.0
2024-07-26 12:00:00,99999.0
2024-07-27 00:00:00,99999.0
2024-07-27 12:00:00,99999.0
2024-07-28 00:00:00,99999.0
2024-07-28 12:00:00,99999.0
2024-07-29 00:00:00,99999.0
2024-07-29 12:00:00,99999.0
2024-07-30 00:00:00,99999.0
2024-07-30 12:00:00,99999.0
2024-07-31 00:00:00,99999.0
2024-07-31 12:00:00,99999.0
2024-08-01 00:00:00,99999.0
2024-08-01 12:00:00,99999.0
2024-08-02 00:00:00,99999.0
2024-08-02 12:00:00,99999.0
2024-08-03 00:00:00,99999.0
2024-08-03 12:00:00,99999.0
2024-08-04 00:00:00,99999.0
2024-08-04 12:00:00,99999.0
2024-08-05 00:00:00,99999.0
2024-08-05 12:00:00,99999.0
2024-08-06 00:00:00,99999.0
2024-08-06 12:00:00,99999.0
2024-08-07 00:00:00,99999.0
2024-08-07 12:00:00,99999.0
2024-08-08 00:00:00,99999.0
2024-08-08 12:00:00,99999.0
2024-08-09 00:00:00,99999.0
2024-08-09 12:00:00,99999.0
2024-08-10 00:00:00,99999.0
2024-08-10 12:00:00,99999.0
2024-08-11 00:00:00,99999.0
2024-08-11 12:00:00,99999.0
2024-08-12 00:00:00,99999.0
2024-08-12 12:00:00,99999.0
2024-08-13 00:00:00,99999.0
2024-08-13 12:00:00,99999.0
2024-08-14 00:00:00,99999.0
2024-08-14 12:00:00,99999.0
2024-08-15 00:00:00,99999.0
2024-08-15 12:00:00,99999.0
2024-08-16 00:00:00,99999.0
2024-08-16 12:00:00,99999.0
2024-08-17 00:00:00,99999.0
2024-08-17 12:00:00,99999.0
2024-08-18 00:00:00,99999.0
2024-08-18 12:00:00,99999.0
2024-08-19 00:00:00,99999.0
2024-08-19 12:00:00,99999.0
2024-08-20 00:00:00,99999.0
2024-08-20 12:00:00,99999.0
2024-08-21 00:00:00,99999.0
2024-08-21 12:00:00,99999.0
2024-08-22 00:00:00,99999.0
2024-08-22 12:00:00,99999.0
2024-08-23 00:00:00,99999.0
2024-08-23 12:00:00,99999.0
2024-08-24 00:00:00,99999.0
2024-08-24 12:00:00,99999.0
2024-08-25 00:00:00,99999.0
2024-08-25 12:00:00,99999.0
2024-08-26 00:00:00,99999.0
2024-08-26 12:00:00,99999.0
2024-08-27 00:00:00,99999.0
2024-08-27 12:00:00,99999.0
2024-08-28 00:00:00,99999.0
2024-08-28 12:00:00,99999.0
2024-08-29 00:00:00,99999.0
2024-08-29 12:00:00,99999.0
2024-08-30 00:00:00,99999.0
2024-08-30 12:00:00,99999.0
2024-08-31 00:00:00,99999.0
2024-08-31 12:00:00,99999.0
2024-09-01 00:00:00,99999.0
2024-09-01 12:00:00,99999.0
2024-09-02 00:00:00,99999.0
2024-09-02 12:00:00,99999.0
2024-09-03 00:00:00,99999.0
2024-09-03 12:00:00,99999.0
2024-09-04 00:00:00,99999.0
2024-09-04 12:00:00,99999.0
2024-09-05 00:00:00,99999.0
2024-09-05 12:00:00,99999.0
2024-09-06 00:00:00,99999.0
2024-09-06 12:00:00,99999.0
2024-09-07 00:00:00,99999.0
2024-09-07 12:00:00,99999.0
2024-09-08 00:00:00,99999.0
2024-09-08 12:00:00,99999.0
2024-09-09 00:00:00,99999.0
2024-09-09 12:00:00,99999.0
2024-09-10 00:00:00,99999.0
2024-09-10 12:00:00,99999.0
2024-09-11 00:00:00,99999.0
2024-09-11 12:00:00,99999.0
2024-09-12 00:00:00,99999.0
2024-09-12 12:00:00,99999.0
2024-09-13 00:00:00,99999.0
2024-09-13 12:00:00,99999.0
2024-09-14 00:00:00,99999.0
2024-09-14 12:00:00,99999.0
2024-09-15 00:00:00,99999.0
2024-09-15 12:00:00,99999.0
2024-09-16 00:00:00,99999.0
2024-09-16 12:00:00,99999.0
2024-09-17 00:00:00,99999.0
2024-09-17 12:00:00,99999.0
2024-09-18 00:00:00,99999.0
2024-09-18 12:00:00,99999.0
2024-09-19 00:00:00,99999.0
2024-09-19 12:00:00,99999.0
2024-09-20 00:00:00,99999.0
2024-09-20 12:00:00,99999.0
2024-09-21 00:00:00,99999.0
2024-09-21 12:00:00,99999.0
2024-09-22 00:00:00,99999.0
2024-09-22 12:00:00,99999.0
2024-09-23 00:00:00,99999.0
2024-09-23 12:00:00,99999.0
2024-09-24 00:00:00,99999.0
2024-09-24 12:00:00,99999.0
2024-09-25 00:00:00,99999.0
2024-09-25 12:00:00,99999.0
2024-09-26 00:00:00,99999.0
2024-09-26 12:00:00,99999.0
2024-09-27 00:00:00,99999.0
2024-09-27 12:00:00,99999.0
2024-09-28 00:00:00,99999.0
2024-09-28 12:00:00,99999.0
2024-09-29 00:00:00,99999.0
2024-09-29 12:00:00,99999.0
2024-09-30 00:00:00,99999.0
2024-09-30 12:00:00,99999.0
2024-10-01 00:00:00,99999.0
2024-10-01 12:00:00,99999.0
2024-10-02 00:00:00,99999.0
2024-10-02 12:00:00,99999.0
2024-10-03 00:00:00,99999.0
2024-10-03 12:00:00,99999.0
2024-10-04 00:00:00,99999.0
2024-10-04 12:00:00,99999.0
2024-10-05 00:00:00,99999.0
2024-10-05 12:00:00,99999.0
2024-10-06 00:00:00,99999.0
2024-10-06 12:00:00,99999.0
2024-10-07 00:00:00,99999.0
2024-10-07 12:00:00,99999.0
2024-10-08 00:00:00,99999.0
2024-10-08 12:00:00,99999.0
2024-10-09 00:00:00,99999.0
2024-10-09 12:00:00,99999.0
2024-10-10 00:00:00,99999.0
2024-10-10 12:00:00,99999.0
2024-10-11 00:00:00,99999.0
2024-10-11 12:00:00,99999.0
2024-10-12 00:00:00,99999.0
2024-10-12 12:00:00,99999.0
2024-10-13 00:00:00,99999.0
2024-10-13 12:00:00,99999.0
2024-10-14 00:00:00,99999.0
2024-10-14 12:00:00,99999.0
2024-10-15 00:00:00,99999.0
2024-10-15 12:00:00,99999.0
2024-10-16 00:00:00,99999.0
2024-10-16 12:00:00,99999.0
2024-10-17 00:00:00,99999.0
2024-10-17 12:00:00,99999.0
2024-10-18 00:00:00,99999.0
2024-10-18 12:00:00,99999.0
2024-10-19 00:00:00,99999.0
2024-10-19 12:00:00,99999.0
2024-10-20 00:00:00,99999.0
2024-10-20 12:00:00,99999.0
2024-10-21 00:00:00,99999.0
2024-10-21 12:00:00,99999.0
2024-10-22 00:00:00,99999.0
2024-10-22 12:00:00,99999.0
2024-10-23 00:00:00,99999.0
2024-10-23 12:00:00,99999.0
2024-10-24 00:00:00,99999.0
2024-10-24 12:00:00,99999.0
2024-10-25 00:00:00,99999.0
2024-10-25 12:00:00,99999.0
2024-10-26 00:00:00,99999.0
2024-10-26 12:00:00,99999.0
2024-10-27 00:00:00,99999.0
2024-10-27 12:00:00,99999.0
2024-10-28 00:00:00,99999.0
2024-10-28 12:00:00,99999.0
2024-10-29 00:00:00,99999.0
2024-10-29 12:00:00,99999.0
2024-10-30 00:00:00,99999.0
2024-10-30 12:00:00,99999.0
2024-10-31 00:00:00,99999.0
2024-10-31 12:00:00,99999.0
2024-11-01 00:00:00,99999.0
2024-11-01 12:00:00,99999.0
2024-11-02 00:00:00,99999.0
2024-11-02 12:00:00,99999.0
2024-11-03 00:00:00,99999.0
2024-11-03 12:00:00,99999.0
2024-11-04 00:00:00,99999.0
2024-11-04 12:00:00,99999.0
2024-11-05 00:00:00,99999.0
2024-11-05 12:00:00,99999.0
2024-11-06 00:00:00,99999.0
2024-11-06 12:00:00,99999.0
2024-11-07 00:00:00,99999.0
2024-11-07 12:00:00,99999.0
2024-11-08 00:00:00,99999.0
2024-11-08 12:00:00,99999.0
2024-11-09 00:00:00,99999.0
2024-11-09 12:00:00,99999.0
2024-11-10 00:00:00,99999.0
2024-11-10 12:00:00,99999.0
2024-11-11 00:00:00,99999.0
2024-11-11 12:00:00,99999.0
2024-11-12 00:00:00,99999.0
2024-11-12 12:00:00,99999.0
2024-11-13 00:00:00,99999.0
2024-11-13 12:00:00,99999.0
2024-11-14 00:00:00,99999.0
2024-11-14 12:00:00,99999.0
2024-11-15 00:00:00,99999.0
2024-11-15 12:00:00,99999.0
2024-11-16 00:00:00,99999.0
2024-11-16 12:00:00,99999.0
2024-11-17 00:00:00,99999.0
2024-11-17 12:00:00,99999.0
2024-11-18 00:00:00,99999.0
2024-11-18 12:00:00,99999.0
2024-11-19 00:00:00,99999.0
2024-11-19 12:00:00,99999.0
2024-11-20 00:00:00,99999.0
2024-11-20 12:00:00,99999.0
2024-11-21 00:00:00,99999.0
2024-11-21 12:00:00,99999.0
2024-11-22 00:00:00,99999.0
2024-11-22 12:00:00,99999.0
2024-11-23 00:00:00,99999.0
2024-11-23 12:00:00,99999.0
2024-11-24 00:00:00,99999.0
2024-11-24 12:00:00,99999.0
2024-11-25 00:00:00,99999.0
2024-11-25 12:00:00,99999.0
2024-11-26 00:00:00,99999.0
2024-11-26 12:00:00,99999.0
2024-11-27 00:00:00,99999.0
2024-11-27 12:00:00,99999.0
2024-11-28 00:00:00,99999.0
2024-11-28 12:00:00,99999.0
2024-11-29 00:00:00,99999.0
2024-11-29 12:00:00,99999.0
2024-11-30 00:00:00,99999.0
2024-11-30 12:00:00,99999.0
2024-12-01 00:00:00,99999.0
2024-12-01 12:00:00,99999.0
2024-12-02 00:00:00,99999.0
2024-12-02 12:00:00,99999.0
2024-12-03 00:00:00,99999.0
2024-12-03 12:00:00,99999.0
2024-12-04 00:00:00,99999.0
2024-12-04 12:00:00,99999.0
2024-12-05 00:00:00,99999.0
2024-12-05 12:00:00,99999.0
2024-12-06 00:00:00,99999.0
2024-12-06 12:00:00,99999.0
2024-12-07 00:00:00,99999.0
2024-12-07 12:00:00,99999.0
2024-12-08 00:00:00,99999.0
2024-12-08 12:00:00,99999.0
2024-12-09 00:00:00,99999.0
2024-12-09 12:00:00,99999.0
2024-12-10 00:00:00,99999.0
2024-12-10 12:00:00,99999.0
2024-12-11 00:00:00,99999.0
2024-12-11 12:00:00,99999.0
2024-12-12 00:00:00,99999.0
2024-12-12 12:00:00,99999.0
2024-12-13 00:00:00,99999.0
2024-12-13 12:00:00,99999.0
2024-12-14 00:00:00,99999.0
2024-12-14 12:00:00,99999.0
2024-12-15 00:00:00,99999.0
2024-12-15 12:00:00,99999.0
2024-12-16 00:00:00,99999.0
2024-12-16 12:00:00,99999.0
2024-12-17 00:00:00,99999.0
2024-12-17 12:00:00,99999.0
2024-12-18 00:00:00,99999.0
2024-12-18 12:00:00,99999.0
2024-12-19 00:00:00,99999.0
2024-12-19 12:00:00,99999.0
2024-12-20 00:00:00,15031.134
2024-12-20 12:00:00,10033.456
2024-12-21 00:00:00,35025.38
2024-12-21 12:00:00,15033.553
2024-12-22 00:00:00,10035.069
2024-12-22 12:00:00,15033.413
2024-12-23 00:00:00,15032.562
2024-12-23 12:00:00,10034.041
2024-12-24 00:00:00,15032.904
2024-12-24 12:00:00,20031.113
2024-12-25 00:00:00,10034.475
2024-12-25 12:00:00,30025.219
2024-12-26 00:00:00,15030.658
2024-12-26 12:00:00,5033.663
2024-12-27 00:00:00,15030.602
2024-12-27 12:00:00,10034.024
2024-12-28 00:00:00,5036.622
2024-12-28 12:00:00,10034.691
2024-12-29 00:00:00,15032.346
2024-12-29 12:00:00,5036.169
2024-12-30 00:00:00,35.368
2024-12-30 12:00:00,34.043
2024-12-31 00:00:00,5034.311
2024-12-31 12:00:00,10033.932
2025-01-01 00:00:00,15031.768
2025-01-01 12:00:00,10035.159
2025-01-02 00:00:00,5039.366
2025-01-02 12:00:00,30030.055
2025-01-03 00:00:00,25031.547
2025-01-03 12:00:00,15033.211
2025-01-04 00:00:00,5038.217
2025-01-04 12:00:00,10037.257
2025-01-05 00:00:00,20033.419
2025-01-05 12:00:00,15034.779
2025-01-06 00:00:00,10033.429
2025-01-06 12:00:00,15029.808
2025-01-07 00:00:00,5032.146
2025-01-07 12:00:00,20026.99
2025-01-08 00:00:00,5034.394
2025-01-08 12:00:00,10032.765
2025-01-09 00:00:00,10033.83
2025-01-09 12:00:00,15031.785
2025-01-10 00:00:00,10033.956
2025-01-10 12:00:00,15032.149
2025-01-11 00:00:00,5033.864
2025-01-11 12:00:00,10025.721
2025-01-12 00:00:00,5026.907
2025-01-12 12:00:00,10026.797
2025-01-13 00:00:00,5029.644
2025-01-13 12:00:00,5026.536
2025-01-14 00:00:00,5026.393
2025-01-14 12:00:00,25.875
2025-01-15 00:00:00,44.884
2025-01-15 12:00:00,71.953
2025-01-16 00:00:00,73.803
2025-01-16 12:00:00,72.133
2025-01-17 00:00:00,22.742
2025-01-17 12:00:00,25.266
2025-01-18 00:00:00,5027.634
2025-01-18 12:00:00,30.62
2025-01-19 00:00:00,31.364
2025-01-19 12:00:00,33.521
2025-01-20 00:00:00,45.422
2025-01-20 12:00:00,51.599
2025-01-21 00:00:00,56.645
2025-01-21 12:00:00,61.168
2025-01-22 00:00:00,20050.661
2025-01-22 12:00:00,34.007
2025-01-23 00:00:00,24.411
2025-01-23 12:00:00,29.322
2025-01-24 00:00:00,31.741
2025-01-24 12:00:00,34.013
2025-01-25 00:00:00,37.68
2025-01-25 12:00:00,38.491
2025-01-26 00:00:00,38.247
2025-01-26 12:00:00,41.616
2025-01-27 00:00:00,52.886
2025-01-27 12:00:00,56.923
2025-01-28 00:00:00,57.22
2025-01-28 12:00:00,80010.561
2025-01-29 00:00:00,99999.0
2025-01-29 12:00:00,99999.0
2025-01-30 00:00:00,65010.701
2025-01-30 12:00:00,32.647
2025-01-31 00:00:00,34.768
2025-01-31 12:00:00,35.971
2025-02-01 00:00:00,38.197
2025-02-01 12:00:00,39.704
2025-02-02 00:00:00,40.913
2025-02-02 12:00:00,45.558
2025-02-03 00:00:00,48.283
2025-02-03 12:00:00,40025.792
2025-02-04 00:00:00,99999.0
2025-02-04 12:00:00,99999.0
2025-02-05 00:00:00,99999.0
2025-02-05 12:00:00,5036.093
2025-02-06 00:00:00,38.111
2025-02-06 12:00:00,10034.874
2025-02-07 00:00:00,41.134
2025-02-07 12:00:00,42.35
2025-02-08 00:00:00,42.257
2025-02-08 12:00:00,5038.777
2025-02-09 00:00:00,5038.268
2025-02-09 12:00:00,5037.527
2025-02-10 00:00:00,38.6
2025-02-10 12:00:00,37.056
2025-02-11 00:00:00,5033.628
2025-02-11 12:00:00,10032.565
2025-02-12 00:00:00,25027.469
2025-02-12 12:00:00,15032.47
2025-02-13 00:00:00,20031.053
2025-02-13 12:00:00,20031.545
2025-02-14 00:00:00,10035.491
2025-02-14 12:00:00,5037.072
2025-02-15 00:00:00,5037.531
2025-02-15 12:00:00,5035.548
2025-02-16 00:00:00,33.868
2025-02-16 12:00:00,33.692
2025-02-17 00:00:00,33.66
2025-02-17 12:00:00,34.34
2025-02-18 00:00:00,34.821
2025-02-18 12:00:00,36.268
2025-02-19 00:00:00,36.461
2025-02-19 12:00:00,38.511
2025-02-20 00:00:00,10035.282
2025-02-20 12:00:00,39.74
2025-02-21 00:00:00,39.291
2025-02-21 12:00:00,37.007
2025-02-22 00:00:00,10031.913
2025-02-22 12:00:00,34.341
2025-02-23 00:00:00,34.45
2025-02-23 12:00:00,10032.625
2025-02-24 00:00:00,36.156
2025-02-24 12:00:00,36.966
2025-02-25 00:00:00,15032.725
2025-02-25 12:00:00,39.569
2025-02-26 00:00:00,38.966
2025-02-26 12:00:00,38.026
2025-02-27 00:00:00,36.799
2025-02-27 12:00:00,5034.389
2025-02-28 00:00:00,36.228
2025-02-28 12:00:00,35.277
2025-03-01 00:00:00,5033.744
2025-03-01 12:00:00,10031.176
2025-03-02 00:00:00,35.072
2025-03-02 12:00:00,5033.289
2025-03-03 00:00:00,5033.688
2025-03-03 12:00:00,36.366
2025-03-04 00:00:00,20030.942
2025-03-04 12:00:00,37.225
2025-03-05 00:00:00,5033.652
2025-03-05 12:00:00,35.128
2025-03-06 00:00:00,34.677
2025-03-06 12:00:00,33.941
2025-03-07 00:00:00,5031.267
2025-03-07 12:00:00,20026.614
2025-03-08 00:00:00,15028.858
2025-03-08 12:00:00,5033.189
2025-03-09 00:00:00,10033.91
2025-03-09 12:00:00,39.743
2025-03-10 00:00:00,40.189
2025-03-10 12:00:00,41.997
2025-03-11 00:00:00,40.328
2025-03-11 12:00:00,5035.97
2025-03-12 00:00:00,35.996
2025-03-12 12:00:00,34.92
2025-03-13 00:00:00,15029.222
2025-03-13 12:00:00,35.504
2025-03-14 00:00:00,5033.156
2025-03-14 12:00:00,35.428
2025-03-15 00:00:00,37.982
2025-03-15 12:00:00,40.417
2025-03-16 00:00:00,40.72
2025-03-16 12:00:00,39.18
2025-03-17 00:00:00,41.043
2025-03-17 12:00:00,10036.219
2025-03-18 00:00:00,36.63
2025-03-18 12:00:00,35.074
2025-03-19 00:00:00,35.96
2025-03-19 12:00:00,5035.699
2025-03-20 00:00:00,37.218
2025-03-20 12:00:00,38.882
2025-03-21 00:00:00,38.157
2025-03-21 12:00:00,40.282
2025-03-22 00:00:00,42.703
2025-03-22 12:00:00,43.122
2025-03-23 00:00:00,43.91
2025-03-23 12:00:00,40.929
2025-03-24 00:00:00,36.636
2025-03-24 12:00:00,35.469
2025-03-25 00:00:00,35.881
2025-03-25 12:00:00,36.594
2025-03-26 00:00:00,39.816
2025-03-26 12:00:00,42.36
2025-03-27 00:00:00,44.424
2025-03-27 12:00:00,45.198
2025-03-28 00:00:00,46.551
2025-03-28 12:00:00,47.307
2025-03-29 00:00:00,46.247
2025-03-29 12:00:00,46.016
2025-03-30 00:00:00,43.181
2025-03-30 12:00:00,40.545
2025-03-31 00:00:00,40.126
2025-03-31 12:00:00,15034.666
2025-04-01 00:00:00,15035.657
2025-04-01 12:00:00,5041.387
2025-04-02 00:00:00,5041.689
2025-04-02 12:00:00,44.643
2025-04-03 00:00:00,5043.553
2025-04-03 12:00:00,46.736
2025-04-04 00:00:00,10042.411
2025-04-04 12:00:00,5044.75
2025-04-05 00:00:00,10039.66
2025-04-05 12:00:00,5039.305
2025-04-06 00:00:00,15034.45
2025-04-06 12:00:00,39.615
2025-04-07 00:00:00,40.273
2025-04-07 12:00:00,42.411
2025-04-08 00:00:00,42.437
2025-04-08 12:00:00,5040.049
2025-04-09 00:00:00,15034.642
2025-04-09 12:00:00,41.772
2025-04-10 00:00:00,10037.374
2025-04-10 12:00:00,40.11
2025-04-11 00:00:00,5036.534
2025-04-11 12:00:00,5035.704
2025-04-12 00:00:00,10032.972
2025-04-12 12:00:00,5034.994
2025-04-13 00:00:00,36.427
2025-04-13 12:00:00,5035.61
2025-04-14 00:00:00,5035.357
2025-04-14 12:00:00,15031.008
2025-04-15 00:00:00,10032.309
2025-04-15 12:00:00,15029.849
2025-04-16 00:00:00,10032.644
2025-04-16 12:00:00,5035.411
2025-04-17 00:00:00,20030.093
2025-04-17 12:00:00,5034.74
2025-04-18 00:00:00,5033.055
2025-04-18 12:00:00,10028.843
2025-04-19 00:00:00,30.453
2025-04-19 12:00:00,10032.304
2025-04-20 00:00:00,5023.302
2025-04-20 12:00:00,34.608
2025-04-21 00:00:00,15042.946
2025-04-21 12:00:00,5057.938
2025-04-22 00:00:00,20041.495
2025-04-22 12:00:00,62.113
2025-04-23 00:00:00,37.223
2025-04-23 12:00:00,28.445
2025-04-24 00:00:00,25.141
2025-04-24 12:00:00,26.561
2025-04-25 00:00:00,5030.686
2025-04-25 12:00:00,5032.616
2025-04-26 00:00:00,10032.218
2025-04-26 12:00:00,15031.296
2025-04-27 00:00:00,37.874
2025-04-27 12:00:00,5034.824
2025-04-28 00:00:00,33.56
2025-04-28 12:00:00,32.842
2025-04-29 00:00:00,31.041
2025-04-29 12:00:00,31.597
2025-04-30 00:00:00,5031.189
2025-04-30 12:00:00,34.363
2025-05-01 00:00:00,15028.965
2025-05-01 12:00:00,34.581
2025-05-02 00:00:00,5032.891
2025-05-02 12:00:00,35.059
2025-05-03 00:00:00,5032.859
2025-05-03 12:00:00,35.797
2025-05-04 00:00:00,34.975
2025-05-04 12:00:00,33.156
2025-05-05 00:00:00,31.924
2025-05-05 12:00:00,5029.88
2025-05-06 00:00:00,32.162
2025-05-06 12:00:00,5030.38
2025-05-07 00:00:00,33.852
2025-05-07 12:00:00,33.199
2025-05-08 00:00:00,32.933
2025-05-08 12:00:00,5032.413
2025-05-09 00:00:00,34.141
2025-05-09 12:00:00,30.951
2025-05-10 00:00:00,35.686
2025-05-10 12:00:00,36.029
2025-05-11 00:00:00,30.842
2025-05-11 12:00:00,30.534
2025-05-12 00:00:00,31.247
2025-05-12 12:00:00,5031.114
2025-05-13 00:00:00,33.94
2025-05-13 12:00:00,5033.421
2025-05-14 00:00:00,5035.283
2025-05-14 12:00:00,39.046
2025-05-15 00:00:00,38.929
2025-05-15 12:00:00,41.063
2025-05-16 00:00:00,41.327
2025-05-16 12:00:00,39.256
2025-05-17 00:00:00,35.262
2025-05-17 12:00:00,34.083
2025-05-18 00:00:00,34.583
2025-05-18 12:00:00,35.712
2025-05-19 00:00:00,36.625
2025-05-19 12:00:00,10036.205
2025-05-20 00:00:00,41.51
2025-05-20 12:00:00,43.399
2025-05-21 00:00:00,10040.908
2025-05-21 12:00:00,48.72
2025-05-22 00:00:00,49.88
2025-05-22 12:00:00,45.401
2025-05-23 00:00:00,39.032
2025-05-23 12:00:00,37.321
2025-05-24 00:00:00,35.993
2025-05-24 12:00:00,5034.276
2025-05-25 00:00:00,37.433
2025-05-25 12:00:00,37.827
2025-05-26 00:00:00,10034.186
2025-05-26 12:00:00,42.88
2025-05-27 00:00:00,5043.042
2025-05-27 12:00:00,45.192
2025-05-28 00:00:00,5044.109
2025-05-28 12:00:00,44.766
2025-05-29 00:00:00,39.369
2025-05-29 12:00:00,36.414
2025-05-30 00:00:00,35.385
2025-05-30 12:00:00,35.675
2025-05-31 00:00:00,35.845
2025-05-31 12:00:00,38.198
2025-06-01 00:00:00,39.919
2025-06-01 12:00:00,42.953
2025-06-02 00:00:00,5042.187
2025-06-02 12:00:00,43.705
2025-06-03 00:00:00,43.636
2025-06-03 12:00:00,40.182
2025-06-04 00:00:00,38.554
2025-06-04 12:00:00,36.925
2025-06-05 00:00:00,36.884
2025-06-05 12:00:00,10033.68
2025-06-06 00:00:00,5035.06
2025-06-06 12:00:00,39.372
2025-06-07 00:00:00,41.985
2025-06-07 12:00:00,5041.896
2025-06-08 00:00:00,44.098
2025-06-08 12:00:00,5042.041
2025-06-09 00:00:00,42.267
2025-06-09 12:00:00,43.813
2025-06-10 00:00:00,43.218
2025-06-10 12:00:00,39.335
2025-06-11 00:00:00,36.435
2025-06-11 12:00:00,10033.859
2025-06-12 00:00:00,15033.181
2025-06-12 12:00:00,5039.375
2025-06-13 00:00:00,5041.478
2025-06-13 12:00:00,20036.15
2025-06-14 00:00:00,10040.684
2025-06-14 12:00:00,5042.38
2025-06-15 00:00:00,15036.641
2025-06-15 12:00:00,5040.119
2025-06-16 00:00:00,5039.109
2025-06-16 12:00:00,5038.764
2025-06-17 00:00:00,20032.208
2025-06-17 12:00:00,5037.873
2025-06-18 00:00:00,5038.274
2025-06-18 12:00:00,5038.47
2025-06-19 00:00:00,41.649
2025-06-19 12:00:00,42.604
2025-06-20 00:00:00,20033.669
2025-06-20 12:00:00,41.881
2025-06-21 00:00:00,5038.865
2025-06-21 12:00:00,10037.107
2025-06-22 00:00:00,25031.162
2025-06-22 12:00:00,39.86
2025-06-23 00:00:00,15031.648
2025-06-23 12:00:00,5034.952
2025-06-24 00:00:00,5035.976
2025-06-24 12:00:00,5038.001
2025-06-25 00:00:00,20032.319
2025-06-25 12:00:00,41.273
2025-06-26 00:00:00,42.708
2025-06-26 12:00:00,15036.636
2025-06-27 00:00:00,10037.69
2025-06-27 12:00:00,41.722
2025-06-28 00:00:00,5038.117
2025-06-28 12:00:00,5036.437
2025-06-29 00:00:00,5036.109
2025-06-29 12:00:00,38.957
2025-06-30 00:00:00,5038.28
2025-06-30 12:00:00,5039.854
2025-07-01 00:00:00,5039.773
2025-07-01 12:00:00,15036.636
2025-07-02 00:00:00,20036.471
2025-07-02 12:00:00,10041.409
2025-07-03 00:00:00,15037.78
2025-07-03 12:00:00,5040.82
2025-07-04 00:00:00,41.042
2025-07-04 12:00:00,5037.334
2025-07-05 00:00:00,10036.034
2025-07-05 12:00:00,20032.628
2025-07-06 00:00:00,25030.952
2025-07-06 12:00:00,43.243
2025-07-07 00:00:00,5040.905
2025-07-07 12:00:00,41.853
2025-07-08 00:00:00,10037.958
2025-07-08 12:00:00,44.783
2025-07-09 00:00:00,44.223
2025-07-09 12:00:00,40.025
2025-07-10 00:00:00,34.86
2025-07-10 12:00:00,33.358
2025-07-11 00:00:00,35.152
2025-07-11 12:00:00,5034.616
2025-07-12 00:00:00,41.079
2025-07-12 12:00:00,5037.589
2025-07-13 00:00:00,41.054
2025-07-13 12:00:00,43.718
2025-07-14 00:00:00,5045.346
2025-07-14 12:00:00,48.109
2025-07-15 00:00:00,42.994
2025-07-15 12:00:00,37.664
2025-07-16 00:00:00,26.512
2025-07-16 12:00:00,34.77
2025-07-17 00:00:00,37.764
2025-07-17 12:00:00,38.278
2025-07-18 00:00:00,5038.085
2025-07-18 12:00:00,5040.608
2025-07-19 00:00:00,10038.726
2025-07-19 12:00:00,10040.9
2025-07-20 00:00:00,5043.893
2025-07-20 12:00:00,5041.482
2025-07-21 00:00:00,20034.324
2025-07-21 12:00:00,44.042
2025-07-22 00:00:00,42.32
2025-07-22 12:00:00,5038.311
2025-07-23 00:00:00,10035.41
2025-07-23 12:00:00,10035.023
2025-07-24 00:00:00,10036.228
2025-07-24 12:00:00,10036.463
2025-07-25 00:00:00,40.717
2025-07-25 12:00:00,5039.622
2025-07-26 00:00:00,5041.016
2025-07-26 12:00:00,44.078
2025-07-27 00:00:00,41.575
2025-07-27 12:00:00,40.075
2025-07-28 00:00:00,38.423
2025-07-28 12:00:00,5033.435
2025-07-29 00:00:00,35.368
2025-07-29 12:00:00,34.316
2025-07-30 00:00:00,34.724
2025-07-30 12:00:00,35.559
2025-07-31 00:00:00,37.395
2025-07-31 12:00:00,39.721
2025-08-01 00:00:00,40.871
2025-08-01 12:00:00,40.779
2025-08-02 00:00:00,36.732
2025-08-02 12:00:00,28.271
2025-08-03 00:00:00,30.017
2025-08-03 12:00:00,30.55
2025-08-04 00:00:00,32.358
2025-08-04 12:00:00,32.91
2025-08-05 00:00:00,34.407
2025-08-05 12:00:00,34.494
2025-08-06 00:00:00,5034.056
2025-08-06 12:00:00,39.091
2025-08-07 00:00:00,41.118
2025-08-07 12:00:00,39.549
2025-08-08 00:00:00,30.658
2025-08-08 12:00:00,27.505
2025-08-09 00:00:00,29.688
2025-08-09 12:00:00,5030.894
2025-08-10 00:00:00,33.623
2025-08-10 12:00:00,33.906
2025-08-11 00:00:00,5034.293
2025-08-11 12:00:00,37.021
2025-08-12 00:00:00,37.78
2025-08-12 12:00:00,38.762
2025-08-13 00:00:00,35.508
2025-08-13 12:00:00,35.366
2025-08-14 00:00:00,5031.998
2025-08-14 12:00:00,37.403
2025-08-15 00:00:00,37.123
2025-08-15 12:00:00,37.206
2025-08-16 00:00:00,37.087
2025-08-16 12:00:00,5035.888
2025-08-17 00:00:00,36.702
2025-08-17 12:00:00,37.738
2025-08-18 00:00:00,39.675
2025-08-18 12:00:00,43.627
2025-08-19 00:00:00,5042.235
2025-08-19 12:00:00,5041.886
2025-08-20 00:00:00,5040.087
2025-08-20 12:00:00,5039.779
2025-08-21 00:00:00,5040.167
2025-08-21 12:00:00,15034.925
2025-08-22 00:00:00,5039.658
2025-08-22 12:00:00,25031.017
2025-08-23 00:00:00,15034.621
2025-08-23 12:00:00,10036.468
2025-08-24 00:00:00,5040.168
2025-08-24 12:00:00,43.578
2025-08-25 00:00:00,15037.454
2025-08-25 12:00:00,5041.24
2025-08-26 00:00:00,41.745
2025-08-26 12:00:00,42.504
2025-08-27 00:00:00,10038.335
2025-08-27 12:00:00,25030.725
2025-08-28 00:00:00,10035.976
2025-08-28 12:00:00,10034.364
2025-08-29 00:00:00,5037.54
2025-08-29 12:00:00,39.889
2025-08-30 00:00:00,15033.889
2025-08-30 12:00:00,15034.777
2025-08-31 00:00:00,25030.314
2025-08-31 12:00:00,5037.79
2025-09-01 00:00:00,5037.969
2025-09-01 12:00:00,38.115
2025-09-02 00:00:00,37.485
2025-09-02 12:00:00,5035.275
2025-09-03 00:00:00,34.608
2025-09-03 12:00:00,34.088
2025-09-04 00:00:00,32.617
2025-09-04 12:00:00,33.666
2025-09-05 00:00:00,36.399
2025-09-05 12:00:00,5034.331
2025-09-06 00:00:00,37.034
2025-09-06 12:00:00,37.022
2025-09-07 00:00:00,5033.553
2025-09-07 12:00:00,5034.195
2025-09-08 00:00:00,5031.261
2025-09-08 12:00:00,10024.829
2025-09-09 00:00:00,29.54
2025-09-09 12:00:00,31.92
2025-09-10 00:00:00,5033.266
2025-09-10 12:00:00,10033.439
2025-09-11 00:00:00,39.511
2025-09-11 12:00:00,40.059
2025-09-12 00:00:00,5036.695
2025-09-12 12:00:00,33.003
2025-09-13 00:00:00,5027.448
2025-09-13 12:00:00,34.265
2025-09-14 00:00:00,10027.536
2025-09-14 12:00:00,32.411
2025-09-15 00:00:00,31.789
2025-09-15 12:00:00,31.266
2025-09-16 00:00:00,32.37
2025-09-16 12:00:00,5032.321
2025-09-17 00:00:00,10033.71
2025-09-17 12:00:00,5035.401
2025-09-18 00:00:00,25028.374
2025-09-18 12:00:00,10033.643
2025-09-19 00:00:00,10033.036
2025-09-19 12:00:00,10028.855
2025-09-20 00:00:00,5031.729
2025-09-20 12:00:00,15030.043
2025-09-21 00:00:00,15027.735
2025-09-21 12:00:00,20025.92
2025-09-22 00:00:00,15027.738
2025-09-22 12:00:00,10030.652
2025-09-23 00:00:00,36.522
2025-09-23 12:00:00,5036.214
2025-09-24 00:00:00,15033.471
2025-09-24 12:00:00,10036.04
2025-09-25 00:00:00,5037.404
2025-09-25 12:00:00,20030.657
2025-09-26 00:00:00,15028.714
2025-09-26 12:00:00,10029.719
2025-09-27 00:00:00,10030.333
2025-09-27 12:00:00,15028.642
2025-09-28 00:00:00,10028.605
2025-09-28 12:00:00,10028.035
2025-09-29 00:00:00,15028.028
2025-09-29 12:00:00,10029.791
2025-09-30 00:00:00,5031.178
2025-09-30 12:00:00,10031.031
2025-10-01 00:00:00,10032.545
2025-10-01 12:00:00,5032.672
2025-10-02 00:00:00,5029.503
2025-10-02 12:00:00,10027.141
2025-10-03 00:00:00,5031.295
2025-10-03 12:00:00,15027.776
2025-10-04 00:00:00,15028.415
2025-10-04 12:00:00,30025.215
2025-10-05 00:00:00,5039.316
2025-10-05 12:00:00,10035.456
2025-10-06 00:00:00,10035.265
2025-10-06 12:00:00,5032.834
2025-10-07 00:00:00,5042.205
2025-10-07 12:00:00,39.669
2025-10-08 00:00:00,15019.678
2025-10-08 12:00:00,25014.844
2025-10-09 00:00:00,35.508
2025-10-09 12:00:00,5036.86
2025-10-10 00:00:00,5037.438
2025-10-10 12:00:00,10035.769
2025-10-11 00:00:00,20034.211
2025-10-11 12:00:00,30029.829
2025-10-12 00:00:00,20034.509
2025-10-12 12:00:00,15036.19
2025-10-13 00:00:00,25031.73
2025-10-13 12:00:00,30030.331
2025-10-14 00:00:00,20034.438
2025-10-14 12:00:00,25029.572
2025-10-15 00:00:00,35027.018
2025-10-15 12:00:00,10034.677
2025-10-16 00:00:00,30026.528
2025-10-16 12:00:00,25028.3
2025-10-17 00:00:00,20029.571
2025-10-17 12:00:00,5037.454
2025-10-18 00:00:00,10036.63
2025-10-18 12:00:00,20039.852
2025-10-19 00:00:00,25037.718
2025-10-19 12:00:00,5045.314
2025-10-20 00:00:00,10044.041
2025-10-20 12:00:00,10040.573
2025-10-21 00:00:00,15028.502
2025-10-21 12:00:00,25023.473
2025-10-22 00:00:00,20025.69
2025-10-22 12:00:00,35.556
2025-10-23 00:00:00,15029.189
2025-10-23 12:00:00,20032.923
2025-10-24 00:00:00,5040.541
2025-10-24 12:00:00,10038.727
2025-10-25 00:00:00,5032.029
2025-10-25 12:00:00,25026.483
2025-10-26 00:00:00,20026.778
2025-10-26 12:00:00,30022.327
2025-10-27 00:00:00,15027.795
2025-10-27 12:00:00,10030.09
2025-10-28 00:00:00,20026.011
2025-10-28 12:00:00,36.678
2025-10-29 00:00:00,10032.098
2025-10-29 12:00:00,38.697
2025-10-30 00:00:00,10035.847
2025-10-30 12:00:00,41.445
2025-10-31 00:00:00,42.729
2025-10-31 12:00:00,5038.283
2025-11-01 00:00:00,60016.07
2025-11-01 12:00:00,55017.907
2025-11-02 00:00:00,65013.662
2025-11-02 12:00:00,30027.402
2025-11-03 00:00:00,40.532
2025-11-03 12:00:00,41.922
2025-11-04 00:00:00,42.181
2025-11-04 12:00:00,10039.887
2025-11-05 00:00:00,15038.623
2025-11-05 12:00:00,46.545
2025-11-06 00:00:00,15039.657
2025-11-06 12:00:00,35029.541
2025-11-07 00:00:00,75010.624
2025-11-07 12:00:00,99999.0
2025-11-08 00:00:00,95001.192
2025-11-08 12:00:00,85005.535
2025-11-09 00:00:00,30029.14
2025-11-09 12:00:00,20034.183
2025-11-10 00:00:00,10040.805
2025-11-10 12:00:00,25034.239
2025-11-11 00:00:00,20036.854
2025-11-11 12:00:00,46.386
2025-11-12 00:00:00,10040.925
2025-11-12 12:00:00,45023.744
2025-11-13 00:00:00,95001.119
2025-11-13 12:00:00,99999.0
2025-11-14 00:00:00,99999.0
2025-11-14 12:00:00,80006.878
2025-11-15 00:00:00,25029.798
2025-11-15 12:00:00,10035.953
2025-11-16 00:00:00,20031.164
2025-11-16 12:00:00,20033.388
2025-11-17 00:00:00,15038.088
2025-11-17 12:00:00,25032.885
2025-11-18 00:00:00,10039.264
2025-11-18 12:00:00,45022.55
2025-11-19 00:00:00,90003.19
2025-11-19 12:00:00,99999.0
2025-11-20 00:00:00,99999.0
2025-11-20 12:00:00,99999.0
2025-11-21 00:00:00,75009.098
2025-11-21 12:00:00,45021.731
2025-11-22 00:00:00,20032.351
2025-11-22 12:00:00,15033.605
2025-11-23 00:00:00,35026.803
2025-11-23 12:00:00,5039.516
2025-11-24 00:00:00,15034.138
2025-11-24 12:00:00,75009.075
2025-11-25 00:00:00,99999.0
2025-11-25 12:00:00,99999.0
2025-11-26 00:00:00,99999.0
2025-11-26 12:00:00,99999.0
2025-11-27 00:00:00,85004.961
2025-11-27 12:00:00,15033.533
2025-11-28 00:00:00,5038.488
2025-11-28 12:00:00,42.349
2025-11-29 00:00:00,5040.159
2025-11-29 12:00:00,42.059
2025-11-30 00:00:00,42.041
2025-11-30 12:00:00,75009.611
2025-12-01 00:00:00,99999.0
2025-12-01 12:00:00,99999.0
2025-12-02 00:00:00,99999.0
2025-12-02 12:00:00,99999.0
2025-12-03 00:00:00,75009.206
2025-12-03 12:00:00,10036.488
2025-12-04 00:00:00,42.612
2025-12-04 12:00:00,15036.948
2025-12-05 00:00:00,44.85
2025-12-05 12:00:00,5043.038
2025-12-06 00:00:00,5041.836
2025-12-06 12:00:00,80007.524
2025-12-07 00:00:00,99999.0
2025-12-07 12:00:00,99999.0
2025-12-08 00:00:00,99999.0
2025-12-08 12:00:00,99999.0
2025-12-09 00:00:00,75009.561
2025-12-09 12:00:00,15035.051
2025-12-10 00:00:00,10038.398
2025-12-10 12:00:00,10039.698
2025-12-11 00:00:00,5041.828
2025-12-11 12:00:00,10038.489
2025-12-12 00:00:00,25031.291
2025-12-12 12:00:00,65014.545
2025-12-13 00:00:00,99999.0
2025-12-13 12:00:00,99999.0
2025-12-14 00:00:00,99999.0
2025-12-14 12:00:00,99999.0
2025-12-15 00:00:00,75009.305
2025-12-15 12:00:00,30028.177
2025-12-16 00:00:00,20032.66
2025-12-16 12:00:00,20033.874
2025-12-17 00:00:00,5041.084
2025-12-17 12:00:00,5040.615
2025-12-18 00:00:00,5040.477
2025-12-18 12:00:00,35026.705
2025-12-19 00:00:00,85005.327
2025-12-19 12:00:00,99999.0
2025-12-20 00:00:00,99999.0
2025-12-20 12:00:00,99999.0
2025-12-21 00:00:00,50018.43
2025-12-21 12:00:00,15033.877
2025-12-22 00:00:00,20032.662
2025-12-22 12:00:00,25031.648
2025-12-23 00:00:00,43.2
2025-12-23 12:00:00,5039.75
2025-12-24 00:00:00,5038.843
2025-12-24 12:00:00,20032.52
2025-12-25 00:00:00,99999.0
2025-12-25 12:00:00,99999.0
2025-12-26 00:00:00,99999.0
2025-12-26 12:00:00,99999.0
2025-12-27 00:00:00,50018.676
2025-12-27 12:00:00,5036.619
2025-12-28 00:00:00,38.979
2025-12-28 12:00:00,40.971
2025-12-29 00:00:00,45.369
2025-12-29 12:00:00,10036.411
2025-12-30 00:00:00,36.876
2025-12-30 12:00:00,50018.31
2025-12-31 00:00:00,95000.61
2025-12-31 12:00:00,99999.0
2026-01-01 00:00:00,99999.0
2026-01-01 12:00:00,99999.0
2026-01-02 00:00:00,90002.911
2026-01-02 12:00:00,20030.81
2026-01-03 00:00:00,39.503
2026-01-03 12:00:00,39.415
2026-01-04 00:00:00,38.552
2026-01-04 12:00:00,41.425
2026-01-05 00:00:00,42.592
2026-01-05 12:00:00,30027.479
2026-01-06 00:00:00,90002.658
2026-01-06 12:00:00,80005.99
2026-01-07 00:00:00,50017.318
2026-01-07 12:00:00,37.368
2026-01-08 00:00:00,30026.499
2026-01-08 12:00:00,38.902
2026-01-09 00:00:00,37.874
2026-01-09 12:00:00,40.549
2026-01-10 00:00:00,43.84
2026-01-10 12:00:00,44.006
2026-01-11 00:00:00,40.618
2026-01-11 12:00:00,36.536
2026-01-12 00:00:00,37.641
2026-01-12 12:00:00,34.463
2026-01-13 00:00:00,33.602
2026-01-13 12:00:00,35.727
2026-01-14 00:00:00,35.937
2026-01-14 12:00:00,35.408
2026-01-15 00:00:00,58.682
2026-01-15 12:00:00,52.311
2026-01-16 00:00:00,28.552
2026-01-16 12:00:00,25.583
2026-01-17 00:00:00,26.596
2026-01-17 12:00:00,27.239
2026-01-18 00:00:00,5022.92
2026-01-18 12:00:00,22.577
2026-01-19 00:00:00,5024.552
2026-01-19 12:00:00,27.627
2026-01-20 00:00:00,28.275
2026-01-20 12:00:00,24.716
2026-01-21 00:00:00,24.938
2026-01-21 12:00:00,30.803
2026-01-22 00:00:00,44.108
2026-01-22 12:00:00,62.557
2026-01-23 00:00:00,56.672
2026-01-23 12:00:00,62.054
2026-01-24 00:00:00,10058.595
2026-01-24 12:00:00,38.174
2026-01-25 00:00:00,5029.019
2026-01-25 12:00:00,25.672
2026-01-26 00:00:00,28.243
2026-01-26 12:00:00,30.76
2026-01-27 00:00:00,25.258
2026-01-27 12:00:00,43.564
2026-01-28 00:00:00,57.506
2026-01-28 12:00:00,58.694
2026-01-29 00:00:00,61.259
2026-01-29 12:00:00,60.762
2026-01-30 00:00:00,53.88
2026-01-30 12:00:00,22.436
2026-01-31 00:00:00,32.291
2026-01-31 12:00:00,36.001
2026-02-01 00:00:00,39.217
2026-02-01 12:00:00,39.597
2026-02-02 00:00:00,43.004
2026-02-02 12:00:00,43.447
2026-02-03 00:00:00,47.638
2026-02-03 12:00:00,53.917
2026-02-04 00:00:00,61.85
2026-02-04 12:00:00,27.514
2026-02-05 00:00:00,49.445
2026-02-05 12:00:00,43.137
2026-02-06 00:00:00,34.488
2026-02-06 12:00:00,31.787
2026-02-07 00:00:00,33.013
2026-02-07 12:00:00,36.692
2026-02-08 00:00:00,38.224
2026-02-08 12:00:00,42.611
2026-02-09 00:00:00,41.495
2026-02-09 12:00:00,41.264
2026-02-10 00:00:00,40.895
2026-02-10 12:00:00,38.743
2026-02-11 00:00:00,36.69
2026-02-11 12:00:00,36.079
2026-02-12 00:00:00,35.669
2026-02-12 12:00:00,35.682
2026-02-13 00:00:00,36.06
2026-02-13 12:00:00,35.96
2026-02-14 00:00:00,36.74
2026-02-14 12:00:00,38.236
2026-02-15 00:00:00,37.812
2026-02-15 12:00:00,35.299
2026-02-16 00:00:00,30.063
2026-02-16 12:00:00,31.552
2026-02-17 00:00:00,35.944
2026-02-17 12:00:00,34.751
2026-02-18 00:00:00,35.079
2026-02-18 12:00:00,37.55
2026-02-19 00:00:00,37.574
2026-02-19 12:00:00,35.449
2026-02-20 00:00:00,15031.953
2026-02-20 12:00:00,41.698
2026-02-21 00:00:00,43.896
2026-02-21 12:00:00,43.836
2026-02-22 00:00:00,45.33
2026-02-22 12:00:00,43.861
2026-02-23 00:00:00,39.895
2026-02-23 12:00:00,35.88
2026-02-24 00:00:00,35.546
2026-02-24 12:00:00,34.197
2026-02-25 00:00:00,35.55
2026-02-25 12:00:00,37.75
2026-02-26 00:00:00,41.726
2026-02-26 12:00:00,44.649
2026-02-27 00:00:00,47.15
2026-02-27 12:00:00,46.54
2026-02-28 00:00:00,45.052
2026-02-28 12:00:00,40.463
2026-03-01 00:00:00,36.058
2026-03-01 12:00:00,35.516
2026-03-02 00:00:00,37.315
2026-03-02 12:00:00,36.694
2026-03-03 00:00:00,37.004
2026-03-03 12:00:00,38.257
2026-03-04 00:00:00,39.581
2026-03-04 12:00:00,41.666
2026-03-05 00:00:00,43.68
2026-03-05 12:00:00,5041.564
2026-03-06 00:00:00,44.465
2026-03-06 12:00:00,42.08
2026-03-07 00:00:00,37.189
2026-03-07 12:00:00,36.76
2026-03-08 00:00:00,36.03
2026-03-08 12:00:00,36.997
2026-03-09 00:00:00,39.079
2026-03-09 12:00:00,40.577
2026-03-10 00:00:00,41.579
2026-03-10 12:00:00,42.809
2026-03-11 00:00:00,43.709
2026-03-11 12:00:00,42.672
2026-03-12 00:00:00,41.717
2026-03-12 12:00:00,40.592
2026-03-13 00:00:00,37.672
2026-03-13 12:00:00,38.364
2026-03-14 00:00:00,38.543
2026-03-14 12:00:00,40.006
2026-03-15 00:00:00,40.9
2026-03-15 12:00:00,42.153
2026-03-16 00:00:00,42.038
2026-03-16 12:00:00,43.674
2026-03-17 00:00:00,43.572
2026-03-17 12:00:00,43.659
2026-03-18 00:00:00,44.557
2026-03-18 12:00:00,44.233
2026-03-19 00:00:00,43.376
2026-03-19 12:00:00,41.454
2026-03-20 00:00:00,5038.625
2026-03-20 12:00:00,42.426
2026-03-21 00:00:00,42.967
2026-03-21 12:00:00,42.459
2026-03-22 00:00:00,42.06
2026-03-22 12:00:00,43.343
2026-03-23 00:00:00,44.306
2026-03-23 12:00:00,44.479
2026-03-24 00:00:00,44.444
2026-03-24 12:00:00,43.47
2026-03-25 00:00:00,42.529
2026-03-25 12:00:00,5037.922
2026-03-26 00:00:00,38.675
2026-03-26 12:00:00,39.195
2026-03-27 00:00:00,39.517
2026-03-27 12:00:00,40.377
2026-03-28 00:00:00,40.066
2026-03-28 12:00:00,42.125
2026-03-29 00:00:00,45.279
2026-03-29 12:00:00,45.375
2026-03-30 00:00:00,44.728
2026-03-30 12:00:00,43.57
2026-03-31 00:00:00,38.156
2026-03-31 12:00:00,36.837
2026-04-01 00:00:00,36.694
2026-04-01 12:00:00,39.404
2026-04-02 00:00:00,40.565
2026-04-02 12:00:00,40.687
2026-04-03 00:00:00,42.443
2026-04-03 12:00:00,45.589
2026-04-04 00:00:00,45.382
2026-04-04 12:00:00,44.594
2026-04-05 00:00:00,15036.22
2026-04-05 12:00:00,41.95
2026-04-06 00:00:00,41.516
2026-04-06 12:00:00,40.319
2026-04-07 00:00:00,39.628
2026-04-07 12:00:00,41.027
2026-04-08 00:00:00,42.481
2026-04-08 12:00:00,43.307
2026-04-09 00:00:00,43.263
2026-04-09 12:00:00,44.408
2026-04-10 00:00:00,45.512
2026-04-10 12:00:00,45.116
2026-04-11 00:00:00,43.917
2026-04-11 12:00:00,75009.805
2026-04-12 00:00:00,99999.0
2026-04-12 12:00:00,99999.0
2026-04-13 00:00:00,99999.0
2026-04-13 12:00:00,99999.0
2026-04-14 00:00:00,99999.0
2026-04-14 12:00:00,99999.0
2026-04-15 00:00:00,99999.0
2026-04-15 12:00:00,99999.0
2026-04-16 00:00:00,99999.0
2026-04-16 12:00:00,99999.0
2026-04-17 00:00:00,99999.0
2026-04-17 12:00:00,99999.0
2026-04-18 00:00:00,99999.0
2026-04-18 12:00:00,99999.0
2026-04-19 00:00:00,99999.0
2026-04-19 12:00:00,99999.0
2026-04-20 00:00:00,99999.0
2026-04-20 12:00:00,99999.0
2026-04-21 00:00:00,99999.0
2026-04-21 12:00:00,99999.0
2026-04-22 00:00:00,99999.0
2026-04-22 12:00:00,99999.0
2026-04-23 00:00:00,99999.0
2026-04-23 12:00:00,99999.0
2026-04-24 00:00:00,99999.0
2026-04-24 12:00:00,99999.0
2026-04-25 00:00:00,99999.0
2026-04-25 12:00:00,99999.0
2026-04-26 00:00:00,99999.0
2026-04-26 12:00:00,99999.0
2026-04-27 00:00:00,99999.0
2026-04-27 12:00:00,99999.0
2026-04-28 00:00:00,99999.0
2026-04-28 12:00:00,99999.0
2026-04-29 00:00:00,99999.0
2026-04-29 12:00:00,99999.0
2026-04-30 00:00:00,99999.0
2026-04-30 12:00:00,99999.0
2026-05-01 00:00:00,99999.0
2026-05-01 12:00:00,99999.0
2026-05-02 00:00:00,99999.0
2026-05-02 12:00:00,99999.0
2026-05-03 00:00:00,99999.0
2026-05-03 12:00:00,99999.0
2026-05-04 00:00:00,99999.0
2026-05-04 12:00:00,99999.0
2026-05-05 00:00:00,99999.0
2026-05-05 12:00:00,99999.0
2026-05-06 00:00:00,99999.0
2026-05-06 12:00:00,99999.0
2026-05-07 00:00:00,99999.0
2026-05-07 12:00:00,99999.0
2026-05-08 00:00:00,99999.0
2026-05-08 12:00:00,99999.0
2026-05-09 00:00:00,99999.0
2026-05-09 12:00:00,99999.0
2026-05-10 00:00:00,99999.0
2026-05-10 12:00:00,99999.0
2026-05-11 00:00:00,99999.0
2026-05-11 12:00:00,99999.0
2026-05-12 00:00:00,99999.0
2026-05-12 12:00:00,99999.0
2026-05-13 00:00:00,99999.0
2026-05-13 12:00:00,99999.0
2026-05-14 00:00:00,99999.0
2026-05-14 12:00:00,99999.0
2026-05-15 00:00:00,99999.0
2026-05-15 12:00:00,99999.0
2026-05-16 00:00:00,99999.0
2026-05-16 12:00:00,99999.0
2026-05-17 00:00:00,99999.0
2026-05-17 12:00:00,99999.0
2026-05-18 00:00:00,99999.0
2026-05-18 12:00:00,99999.0
2026-05-19 00:00:00,99999.0
2026-05-19 12:00:00,99999.0
2026-05-20 00:00:00,99999.0
2026-05-20 12:00:00,99999.0
2026-05-21 00:00:00,99999.0
2026-05-21 12:00:00,99999.0
2026-05-22 00:00:00,99999.0
2026-05-22 12:00:00,99999.0
2026-05-23 00:00:00,99999.0
2026-05-23 12:00:00,99999.0
2026-05-24 00:00:00,99999.0
2026-05-24 12:00:00,99999.0
2026-05-25 00:00:00,99999.0
2026-05-25 12:00:00,99999.0
2026-05-26 00:00:00,99999.0
2026-05-26 12:00:00,99999.0
2026-05-27 00:00:00,99999.0
2026-05-27 12:00:00,99999.0
2026-05-28 00:00:00,99999.0
2026-05-28 12:00:00,99999.0
2026-05-29 00:00:00,99999.0
2026-05-29 12:00:00,99999.0
2026-05-30 00:00:00,99999.0
2026-05-30 12:00:00,99999.0
2026-05-31 00:00:00,99999.0
2026-05-31 12:00:00,99999.0
2026-06-01 00:00:00,99999.0
2026-06-01 12:00:00,99999.0
2026-06-02 00:00:00,99999.0
2026-06-02 12:00:00,99999.0
2026-06-03 00:00:00,99999.0
2026-06-03 12:00:00,99999.0
2026-06-04 00:00:00,99999.0
2026-06-04 12:00:00,99999.0
2026-06-05 00:00:00,99999.0
2026-06-05 12:00:00,99999.0
2026-06-06 00:00:00,99999.0
2026-06-06 12:00:00,99999.0
2026-06-07 00:00:00,99999.0
2026-06-07 12:00:00,99999.0
2026-06-08 00:00:00,99999.0
2026-06-08 12:00:00,99999.0
2026-06-09 00:00:00,99999.0
2026-06-09 12:00:00,99999.0
2026-06-10 00:00:00,99999.0
2026-06-10 12:00:00,99999.0
2026-06-11 00:00:00,99999.0
2026-06-11 12:00:00,99999.0
2026-06-12 00:00:00,99999.0
2026-06-12 12:00:00,99999.0
2026-06-13 00:00:00,99999.0
2026-06-13 12:00:00,99999.0
2026-06-14 00:00:00,99999.0
2026-06-14 12:00:00,99999.0
2026-06-15 00:00:00,99999.0
2026-06-15 12:00:00,99999.0
2026-06-16 00:00:00,99999.0
2026-06-16 12:00:00,99999.0
2026-06-17 00:00:00,99999.0
2026-06-17 12:00:00,99999.0
2026-06-18 00:00:00,99999.0
2026-06-18 12:00:00,99999.0
2026-06-19 00:00:00,99999.0
2026-06-19 12:00:00,99999.0
2026-06-20 00:00:00,99999.0
2026-06-20 12:00:00,99999.0
2026-06-21 00:00:00,99999.0
2026-06-21 12:00:00,99999.0
2026-06-22 00:00:00,99999.0
2026-06-22 12:00:00,99999.0
2026-06-23 00:00:00,99999.0
2026-06-23 12:00:00,99999.0
2026-06-24 00:00:00,99999.0
2026-06-24 12:00:00,99999.0
2026-06-25 00:00:00,99999.0
2026-06-25 12:00:00,99999.0
2026-06-26 00:00:00,99999.0
2026-06-26 12:00:00,99999.0
2026-06-27 00:00:00,99999.0
2026-06-27 12:00:00,99999.0
2026-06-28 00:00:00,99999.0
2026-06-28 12:00:00,99999.0
2026-06-29 00:00:00,99999.0
2026-06-29 12:00:00,99999.0
2026-06-30 00:00:00,99999.0
2026-06-30 12:00:00,99999.0
2026-07-01 00:00:00,99999.0
2026-07-01 12:00:00,99999.0
2026-07-02 00:00:00,99999.0
2026-07-02 12:00:00,99999.0
2026-07-03 00:00:00,99999.0
2026-07-03 12:00:00,99999.0
2026-07-04 00:00:00,99999.0
2026-07-04 12:00:00,99999.0
2026-07-05 00:00:00,99999.0
2026-07-05 12:00:00,99999.0
2026-07-06 00:00:00,99999.0
2026-07-06 12:00:00,99999.0
2026-07-07 00:00:00,99999.0
2026-07-07 12:00:00,99999.0
2026-07-08 00:00:00,99999.0
2026-07-08 12:00:00,99999.0
2026-07-09 00:00:00,99999.0
2026-07-09 12:00:00,99999.0
2026-07-10 00:00:00,99999.0
2026-07-10 12:00:00,99999.0
2026-07-11 00:00:00,99999.0
2026-07-11 12:00:00,99999.0
2026-07-12 00:00:00,99999.0
2026-07-12 12:00:00,99999.0
2026-07-13 00:00:00,99999.0
2026-07-13 12:00:00,99999.0
2026-07-14 00:00:00,99999.0
2026-07-14 12:00:00,99999.0
2026-07-15 00:00:00,99999.0
2026-07-15 12:00:00,99999.0
2026-07-16 00:00:00,99999.0
2026-07-16 12:00:00,99999.0
2026-07-17 00:00:00,99999.0
2026-07-17 12:00:00,99999.0
2026-07-18 00:00:00,99999.0
2026-07-18 12:00:00,99999.0
2026-07-19 00:00:00,99999.0
2026-07-19 12:00:00,99999.0
2026-07-20 00:00:00,99999.0
2026-07-20 12:00:00,99999.0
2026-07-21 00:00:00,99999.0
2026-07-21 12:00:00,99999.0
2026-07-22 00:00:00,99999.0
2026-07-22 12:00:00,99999.0
2026-07-23 00:00:00,99999.0
2026-07-23 12:00:00,99999.0
2026-07-24 00:00:00,99999.0
2026-07-24 12:00:00,99999.0
2026-07-25 00:00:00,99999.0
2026-07-25 12:00:00,99999.0
2026-07-26 00:00:00,99999.0
2026-07-26 12:00:00,99999.0
2026-07-27 00:00:00,99999.0
2026-07-27 12:00:00,99999.0
2026-07-28 00:00:00,99999.0
2026-07-28 12:00:00,99999.0
2026-07-29 00:00:00,99999.0
2026-07-29 12:00:00,99999.0
2026-07-30 00:00:00,99999.0
2026-07-30 12:00:00,99999.0
2026-07-31 00:00:00,99999.0
2026-07-31 12:00:00,99999.0
2026-08-01 00:00:00,99999.0
2026-08-01 12:00:00,99999.0
2026-08-02 00:00:00,99999.0
2026-08-02 12:00:00,99999.0
2026-08-03 00:00:00,99999.0
2026-08-03 12:00:00,99999.0
2026-08-04 00:00:00,99999.0
2026-08-04 12:00:00,99999.0
2026-08-05 00:00:00,99999.0
2026-08-05 12:00:00,99999.0
2026-08-06 00:00:00,99999.0
2026-08-06 12:00:00,99999.0
2026-08-07 00:00:00,99999.0
2026-08-07 12:00:00,99999.0
2026-08-08 00:00:00,99999.0
2026-08-08 12:00:00,99999.0
2026-08-09 00:00:00,99999.0
2026-08-09 12:00:00,99999.0
2026-08-10 00:00:00,99999.0
2026-08-10 12:00:00,99999.0
2026-08-11 00:00:00,99999.0
2026-08-11 12:00:00,99999.0
2026-08-12 00:00:00,99999.0
2026-08-12 12:00:00,99999.0
2026-08-13 00:00:00,99999.0
2026-08-13 12:00:00,99999.0
2026-08-14 00:00:00,99999.0
2026-08-14 12:00:00,99999.0
2026-08-15 00:00:00,99999.0
2026-08-15 12:00:00,99999.0
2026-08-16 00:00:00,99999.0
2026-08-16 12:00:00,99999.0
2026-08-17 00:00:00,99999.0
2026-08-17 12:00:00,99999.0
2026-08-18 00:00:00,99999.0
2026-08-18 12:00:00,99999.0
2026-08-19 00:00:00,99999.0
2026-08-19 12:00:00,99999.0
2026-08-20 00:00:00,99999.0
2026-08-20 12:00:00,99999.0
2026-08-21 00:00:00,99999.0
2026-08-21 12:00:00,99999.0
2026-08-22 00:00:00,99999.0
2026-08-22 12:00:00,99999.0
2026-08-23 00:00:00,99999.0
2026-08-23 12:00:00,99999.0
2026-08-24 00:00:00,99999.0
2026-08-24 12:00:00,99999.0
2026-08-25 00:00:00,99999.0
2026-08-25 12:00:00,99999.0
2026-08-26 00:00:00,99999.0
2026-08-26 12:00:00,99999.0
2026-08-27 00:00:00,99999.0
2026-08-27 12:00:00,99999.0
2026-08-28 00:00:00,99999.0
2026-08-28 12:00:00,99999.0
2026-08-29 00:00:00,99999.0
2026-08-29 12:00:00,99999.0
2026-08-30 00:00:00,99999.0
2026-08-30 12:00:00,99999.0
2026-08-31 00:00:00,99999.0
2026-08-31 12:00:00,99999.0
2026-09-01 00:00:00,99999.0
2026-09-01 12:00:00,99999.0
2026-09-02 00:00:00,99999.0
2026-09-02 12:00:00,99999.0
2026-09-03 00:00:00,99999.0
2026-09-03 12:00:00,99999.0
2026-09-04 00:00:00,99999.0
2026-09-04 12:00:00,99999.0
2026-09-05 00:00:00,99999.0
2026-09-05 12:00:00,99999.0
2026-09-06 00:00:00,99999.0
2026-09-06 12:00:00,99999.0
2026-09-07 00:00:00,99999.0
2026-09-07 12:00:00,99999.0
2026-09-08 00:00:00,99999.0
2026-09-08 12:00:00,99999.0
2026-09-09 00:00:00,99999.0
2026-09-09 12:00:00,99999.0
2026-09-10 00:00:00,99999.0
2026-09-10 12:00:00,99999.0
2026-09-11 00:00:00,99999.0
2026-09-11 12:00:00,99999.0
2026-09-12 00:00:00,99999.0
2026-09-12 12:00:00,99999.0
2026-09-13 00:00:00,99999.0
2026-09-13 12:00:00,99999.0
2026-09-14 00:00:00,99999.0
2026-09-14 12:00:00,99999.0
2026-09-15 00:00:00,99999.0
2026-09-15 12:00:00,99999.0
2026-09-16 00:00:00,65013.137
2026-09-16 12:00:00,39.442
2026-09-17 00:00:00,38.616
2026-09-17 12:00:00,39.621
2026-09-18 00:00:00,40.797
2026-09-18 12:00:00,41.326
2026-09-19 00:00:00,41.347
2026-09-19 12:00:00,43.207
2026-09-20 00:00:00,42.759
2026-09-20 12:00:00,42.894
2026-09-21 00:00:00,41.322
2026-09-21 12:00:00,38.992
2026-09-22 00:00:00,38.728
2026-09-22 12:00:00,38.537
2026-09-23 00:00:00,39.379
2026-09-23 12:00:00,40.063
2026-09-24 00:00:00,39.796
2026-09-24 12:00:00,40.22
2026-09-25 00:00:00,42.392
2026-09-25 12:00:00,41.04
2026-09-26 00:00:00,39.976
2026-09-26 12:00:00,5038.632
2026-09-27 00:00:00,15032.674
2026-09-27 12:00:00,37.839
2026-09-28 00:00:00,38.16
2026-09-28 12:00:00,40.452
2026-09-29 00:00:00,41.961
2026-09-29 12:00:00,42.143
2026-09-30 00:00:00,39.991
2026-09-30 12:00:00,40.755
2026-10-01 00:00:00,42.006
2026-10-01 12:00:00,41.325
2026-10-02 00:00:00,41.57
2026-10-02 12:00:00,41.809
2026-10-03 00:00:00,39.722
2026-10-03 12:00:00,34.327
2026-10-04 00:00:00,35.355
2026-10-04 12:00:00,36.734
2026-10-05 00:00:00,37.84
2026-10-05 12:00:00,39.712
2026-10-06 00:00:00,40.331
2026-10-06 12:00:00,41.906
2026-10-07 00:00:00,44.817
2026-10-07 12:00:00,44.832
2026-10-08 00:00:00,43.602
2026-10-08 12:00:00,39.917
2026-10-09 00:00:00,35.099
2026-10-09 12:00:00,36.029
2026-10-10 00:00:00,35.706
2026-10-10 12:00:00,37.032
2026-10-11 00:00:00,39.923
2026-10-11 12:00:00,40.72
2026-10-12 00:00:00,41.696
2026-10-12 12:00:00,44.615
2026-10-13 00:00:00,45.212
2026-10-13 12:00:00,43.964
2026-10-14 00:00:00,43.388
2026-10-14 12:00:00,43.497
2026-10-15 00:00:00,41.809
2026-10-15 12:00:00,41.268
2026-10-16 00:00:00,41.224
2026-10-16 12:00:00,41.28
2026-10-17 00:00:00,41.582
2026-10-17 12:00:00,42.195
2026-10-18 00:00:00,42.671
2026-10-18 12:00:00,42.871
2026-10-19 00:00:00,43.262
2026-10-19 12:00:00,41.946
2026-10-20 00:00:00,38.836
2026-10-20 12:00:00,35.846
2026-10-21 00:00:00,32.244
2026-10-21 12:00:00,37.464
2026-10-22 00:00:00,38.447
2026-10-22 12:00:00,38.047
2026-10-23 00:00:00,36.905
2026-10-23 12:00:00,38.224
2026-10-24 00:00:00,39.453
2026-10-24 12:00:00,41.791
2026-10-25 00:00:00,41.339
2026-10-25 12:00:00,40.805
2026-10-26 00:00:00,41.262
2026-10-26 12:00:00,42.081
2026-10-27 00:00:00,33.22
2026-10-27 12:00:00,34.693
2026-10-28 00:00:00,35.129
2026-10-28 12:00:00,36.482
2026-10-29 00:00:00,39.249
2026-10-29 12:00:00,39.841
2026-10-30 00:00:00,39.31
2026-10-30 12:00:00,41.177
2026-10-31 00:00:00,42.766
2026-10-31 12:00:00,38.282
2026-11-01 00:00:00,42.601
2026-11-01 12:00:00,37.851
2026-11-02 00:00:00,37.321
2026-11-02 12:00:00,34.591
2026-11-03 00:00:00,34.987
2026-11-03 12:00:00,36.216
2026-11-04 00:00:00,37.255
2026-11-04 12:00:00,39.048
2026-11-05 00:00:00,41.326
2026-11-05 12:00:00,45.382
2026-11-06 00:00:00,43.26
2026-11-06 12:00:00,37.315
2026-11-07 00:00:00,42.435
2026-11-07 12:00:00,42.509
2026-11-08 00:00:00,38.226
2026-11-08 12:00:00,34.971
2026-11-09 00:00:00,32.636
2026-11-09 12:00:00,15027.5
2026-11-10 00:00:00,33.133
2026-11-10 12:00:00,35.421
2026-11-11 00:00:00,36.662
2026-11-11 12:00:00,40.326
2026-11-12 00:00:00,43.709
2026-11-12 12:00:00,43.006
2026-11-13 00:00:00,40.383
2026-11-13 12:00:00,37.809
2026-11-14 00:00:00,35.771
2026-11-14 12:00:00,34.001
2026-11-15 00:00:00,32.902
2026-11-15 12:00:00,33.321
2026-11-16 00:00:00,34.616
2026-11-16 12:00:00,35.312
2026-11-17 00:00:00,37.817
2026-11-17 12:00:00,38.558
2026-11-18 00:00:00,42.132
2026-11-18 12:00:00,40.414
2026-11-19 00:00:00,37.139
2026-11-19 12:00:00,34.004
2026-11-20 00:00:00,31.363
2026-11-20 12:00:00,30.194
2026-11-21 00:00:00,30.329
2026-11-21 12:00:00,32.455
2026-11-22 00:00:00,33.346
2026-11-22 12:00:00,36.177
2026-11-23 00:00:00,36.823
2026-11-23 12:00:00,38.078
2026-11-24 00:00:00,38.687
2026-11-24 12:00:00,38.084
2026-11-25 00:00:00,37.58
2026-11-25 12:00:00,10031.916
2026-11-26 00:00:00,35.511
2026-11-26 12:00:00,34.469
2026-11-27 00:00:00,33.917
2026-11-27 12:00:00,33.725
2026-11-28 00:00:00,34.444
2026-11-28 12:00:00,36.781
2026-11-29 00:00:00,37.644
2026-11-29 12:00:00,40.398
2026-11-30 00:00:00,42.265
2026-11-30 12:00:00,42.206
2026-12-01 00:00:00,43.261
2026-12-01 12:00:00,42.035
2026-12-02 00:00:00,38.323
2026-12-02 12:00:00,37.248
2026-12-03 00:00:00,36.024
2026-12-03 12:00:00,36.047
2026-12-04 00:00:00,36.281
2026-12-04 12:00:00,38.382
2026-12-05 00:00:00,40.211
2026-12-05 12:00:00,42.279
2026-12-06 00:00:00,43.177
2026-12-06 12:00:00,44.002
2026-12-07 00:00:00,43.534
2026-12-07 12:00:00,41.644
2026-12-08 00:00:00,40.034
2026-12-08 12:00:00,37.075
2026-12-09 00:00:00,36.176
2026-12-09 12:00:00,36.651
2026-12-10 00:00:00,37.901
2026-12-10 12:00:00,38.284
2026-12-11 00:00:00,39.621
2026-12-11 12:00:00,42.682
2026-12-12 00:00:00,44.462
2026-12-12 12:00:00,41.785
2026-12-13 00:00:00,37.24
2026-12-13 12:00:00,36.285
2026-12-14 00:00:00,31.118
2026-12-14 12:00:00,33.104
2026-12-15 00:00:00,32.212
2026-12-15 12:00:00,32.899
2026-12-16 00:00:00,38.234
2026-12-16 12:00:00,33.525
2026-12-17 00:00:00,36.579
2026-12-17 12:00:00,39.666
2026-12-18 00:00:00,41.648
2026-12-18 12:00:00,38.337
2026-12-19 00:00:00,36.054
2026-12-19 12:00:00,32.421
2026-12-20 00:00:00,30.723
2026-12-20 12:00:00,31.637
2026-12-21 00:00:00,28.202
2026-12-21 12:00:00,30.542
2026-12-22 00:00:00,32.24
2026-12-22 12:00:00,32.462
2026-12-23 00:00:00,34.916
2026-12-23 12:00:00,20028.074
2026-12-24 00:00:00,34.34
2026-12-24 12:00:00,43.79
2026-12-25 00:00:00,54.136
2026-12-25 12:00:00,36.28
2026-12-26 00:00:00,31.143
2026-12-26 12:00:00,29.988
2026-12-27 00:00:00,29.293
2026-12-27 12:00:00,31.813
2026-12-28 00:00:00,32.621
2026-12-28 12:00:00,33.591
2026-12-29 00:00:00,35.795
2026-12-29 12:00:00,40.639
2026-12-30 00:00:00,42.282
2026-12-30 12:00:00,47.515
2026-12-31 00:00:00,56.654
2026-12-31 12:00:00,51.831
2027-01-01 00:00:00,29.849
2027-01-01 12:00:00,29.483
2027-01-02 00:00:00,32.541
2027-01-02 12:00:00,35.663
2027-01-03 00:00:00,37.727
2027-01-03 12:00:00,37.427
2027-01-04 00:00:00,39.349
2027-01-04 12:00:00,42.972
2027-01-05 00:00:00,43.444
2027-01-05 12:00:00,46.027
2027-01-06 00:00:00,47.07
2027-01-06 12:00:00,47.569
2027-01-07 00:00:00,40.945
2027-01-07 12:00:00,36.091
2027-01-08 00:00:00,34.988
2027-01-08 12:00:00,34.686
2027-01-09 00:00:00,38.652
2027-01-09 12:00:00,35.546
2027-01-10 00:00:00,40.276
2027-01-10 12:00:00,45.693
2027-01-11 00:00:00,47.439
2027-01-11 12:00:00,46.404
2027-01-12 00:00:00,46.769
2027-01-12 12:00:00,43.181
2027-01-13 00:00:00,41.046
2027-01-13 12:00:00,39.452
2027-01-14 00:00:00,39.273
2027-01-14 12:00:00,37.624
2027-01-15 00:00:00,36.214
2027-01-15 12:00:00,36.97
2027-01-16 00:00:00,37.821
2027-01-16 12:00:00,39.912
2027-01-17 00:00:00,40.182
2027-01-17 12:00:00,39.218
2027-01-18 00:00:00,33.562
2027-01-18 12:00:00,32.096
2027-01-19 00:00:00,29.867
2027-01-19 12:00:00,30.185
2027-01-20 00:00:00,29.964
2027-01-20 12:00:00,31.021
2027-01-21 00:00:00,30.92
2027-01-21 12:00:00,31.651
2027-01-22 00:00:00,33.096
2027-01-22 12:00:00,33.772
2027-01-23 00:00:00,35.411
2027-01-23 12:00:00,42.494
2027-01-24 00:00:00,60.034
2027-01-24 12:00:00,55.685
2027-01-25 00:00:00,21.077
2027-01-25 12:00:00,24.636
2027-01-26 00:00:00,29.064
2027-01-26 12:00:00,31.784
2027-01-27 00:00:00,35.465
2027-01-27 12:00:00,36.573
2027-01-28 00:00:00,34.254
2027-01-28 12:00:00,35.17
2027-01-29 00:00:00,37.969
2027-01-29 12:00:00,53.579
2027-01-30 00:00:00,49.881
2027-01-30 12:00:00,48.76
2027-01-31 00:00:00,59.998
2027-01-31 12:00:00,39.347
2027-02-01 00:00:00,27.864
2027-02-01 12:00:00,31.161
2027-02-02 00:00:00,32.98
2027-02-02 12:00:00,34.141
2027-02-03 00:00:00,35.524
2027-02-03 12:00:00,39.941
2027-02-04 00:00:00,42.869
2027-02-04 12:00:00,41.574
2027-02-05 00:00:00,39.07
2027-02-05 12:00:00,15034.14
2027-02-06 00:00:00,38.788
2027-02-06 12:00:00,39.297
2027-02-07 00:00:00,38.266
2027-02-07 12:00:00,37.384
2027-02-08 00:00:00,37.211
2027-02-08 12:00:00,38.617
2027-02-09 00:00:00,38.717
2027-02-09 12:00:00,40.48
2027-02-10 00:00:00,41.322
2027-02-10 12:00:00,40.992
2027-02-11 00:00:00,40.192
2027-02-11 12:00:00,39.371
2027-02-12 00:00:00,39.957
2027-02-12 12:00:00,39.14
2027-02-13 00:00:00,36.735
2027-02-13 12:00:00,36.153
2027-02-14 00:00:00,36.236
2027-02-14 12:00:00,35.941
2027-02-15 00:00:00,36.512
2027-02-15 12:00:00,40.266
2027-02-16 00:00:00,43.13
2027-02-16 12:00:00,48.941
2027-02-17 00:00:00,52.234
2027-02-17 12:00:00,52.564
2027-02-18 00:00:00,31.63
2027-02-18 12:00:00,25.266
2027-02-19 00:00:00,25.645
2027-02-19 12:00:00,27.017
2027-02-20 00:00:00,26.234
2027-02-20 12:00:00,28.553
2027-02-21 00:00:00,30.045
2027-02-21 12:00:00,39.919
2027-02-22 00:00:00,61.088
2027-02-22 12:00:00,63.455
2027-02-23 00:00:00,72.036
2027-02-23 12:00:00,71.141
2027-02-24 00:00:00,48.779
2027-02-24 12:00:00,25.296
2027-02-25 00:00:00,27.508
2027-02-25 12:00:00,27.297
2027-02-26 00:00:00,26.434
2027-02-26 12:00:00,27.986
2027-02-27 00:00:00,30.45
2027-02-27 12:00:00,34.205
2027-02-28 00:00:00,53.055
2027-02-28 12:00:00,69.062
2027-03-01 00:00:00,28.246
2027-03-01 12:00:00,21.813
2027-03-02 00:00:00,23.566
2027-03-02 12:00:00,25.68
2027-03-03 00:00:00,27.861
2027-03-03 12:00:00,29.961
2027-03-04 00:00:00,31.226
2027-03-04 12:00:00,34.189
2027-03-05 00:00:00,35.824
2027-03-05 12:00:00,34.775
2027-03-06 00:00:00,24.299
2027-03-06 12:00:00,36.698
2027-03-07 00:00:00,42.148
2027-03-07 12:00:00,37.3
2027-03-08 00:00:00,31.879
2027-03-08 12:00:00,25.241
2027-03-09 00:00:00,26.936
2027-03-09 12:00:00,28.352
2027-03-10 00:00:00,27.461
2027-03-10 12:00:00,28.09
2027-03-11 00:00:00,26.3
2027-03-11 12:00:00,22.723
2027-03-12 00:00:00,49.915
2027-03-12 12:00:00,26.249
2027-03-13 00:00:00,25.475
2027-03-13 12:00:00,68.558
2027-03-14 00:00:00,24.306
2027-03-14 12:00:00,22.08
2027-03-15 00:00:00,23.498
2027-03-15 12:00:00,24.446
2027-03-16 00:00:00,27.766
2027-03-16 12:00:00,28.154
2027-03-17 00:00:00,24.978
2027-03-17 12:00:00,22.526
2027-03-18 00:00:00,55.326
2027-03-18 12:00:00,42.005
2027-03-19 00:00:00,36.34
2027-03-19 12:00:00,25.267
2027-03-20 00:00:00,29.33
2027-03-20 12:00:00,33.323
2027-03-21 00:00:00,34.492
2027-03-21 12:00:00,5033.204
2027-03-22 00:00:00,10030.761
2027-03-22 12:00:00,38.223
2027-03-23 00:00:00,42.799
2027-03-23 12:00:00,45.171
2027-03-24 00:00:00,44.179
2027-03-24 12:00:00,46.71
2027-03-25 00:00:00,43.387
2027-03-25 12:00:00,45.664
2027-03-26 00:00:00,48.671
2027-03-26 12:00:00,43.4
2027-03-27 00:00:00,41.803
2027-03-27 12:00:00,43.09
2027-03-28 00:00:00,42.866
2027-03-28 12:00:00,41.838
2027-03-29 00:00:00,37.397
2027-03-29 12:00:00,43.97
2027-03-30 00:00:00,48.859
2027-03-30 12:00:00,42.01
2027-03-31 00:00:00,20.774
2027-03-31 12:00:00,25.896
2027-04-01 00:00:00,47.954
2027-04-01 12:00:00,31.367
2027-04-02 00:00:00,28.199
2027-04-02 12:00:00,30.137
2027-04-03 00:00:00,33.005
2027-04-03 12:00:00,34.577
2027-04-04 00:00:00,33.696
2027-04-04 12:00:00,36.058
2027-04-05 00:00:00,38.632
2027-04-05 12:00:00,36.136
2027-04-06 00:00:00,31.862
2027-04-06 12:00:00,29.07
2027-04-07 00:00:00,29.5
2027-04-07 12:00:00,31.77
2027-04-08 00:00:00,31.932
2027-04-08 12:00:00,31.648
2027-04-09 00:00:00,33.301
2027-04-09 12:00:00,35.105
2027-04-10 00:00:00,35.427
2027-04-10 12:00:00,38.726
2027-04-11 00:00:00,39.552
2027-04-11 12:00:00,40.529
2027-04-12 00:00:00,43.159
2027-04-12 12:00:00,38.006
2027-04-13 00:00:00,34.107
2027-04-13 12:00:00,31.607
2027-04-14 00:00:00,31.725
2027-04-14 12:00:00,33.038
2027-04-15 00:00:00,33.417
2027-04-15 12:00:00,35.053
2027-04-16 00:00:00,36.863
2027-04-16 12:00:00,40.747
2027-04-17 00:00:00,40.094
2027-04-17 12:00:00,38.224
2027-04-18 00:00:00,36.193
2027-04-18 12:00:00,36.55
2027-04-19 00:00:00,35.092
2027-04-19 12:00:00,32.895
2027-04-20 00:00:00,32.892
2027-04-20 12:00:00,32.647
2027-04-21 00:00:00,36.218
2027-04-21 12:00:00,38.089
2027-04-22 00:00:00,38.096
2027-04-22 12:00:00,38.993
2027-04-23 00:00:00,40.656
2027-04-23 12:00:00,41.734
2027-04-24 00:00:00,41.582
2027-04-24 12:00:00,39.625
2027-04-25 00:00:00,39.411
2027-04-25 12:00:00,40.936
2027-04-26 00:00:00,39.867
2027-04-26 12:00:00,40.025
2027-04-27 00:00:00,40.119
2027-04-27 12:00:00,41.036
2027-04-28 00:00:00,41.654
2027-04-28 12:00:00,41.87
2027-04-29 00:00:00,42.596
2027-04-29 12:00:00,43.013
2027-04-30 00:00:00,42.058
2027-04-30 12:00:00,40.929
2027-05-01 00:00:00,41.731
2027-05-01 12:00:00,40.036
2027-05-02 00:00:00,39.459
2027-05-02 12:00:00,39.086
2027-05-03 00:00:00,40.286
2027-05-03 12:00:00,41.92
2027-05-04 00:00:00,42.583
2027-05-04 12:00:00,15038.149
2027-05-05 00:00:00,47.542
2027-05-05 12:00:00,48.849
2027-05-06 00:00:00,50.476
2027-05-06 12:00:00,55.655
2027-05-07 00:00:00,58.379
2027-05-07 12:00:00,54.628
2027-05-08 00:00:00,55.974
2027-05-08 12:00:00,63.459
2027-05-09 00:00:00,69.184
2027-05-09 12:00:00,69.09
2027-05-10 00:00:00,69.943
2027-05-10 12:00:00,68.649
2027-05-11 00:00:00,68.415
2027-05-11 12:00:00,67.409
2027-05-12 00:00:00,67.392
2027-05-12 12:00:00,62.709
2027-05-13 00:00:00,60.06
2027-05-13 12:00:00,56.985
2027-05-14 00:00:00,52.779
2027-05-14 12:00:00,28.419
2027-05-15 00:00:00,34.72
2027-05-15 12:00:00,34.115
2027-05-16 00:00:00,36.604
2027-05-16 12:00:00,39.261
2027-05-17 00:00:00,41.894
2027-05-17 12:00:00,47.635
2027-05-18 00:00:00,51.053
2027-05-18 12:00:00,50.765
2027-05-19 00:00:00,45.71
2027-05-19 12:00:00,41.694
2027-05-20 00:00:00,38.378
2027-05-20 12:00:00,39.378
2027-05-21 00:00:00,38.029
2027-05-21 12:00:00,39.806
2027-05-22 00:00:00,41.731
2027-05-22 12:00:00,44.217
2027-05-23 00:00:00,46.412
2027-05-23 12:00:00,46.265
2027-05-24 00:00:00,47.215
2027-05-24 12:00:00,46.966
2027-05-25 00:00:00,5043.56
2027-05-25 12:00:00,5040.39
2027-05-26 00:00:00,41.13
2027-05-26 12:00:00,10036.898
2027-05-27 00:00:00,15035.699
2027-05-27 12:00:00,10038.256
2027-05-28 00:00:00,10038.483
2027-05-28 12:00:00,10039.62
2027-05-29 00:00:00,10041.026
2027-05-29 12:00:00,10040.339
2027-05-30 00:00:00,5041.697
2027-05-30 12:00:00,43.021
2027-05-31 00:00:00,35.242
2027-05-31 12:00:00,38.251
2027-06-01 00:00:00,34.37
2027-06-01 12:00:00,5034.468
2027-06-02 00:00:00,5033.841
2027-06-02 12:00:00,38.408
2027-06-03 00:00:00,52.631
2027-06-03 12:00:00,68.959
2027-06-04 00:00:00,58.114
2027-06-04 12:00:00,68.972
2027-06-05 00:00:00,74.28
2027-06-05 12:00:00,76.569
2027-06-06 00:00:00,5062.479
2027-06-06 12:00:00,5064.236
2027-06-07 00:00:00,51.064
2027-06-07 12:00:00,64.183
2027-06-08 00:00:00,64.311
2027-06-08 12:00:00,71.881
2027-06-09 00:00:00,71.429
2027-06-09 12:00:00,48.096
2027-06-10 00:00:00,47.346
2027-06-10 12:00:00,70.276
2027-06-11 00:00:00,55.827
2027-06-11 12:00:00,17.776
2027-06-12 00:00:00,21.04
2027-06-12 12:00:00,24.651
2027-06-13 00:00:00,27.117
2027-06-13 12:00:00,30.064
2027-06-14 00:00:00,31.115
2027-06-14 12:00:00,31.304
2027-06-15 00:00:00,32.507
2027-06-15 12:00:00,35.273
2027-06-16 00:00:00,37.821
2027-06-16 12:00:00,50.709
2027-06-17 00:00:00,47.726
2027-06-17 12:00:00,43.422
2027-06-18 00:00:00,28.072
2027-06-18 12:00:00,15021.898
2027-06-19 00:00:00,5025.49
2027-06-19 12:00:00,10026.33
2027-06-20 00:00:00,15025.989
2027-06-20 12:00:00,33.33
2027-06-21 00:00:00,5030.928
2027-06-21 12:00:00,5028.558
2027-06-22 00:00:00,26.435
2027-06-22 12:00:00,22.585
2027-06-23 00:00:00,5022.546
2027-06-23 12:00:00,5040.21
2027-06-24 00:00:00,5035.458
2027-06-24 12:00:00,26.57
2027-06-25 00:00:00,20.08
2027-06-25 12:00:00,26.42
2027-06-26 00:00:00,5026.215
2027-06-26 12:00:00,29.632
2027-06-27 00:00:00,28.481
2027-06-27 12:00:00,29.915
2027-06-28 00:00:00,31.456
2027-06-28 12:00:00,5035.0
2027-06-29 00:00:00,27.188
2027-06-29 12:00:00,25.685
2027-06-30 00:00:00,5029.443
2027-06-30 12:00:00,30.336
2027-07-01 00:00:00,28.942
2027-07-01 12:00:00,29.561
2027-07-02 00:00:00,30.161
2027-07-02 12:00:00,5029.673
2027-07-03 00:00:00,32.625
2027-07-03 12:00:00,5030.73
2027-07-04 00:00:00,36.383
2027-07-04 12:00:00,10030.795
2027-07-05 00:00:00,32.045
2027-07-05 12:00:00,32.768
2027-07-06 00:00:00,32.986
2027-07-06 12:00:00,31.897
2027-07-07 00:00:00,30.636
2027-07-07 12:00:00,29.444
2027-07-08 00:00:00,31.217
2027-07-08 12:00:00,5031.901
2027-07-09 00:00:00,5033.383
2027-07-09 12:00:00,36.348
2027-07-10 00:00:00,36.56
2027-07-10 12:00:00,37.507
2027-07-11 00:00:00,38.793
2027-07-11 12:00:00,5036.392
2027-07-12 00:00:00,37.293
2027-07-12 12:00:00,34.634
2027-07-13 00:00:00,34.663
2027-07-13 12:00:00,34.95
2027-07-14 00:00:00,34.968
2027-07-14 12:00:00,35.752
2027-07-15 00:00:00,5034.64
2027-07-15 12:00:00,39.155
2027-07-16 00:00:00,39.358
2027-07-16 12:00:00,39.278
2027-07-17 00:00:00,37.974
2027-07-17 12:00:00,35.945
2027-07-18 00:00:00,35.409
2027-07-18 12:00:00,33.875
2027-07-19 00:00:00,34.055
2027-07-19 12:00:00,5032.411
2027-07-20 00:00:00,34.976
2027-07-20 12:00:00,5032.96
2027-07-21 00:00:00,34.958
2027-07-21 12:00:00,37.107
2027-07-22 00:00:00,39.548
2027-07-22 12:00:00,38.773
2027-07-23 00:00:00,37.053
2027-07-23 12:00:00,36.422
2027-07-24 00:00:00,35.455
2027-07-24 12:00:00,35.499
2027-07-25 00:00:00,33.511
2027-07-25 12:00:00,34.063
2027-07-26 00:00:00,35.602
2027-07-26 12:00:00,38.004
2027-07-27 00:00:00,5037.509
2027-07-27 12:00:00,5039.463
2027-07-28 00:00:00,5041.149
2027-07-28 12:00:00,5040.062
2027-07-29 00:00:00,5038.9
2027-07-29 12:00:00,38.122
2027-07-30 00:00:00,36.972
2027-07-30 12:00:00,37.713
2027-07-31 00:00:00,5034.835
2027-07-31 12:00:00,36.331
2027-08-01 00:00:00,5034.302
2027-08-01 12:00:00,5036.207
2027-08-02 00:00:00,5038.387
2027-08-02 12:00:00,10037.428
2027-08-03 00:00:00,15035.295
2027-08-03 12:00:00,5038.057
2027-08-04 00:00:00,39.867
2027-08-04 12:00:00,39.243
2027-08-05 00:00:00,10035.774
2027-08-05 12:00:00,40.138
2027-08-06 00:00:00,10035.198
2027-08-06 12:00:00,38.493
2027-08-07 00:00:00,10034.062
2027-08-07 12:00:00,38.517
2027-08-08 00:00:00,20030.559
2027-08-08 12:00:00,20032.538
2027-08-09 00:00:00,20032.923
2027-08-09 12:00:00,15033.942
2027-08-10 00:00:00,25028.663
2027-08-10 12:00:00,5034.527
2027-08-11 00:00:00,37.057
2027-08-11 12:00:00,10034.909
2027-08-12 00:00:00,10033.979
2027-08-12 12:00:00,36.804
2027-08-13 00:00:00,15031.535
2027-08-13 12:00:00,10033.334
2027-08-14 00:00:00,5035.836
2027-08-14 12:00:00,20032.114
2027-08-15 00:00:00,30027.313
2027-08-15 12:00:00,25030.494
2027-08-16 00:00:00,10036.086
2027-08-16 12:00:00,15033.535
2027-08-17 00:00:00,10037.093
2027-08-17 12:00:00,30028.754
2027-08-18 00:00:00,40.802
2027-08-18 12:00:00,5038.755
2027-08-19 00:00:00,10035.548
2027-08-19 12:00:00,5036.726
2027-08-20 00:00:00,5037.495
2027-08-20 12:00:00,25036.458
2027-08-21 00:00:00,25021.6
2027-08-21 12:00:00,15028.378
2027-08-22 00:00:00,30041.277
2027-08-22 12:00:00,10066.29
2027-08-23 00:00:00,5029.659
2027-08-23 12:00:00,50010.37
2027-08-24 00:00:00,20018.118
2027-08-24 12:00:00,15020.138
2027-08-25 00:00:00,5022.318
2027-08-25 12:00:00,20018.495
2027-08-26 00:00:00,5021.498
2027-08-26 12:00:00,10021.148
2027-08-27 00:00:00,5022.981
2027-08-27 12:00:00,10021.975
2027-08-28 00:00:00,26.174
2027-08-28 12:00:00,20020.858
2027-08-29 00:00:00,20023.413
2027-08-29 12:00:00,20023.018
2027-08-30 00:00:00,15024.315
2027-08-30 12:00:00,10026.447
2027-08-31 00:00:00,30021.551
2027-08-31 12:00:00,15026.043
2027-09-01 00:00:00,15026.746
2027-09-01 12:00:00,10030.517
2027-09-02 00:00:00,10031.823
2027-09-02 12:00:00,10031.525
2027-09-03 00:00:00,10032.389
2027-09-03 12:00:00,10032.56
2027-09-04 00:00:00,5035.753
2027-09-04 12:00:00,10034.591
2027-09-05 00:00:00,37.911
2027-09-05 12:00:00,36.989
2027-09-06 00:00:00,36.552
2027-09-06 12:00:00,37.849
2027-09-07 00:00:00,5036.774
2027-09-07 12:00:00,10036.282
2027-09-08 00:00:00,10037.057
2027-09-08 12:00:00,40024.312
2027-09-09 00:00:00,5040.665
2027-09-09 12:00:00,10040.021
2027-09-10 00:00:00,10039.94
2027-09-10 12:00:00,15037.996
2027-09-11 00:00:00,10040.198
2027-09-11 12:00:00,10039.868
2027-09-12 00:00:00,20035.841
2027-09-12 12:00:00,30031.117
2027-09-13 00:00:00,25033.133
2027-09-13 12:00:00,10039.708
2027-09-14 00:00:00,15037.131
2027-09-14 12:00:00,10038.786
2027-09-15 00:00:00,43.194
2027-09-15 12:00:00,10038.605
2027-09-16 00:00:00,41.901
2027-09-16 12:00:00,10036.273
2027-09-17 00:00:00,10033.654
2027-09-17 12:00:00,10032.252
2027-09-18 00:00:00,20028.736
2027-09-18 12:00:00,5035.646
2027-09-19 00:00:00,10033.518
2027-09-19 12:00:00,10034.184
2027-09-20 00:00:00,5035.084
2027-09-20 12:00:00,10034.392
2027-09-21 00:00:00,37.564
2027-09-21 12:00:00,49.524
2027-09-22 00:00:00,75.23
2027-09-22 12:00:00,74.354
2027-09-23 00:00:00,10063.406
2027-09-23 12:00:00,10064.265
2027-09-24 00:00:00,10063.676
2027-09-24 12:00:00,5065.059
2027-09-25 00:00:00,66.902
2027-09-25 12:00:00,62.935
2027-09-26 00:00:00,5060.896
2027-09-26 12:00:00,64.472
2027-09-27 00:00:00,65.713
2027-09-27 12:00:00,67.975
2027-09-28 00:00:00,67.406
2027-09-28 12:00:00,65.057
2027-09-29 00:00:00,65.407
2027-09-29 12:00:00,65.947
2027-09-30 00:00:00,66.757
2027-09-30 12:00:00,66.885
2027-10-01 00:00:00,66.824
2027-10-01 12:00:00,15056.855
2027-10-02 00:00:00,65.989
2027-10-02 12:00:00,66.666
2027-10-03 00:00:00,66.446
2027-10-03 12:00:00,65.796
2027-10-04 00:00:00,64.747
2027-10-04 12:00:00,64.926
2027-10-05 00:00:00,66.384
2027-10-05 12:00:00,68.174
2027-10-06 00:00:00,69.357
2027-10-06 12:00:00,5068.484
2027-10-07 00:00:00,10065.701
2027-10-07 12:00:00,5071.042
2027-10-08 00:00:00,72.684
2027-10-08 12:00:00,15060.36
2027-10-09 00:00:00,15060.704
2027-10-09 12:00:00,20056.639
2027-10-10 00:00:00,30049.142
2027-10-10 12:00:00,15060.15
2027-10-11 00:00:00,10061.37
2027-10-11 12:00:00,25048.783
2027-10-12 00:00:00,15056.835
2027-10-12 12:00:00,15059.917
2027-10-13 00:00:00,25054.115
2027-10-13 12:00:00,10061.61
2027-10-14 00:00:00,10061.762
2027-10-14 12:00:00,20052.38
2027-10-15 00:00:00,15054.645
2027-10-15 12:00:00,10062.226
2027-10-16 00:00:00,10060.775
2027-10-16 12:00:00,15056.884
2027-10-17 00:00:00,10056.909
2027-10-17 12:00:00,10055.597
2027-10-18 00:00:00,5056.624
2027-10-18 12:00:00,5056.622
2027-10-19 00:00:00,10054.171
2027-10-19 12:00:00,5063.893
2027-10-20 00:00:00,10060.709
2027-10-20 12:00:00,66.179
2027-10-21 00:00:00,5064.134
2027-10-21 12:00:00,15060.354
2027-10-22 00:00:00,5068.628
2027-10-22 12:00:00,10063.805
2027-10-23 00:00:00,71.118
2027-10-23 12:00:00,72.414
2027-10-24 00:00:00,10067.599
2027-10-24 12:00:00,5071.416
2027-10-25 00:00:00,10068.88
2027-10-25 12:00:00,15064.721
2027-10-26 00:00:00,20060.817
2027-10-26 12:00:00,15064.926
2027-10-27 00:00:00,20061.656
2027-10-27 12:00:00,20061.271
2027-10-28 00:00:00,30051.253
2027-10-28 12:00:00,15023.145
2027-10-29 00:00:00,30025.606
2027-10-29 12:00:00,35027.268
2027-10-30 00:00:00,10067.653
2027-10-30 12:00:00,10065.896
2027-10-31 00:00:00,10067.579
2027-10-31 12:00:00,10067.148
2027-11-01 00:00:00,35048.096
2027-11-01 12:00:00,10066.907
2027-11-02 00:00:00,20059.077
2027-11-02 12:00:00,10067.171
2027-11-03 00:00:00,20060.644
2027-11-03 12:00:00,15062.522
2027-11-04 00:00:00,5070.341
2027-11-04 12:00:00,30050.577
2027-11-05 00:00:00,20056.058
2027-11-05 12:00:00,15064.552
2027-11-06 00:00:00,5070.88
2027-11-06 12:00:00,15060.394
2027-11-07 00:00:00,15060.874
2027-11-07 12:00:00,20058.416
2027-11-08 00:00:00,30052.094
2027-11-08 12:00:00,20055.06
2027-11-09 00:00:00,15058.663
2027-11-09 12:00:00,72.594
2027-11-10 00:00:00,10065.961
2027-11-10 12:00:00,5068.929
2027-11-11 00:00:00,10065.61
2027-11-11 12:00:00,10066.679
2027-11-12 00:00:00,10066.142
2027-11-12 12:00:00,73.147
2027-11-13 00:00:00,5068.203
2027-11-13 12:00:00,25052.754
2027-11-14 00:00:00,15057.853
2027-11-14 12:00:00,69.971
2027-11-15 00:00:00,5067.499
2027-11-15 12:00:00,25049.283
2027-11-16 00:00:00,5059.74
2027-11-16 12:00:00,61.656
2027-11-17 00:00:00,63.528
2027-11-17 12:00:00,56.714
2027-11-18 00:00:00,53.963
2027-11-18 12:00:00,56.572
2027-11-19 00:00:00,56.87
2027-11-19 12:00:00,56.742
2027-11-20 00:00:00,60.92
2027-11-20 12:00:00,65.199
2027-11-21 00:00:00,68.982
2027-11-21 12:00:00,67.054
2027-11-22 00:00:00,68.475
2027-11-22 12:00:00,68.031
2027-11-23 00:00:00,68.822
2027-11-23 12:00:00,63.245
2027-11-24 00:00:00,55.623
2027-11-24 12:00:00,64.938
2027-11-25 00:00:00,63.833
2027-11-25 12:00:00,63.78
2027-11-26 00:00:00,65.084
2027-11-26 12:00:00,62.536
2027-11-27 00:00:00,30.541
2027-11-27 12:00:00,18.889
2027-11-28 00:00:00,22.904
2027-11-28 12:00:00,28.718
2027-11-29 00:00:00,34.398
2027-11-29 12:00:00,41.478
2027-11-30 00:00:00,51.826
2027-11-30 12:00:00,55.551
2027-12-01 00:00:00,59.529
2027-12-01 12:00:00,56.663
2027-12-02 00:00:00,54.106
2027-12-02 12:00:00,60.671
2027-12-03 00:00:00,47.17
2027-12-03 12:00:00,35.552
2027-12-04 00:00:00,33.411
2027-12-04 12:00:00,35.888
2027-12-05 00:00:00,39.643
2027-12-05 12:00:00,40.656
2027-12-06 00:00:00,40.158
2027-12-06 12:00:00,40.428
2027-12-07 00:00:00,41.475
2027-12-07 12:00:00,47.492
2027-12-08 00:00:00,54.519
2027-12-08 12:00:00,47.846
2027-12-09 00:00:00,43.384
2027-12-09 12:00:00,41.147
2027-12-10 00:00:00,37.778
2027-12-10 12:00:00,36.259
2027-12-11 00:00:00,36.825
2027-12-11 12:00:00,5037.178
2027-12-12 00:00:00,5038.958
2027-12-12 12:00:00,41.267
2027-12-13 00:00:00,39.752
2027-12-13 12:00:00,38.637
2027-12-14 00:00:00,39.137
2027-12-14 12:00:00,38.848
2027-12-15 00:00:00,41.397
2027-12-15 12:00:00,39.097
2027-12-16 00:00:00,36.687
2027-12-16 12:00:00,38.328
2027-12-17 00:00:00,5037.7
2027-12-17 12:00:00,41.36
2027-12-18 00:00:00,5039.723
2027-12-18 12:00:00,20034.171
2027-12-19 00:00:00,10038.813
2027-12-19 12:00:00,42.248
2027-12-20 00:00:00,41.025
2027-12-20 12:00:00,10036.933
2027-12-21 00:00:00,41.035
2027-12-21 12:00:00,10035.835
2027-12-22 00:00:00,20031.27
2027-12-22 12:00:00,38.546
2027-12-23 00:00:00,38.94
2027-12-23 12:00:00,10035.303
2027-12-24 00:00:00,10036.121
2027-12-24 12:00:00,5039.333
2027-12-25 00:00:00,15034.776
2027-12-25 12:00:00,5038.057
2027-12-26 00:00:00,20032.493
2027-12-26 12:00:00,39.487
2027-12-27 00:00:00,42.858
2027-12-27 12:00:00,41.477
2027-12-28 00:00:00,15035.511
2027-12-28 12:00:00,15037.288
2027-12-29 00:00:00,45.495
2027-12-29 12:00:00,10042.233
2027-12-30 00:00:00,65.571
2027-12-30 12:00:00,15063.497
2027-12-31 00:00:00,70.307
2027-12-31 12:00:00,70.245
2028-01-01 00:00:00,69.902
2028-01-01 12:00:00,71.848
2028-01-02 00:00:00,72.137
2028-01-02 12:00:00,68.702
2028-01-03 00:00:00,5065.943
2028-01-03 12:00:00,44.825
2028-01-04 00:00:00,62.802
2028-01-04 12:00:00,74.49
2028-01-05 00:00:00,5069.927
2028-01-05 12:00:00,70.403
2028-01-06 00:00:00,71.694
2028-01-06 12:00:00,71.916
2028-01-07 00:00:00,72.101
2028-01-07 12:00:00,5050.07
2028-01-08 00:00:00,21.651
2028-01-08 12:00:00,34.092
2028-01-09 00:00:00,22.904
2028-01-09 12:00:00,26.504
2028-01-10 00:00:00,31.033
2028-01-10 12:00:00,31.014
2028-01-11 00:00:00,35.971
2028-01-11 12:00:00,40.15
2028-01-12 00:00:00,41.27
2028-01-12 12:00:00,5039.653
2028-01-13 00:00:00,5040.022
2028-01-13 12:00:00,42.519
2028-01-14 00:00:00,5040.756
2028-01-14 12:00:00,42.572
2028-01-15 00:00:00,15036.443
2028-01-15 12:00:00,5041.128
2028-01-16 00:00:00,10039.15
2028-01-16 12:00:00,5040.903
2028-01-17 00:00:00,15035.649
2028-01-17 12:00:00,5040.892
2028-01-18 00:00:00,5038.817
2028-01-18 12:00:00,15030.821
2028-01-19 00:00:00,31.706
2028-01-19 12:00:00,32.101
2028-01-20 00:00:00,10025.903
2028-01-20 12:00:00,20021.031
2028-01-21 00:00:00,15016.562
2028-01-21 12:00:00,35013.853
2028-01-22 00:00:00,40014.411
2028-01-22 12:00:00,40015.494
2028-01-23 00:00:00,20022.139
2028-01-23 12:00:00,25023.563
2028-01-24 00:00:00,15035.162
2028-01-24 12:00:00,10038.284
2028-01-25 00:00:00,5042.811
2028-01-25 12:00:00,45.302
2028-01-26 00:00:00,46.738
2028-01-26 12:00:00,5041.531
2028-01-27 00:00:00,20035.441
2028-01-27 12:00:00,15036.651
2028-01-28 00:00:00,25031.55
2028-01-28 12:00:00,20033.808
2028-01-29 00:00:00,5039.478
2028-01-29 12:00:00,41.889
2028-01-30 00:00:00,10037.739
2028-01-30 12:00:00,38.531
2028-01-31 00:00:00,36.226
2028-01-31 12:00:00,36.485
2028-02-01 00:00:00,33.764
2028-02-01 12:00:00,35.13
2028-02-02 00:00:00,33.167
2028-02-02 12:00:00,33.389
2028-02-03 00:00:00,35.884
2028-02-03 12:00:00,5035.623
2028-02-04 00:00:00,20031.172
2028-02-04 12:00:00,20032.325
2028-02-05 00:00:00,5038.089
2028-02-05 12:00:00,40.684
2028-02-06 00:00:00,42.151
2028-02-06 12:00:00,39.274
2028-02-07 00:00:00,35.411
2028-02-07 12:00:00,36.921
2028-02-08 00:00:00,38.463
2028-02-08 12:00:00,37.886
2028-02-09 00:00:00,37.134
2028-02-09 12:00:00,37.86
2028-02-10 00:00:00,39.652
2028-02-10 12:00:00,10036.184
2028-02-11 00:00:00,36.965
2028-02-11 12:00:00,28.268
2028-02-12 00:00:00,21.778
2028-02-12 12:00:00,26.0
2028-02-13 00:00:00,29.249
2028-02-13 12:00:00,20024.211
2028-02-14 00:00:00,10027.898
2028-02-14 12:00:00,30.806
2028-02-15 00:00:00,32.835
2028-02-15 12:00:00,5031.999
2028-02-16 00:00:00,35.626
2028-02-16 12:00:00,38.846
2028-02-17 00:00:00,52.334
2028-02-17 12:00:00,5070.79
2028-02-18 00:00:00,45039.582
2028-02-18 12:00:00,45041.519
2028-02-19 00:00:00,35047.368
2028-02-19 12:00:00,30052.851
2028-02-20 00:00:00,40044.998
2028-02-20 12:00:00,45040.997
2028-02-21 00:00:00,30053.022
2028-02-21 12:00:00,45041.507
2028-02-22 00:00:00,45041.86
2028-02-22 12:00:00,55033.619
2028-02-23 00:00:00,45040.889
2028-02-23 12:00:00,35048.151
2028-02-24 00:00:00,20060.329
2028-02-24 12:00:00,40044.546
2028-02-25 00:00:00,30052.447
2028-02-25 12:00:00,15061.142
2028-02-26 00:00:00,30032.532
2028-02-26 12:00:00,20031.112
2028-02-27 00:00:00,20058.013
2028-02-27 12:00:00,20057.676
2028-02-28 00:00:00,10065.479
2028-02-28 12:00:00,20057.848
2028-02-29 00:00:00,15062.076
2028-02-29 12:00:00,30051.247
2028-03-01 00:00:00,20052.238
2028-03-01 12:00:00,20057.89
2028-03-02 00:00:00,25053.857
2028-03-02 12:00:00,35046.595
2028-03-03 00:00:00,15062.191
2028-03-03 12:00:00,35044.786
2028-03-04 00:00:00,15056.506
2028-03-04 12:00:00,25048.896
2028-03-05 00:00:00,15046.832
2028-03-05 12:00:00,47.144
2028-03-06 00:00:00,48.586
2028-03-06 12:00:00,5047.278
2028-03-07 00:00:00,58.245
2028-03-07 12:00:00,64.887
2028-03-08 00:00:00,68.178
2028-03-08 12:00:00,10062.956
2028-03-09 00:00:00,20058.229
2028-03-09 12:00:00,71.829
2028-03-10 00:00:00,30050.098
2028-03-10 12:00:00,15061.286
2028-03-11 00:00:00,35045.882
2028-03-11 12:00:00,50034.751
2028-03-12 00:00:00,20055.856
2028-03-12 12:00:00,15058.418
2028-03-13 00:00:00,10060.709
2028-03-13 12:00:00,10060.244
2028-03-14 00:00:00,65.585
2028-03-14 12:00:00,5062.444
2028-03-15 00:00:00,66.086
2028-03-15 12:00:00,67.917
2028-03-16 00:00:00,69.958
2028-03-16 12:00:00,25051.546
2028-03-17 00:00:00,67.955
2028-03-17 12:00:00,15056.592
2028-03-18 00:00:00,15056.851
2028-03-18 12:00:00,15056.628
2028-03-19 00:00:00,10059.728
2028-03-19 12:00:00,67.858
2028-03-20 00:00:00,5062.713
2028-03-20 12:00:00,5059.77
2028-03-21 00:00:00,54.136
2028-03-21 12:00:00,60.584
2028-03-22 00:00:00,65.606
2028-03-22 12:00:00,67.42
2028-03-23 00:00:00,5064.13
2028-03-23 12:00:00,63.075
2028-03-24 00:00:00,62.221
2028-03-24 12:00:00,55.358
2028-03-25 00:00:00,54.78
2028-03-25 12:00:00,58.353
2028-03-26 00:00:00,47.024
2028-03-26 12:00:00,36.055
2028-03-27 00:00:00,37.545
2028-03-27 12:00:00,37.182
2028-03-28 00:00:00,37.396
2028-03-28 12:00:00,38.106
2028-03-29 00:00:00,41.82
2028-03-29 12:00:00,10042.194
2028-03-30 00:00:00,15041.764
2028-03-30 12:00:00,51.583
2028-03-31 00:00:00,55.496
2028-03-31 12:00:00,60.3
2028-04-01 00:00:00,30.65
2028-04-01 12:00:00,24.121
2028-04-02 00:00:00,26.705
2028-04-02 12:00:00,26.478
2028-04-03 00:00:00,24.375
2028-04-03 12:00:00,23.12
2028-04-04 00:00:00,33.573
2028-04-04 12:00:00,44.639
2028-04-05 00:00:00,46.731
2028-04-05 12:00:00,29.557
2028-04-06 00:00:00,15.094
2028-04-06 12:00:00,15.641
2028-04-07 00:00:00,19.491
2028-04-07 12:00:00,29.123
2028-04-08 00:00:00,31.672
2028-04-08 12:00:00,33.186
2028-04-09 00:00:00,34.526
2028-04-09 12:00:00,35.29
2028-04-10 00:00:00,5034.861
2028-04-10 12:00:00,36.913
2028-04-11 00:00:00,36.386
2028-04-11 12:00:00,34.354
2028-04-12 00:00:00,31.679
2028-04-12 12:00:00,30.381
2028-04-13 00:00:00,28.752
2028-04-13 12:00:00,30.743
2028-04-14 00:00:00,43.725
2028-04-14 12:00:00,72.929
2028-04-15 00:00:00,72.78
2028-04-15 12:00:00,72.703
2028-04-16 00:00:00,72.471
2028-04-16 12:00:00,69.076
2028-04-17 00:00:00,70.961
2028-04-17 12:00:00,71.482
2028-04-18 00:00:00,68.207
2028-04-18 12:00:00,68.547
2028-04-19 00:00:00,67.844
2028-04-19 12:00:00,68.283
2028-04-20 00:00:00,68.034
2028-04-20 12:00:00,67.52
2028-04-21 00:00:00,67.721
2028-04-21 12:00:00,65.83
2028-04-22 00:00:00,66.942
2028-04-22 12:00:00,68.317
2028-04-23 00:00:00,69.35
2028-04-23 12:00:00,72.652
2028-04-24 00:00:00,73.791
2028-04-24 12:00:00,71.582
2028-04-25 00:00:00,69.996
2028-04-25 12:00:00,70.62
2028-04-26 00:00:00,70.284
2028-04-26 12:00:00,63.456
2028-04-27 00:00:00,5035.795
2028-04-27 12:00:00,36.61
2028-04-28 00:00:00,70.184
2028-04-28 12:00:00,71.034
2028-04-29 00:00:00,61.629
2028-04-29 12:00:00,67.025
2028-04-30 00:00:00,72.235
2028-04-30 12:00:00,67.396
2028-05-01 00:00:00,64.087
2028-05-01 12:00:00,5036.723
2028-05-02 00:00:00,5031.719
2028-05-02 12:00:00,36.495
2028-05-03 00:00:00,74.88
2028-05-03 12:00:00,74.843
2028-05-04 00:00:00,75.506
2028-05-04 12:00:00,5068.543
2028-05-05 00:00:00,67.814
2028-05-05 12:00:00,5066.271
2028-05-06 00:00:00,71.469
2028-05-06 12:00:00,71.915
2028-05-07 00:00:00,5057.675
2028-05-07 12:00:00,25.263
2028-05-08 00:00:00,62.646
2028-05-08 12:00:00,52.454
2028-05-09 00:00:00,69.198
2028-05-09 12:00:00,19.766
2028-05-10 00:00:00,17.397
2028-05-10 12:00:00,29.773
2028-05-11 00:00:00,67.801
2028-05-11 12:00:00,67.617
2028-05-12 00:00:00,64.517
2028-05-12 12:00:00,64.345
2028-05-13 00:00:00,65.686
2028-05-13 12:00:00,63.599
2028-05-14 00:00:00,20047.603
2028-05-14 12:00:00,54.092
2028-05-15 00:00:00,46.198
2028-05-15 12:00:00,42.536
2028-05-16 00:00:00,45.874
2028-05-16 12:00:00,49.424
2028-05-17 00:00:00,43.64
2028-05-17 12:00:00,46.094
2028-05-18 00:00:00,46.99
2028-05-18 12:00:00,45.313
2028-05-19 00:00:00,45.016
2028-05-19 12:00:00,29.868
2028-05-20 00:00:00,30.465
2028-05-20 12:00:00,27.077
2028-05-21 00:00:00,29.262
2028-05-21 12:00:00,35.826
2028-05-22 00:00:00,42.661
2028-05-22 12:00:00,44.992
2028-05-23 00:00:00,43.383
2028-05-23 12:00:00,46.106
2028-05-24 00:00:00,54.904
2028-05-24 12:00:00,18.733
2028-05-25 00:00:00,21.48
2028-05-25 12:00:00,56.246
2028-05-26 00:00:00,68.765
2028-05-26 12:00:00,74.239
2028-05-27 00:00:00,73.778
2028-05-27 12:00:00,74.475
2028-05-28 00:00:00,71.971
2028-05-28 12:00:00,72.628
2028-05-29 00:00:00,71.346
2028-05-29 12:00:00,70.492
2028-05-30 00:00:00,69.707
2028-05-30 12:00:00,69.537
2028-05-31 00:00:00,69.198
2028-05-31 12:00:00,69.441
2028-06-01 00:00:00,71.255
2028-06-01 12:00:00,71.261
2028-06-02 00:00:00,70.864
2028-06-02 12:00:00,71.306
2028-06-03 00:00:00,68.852
2028-06-03 12:00:00,71.86
2028-06-04 00:00:00,71.562
2028-06-04 12:00:00,69.282
2028-06-05 00:00:00,69.336
2028-06-05 12:00:00,64.153
2028-06-06 00:00:00,51.68
2028-06-06 12:00:00,14.335
2028-06-07 00:00:00,18.2
2028-06-07 12:00:00,17.378
2028-06-08 00:00:00,16.479
2028-06-08 12:00:00,31.094
2028-06-09 00:00:00,41.29
2028-06-09 12:00:00,43.863
2028-06-10 00:00:00,42.579
2028-06-10 12:00:00,45.996
2028-06-11 00:00:00,44.031
2028-06-11 12:00:00,40.349
2028-06-12 00:00:00,39.895
2028-06-12 12:00:00,37.12
2028-06-13 00:00:00,5029.679
2028-06-13 12:00:00,37.308
2028-06-14 00:00:00,40.304
2028-06-14 12:00:00,41.767
2028-06-15 00:00:00,44.135
2028-06-15 12:00:00,39.973
2028-06-16 00:00:00,38.213
2028-06-16 12:00:00,35.222
2028-06-17 00:00:00,36.82
2028-06-17 12:00:00,38.31
2028-06-18 00:00:00,39.425
2028-06-18 12:00:00,42.743
2028-06-19 00:00:00,42.136
2028-06-19 12:00:00,41.024
2028-06-20 00:00:00,28.117
2028-06-20 12:00:00,5031.136
2028-06-21 00:00:00,43.241
2028-06-21 12:00:00,41.724
2028-06-22 00:00:00,40.831
2028-06-22 12:00:00,29.75
2028-06-23 00:00:00,37.039
2028-06-23 12:00:00,33.104
2028-06-24 00:00:00,36.946
2028-06-24 12:00:00,36.485
2028-06-25 00:00:00,36.236
2028-06-25 12:00:00,35.104
2028-06-26 00:00:00,36.29
2028-06-26 12:00:00,35.379
2028-06-27 00:00:00,40.282
2028-06-27 12:00:00,43.604
2028-06-28 00:00:00,15037.923
2028-06-28 12:00:00,63.933
2028-06-29 00:00:00,34.213
2028-06-29 12:00:00,71.189
2028-06-30 00:00:00,74.307
2028-06-30 12:00:00,70.509
2028-07-01 00:00:00,70.582
2028-07-01 12:00:00,42.51
2028-07-02 00:00:00,36.763
2028-07-02 12:00:00,39.205
2028-07-03 00:00:00,41.672
2028-07-03 12:00:00,42.536
2028-07-04 00:00:00,40.74
2028-07-04 12:00:00,57.617
2028-07-05 00:00:00,63.417
2028-07-05 12:00:00,53.456
2028-07-06 00:00:00,34.763
2028-07-06 12:00:00,19.003
2028-07-07 00:00:00,21.412
2028-07-07 12:00:00,24.426
2028-07-08 00:00:00,21.457
2028-07-08 12:00:00,19.335
2028-07-09 00:00:00,32.071
2028-07-09 12:00:00,72.346
2028-07-10 00:00:00,71.116
2028-07-10 12:00:00,71.447
2028-07-11 00:00:00,73.725
2028-07-11 12:00:00,49.407
2028-07-12 00:00:00,23.694
2028-07-12 12:00:00,19.177
2028-07-13 00:00:00,20.069
2028-07-13 12:00:00,20.117
2028-07-14 00:00:00,40.168
2028-07-14 12:00:00,66.919
2028-07-15 00:00:00,38.843
2028-07-15 12:00:00,74.017
2028-07-16 00:00:00,68.169
2028-07-16 12:00:00,69.847
2028-07-17 00:00:00,73.649
2028-07-17 12:00:00,39.672
2028-07-18 00:00:00,5016.947
2028-07-18 12:00:00,17.702
2028-07-19 00:00:00,5018.234
2028-07-19 12:00:00,19.573
2028-07-20 00:00:00,20.341
2028-07-20 12:00:00,19.956
2028-07-21 00:00:00,26.114
2028-07-21 12:00:00,5067.48
2028-07-22 00:00:00,72.003
2028-07-22 12:00:00,37.45
2028-07-23 00:00:00,20.384
2028-07-23 12:00:00,19.735
2028-07-24 00:00:00,21.278
2028-07-24 12:00:00,20.786
2028-07-25 00:00:00,20.324
2028-07-25 12:00:00,22.282
2028-07-26 00:00:00,27.276
2028-07-26 12:00:00,29.927
2028-07-27 00:00:00,32.289
2028-07-27 12:00:00,34.193
2028-07-28 00:00:00,5033.041
2028-07-28 12:00:00,32.759
2028-07-29 00:00:00,32.862
2028-07-29 12:00:00,35.921
2028-07-30 00:00:00,5033.767
2028-07-30 12:00:00,5034.185
2028-07-31 00:00:00,5033.247
2028-07-31 12:00:00,33.124
2028-08-01 00:00:00,32.246
2028-08-01 12:00:00,33.094
2028-08-02 00:00:00,34.473
2028-08-02 12:00:00,36.25
2028-08-03 00:00:00,33.985
2028-08-03 12:00:00,5029.909
2028-08-04 00:00:00,30.095
2028-08-04 12:00:00,33.651
2028-08-05 00:00:00,33.206
2028-08-05 12:00:00,36.662
2028-08-06 00:00:00,39.475
2028-08-06 12:00:00,40.41
2028-08-07 00:00:00,50.144
2028-08-07 12:00:00,63.378
2028-08-08 00:00:00,66.604
2028-08-08 12:00:00,67.428
2028-08-09 00:00:00,67.571
2028-08-09 12:00:00,62.116
2028-08-10 00:00:00,65.643
2028-08-10 12:00:00,65.485
2028-08-11 00:00:00,65.658
2028-08-11 12:00:00,65.939
2028-08-12 00:00:00,15055.068
2028-08-12 12:00:00,65.271
2028-08-13 00:00:00,67.817
2028-08-13 12:00:00,69.072
2028-08-14 00:00:00,5064.278
2028-08-14 12:00:00,67.113
2028-08-15 00:00:00,68.14
2028-08-15 12:00:00,66.5
2028-08-16 00:00:00,65.221
2028-08-16 12:00:00,64.902
2028-08-17 00:00:00,64.924
2028-08-17 12:00:00,66.381
2028-08-18 00:00:00,66.507
2028-08-18 12:00:00,66.877
2028-08-19 00:00:00,70.357
2028-08-19 12:00:00,71.485
2028-08-20 00:00:00,70.566
2028-08-20 12:00:00,72.14
2028-08-21 00:00:00,10061.891
2028-08-21 12:00:00,65.186
2028-08-22 00:00:00,59.358
2028-08-22 12:00:00,62.23
2028-08-23 00:00:00,65.461
2028-08-23 12:00:00,66.87
2028-08-24 00:00:00,65.9
2028-08-24 12:00:00,51.873
2028-08-25 00:00:00,20.154
2028-08-25 12:00:00,21.646
2028-08-26 00:00:00,5019.491
2028-08-26 12:00:00,27.129
2028-08-27 00:00:00,56.063
2028-08-27 12:00:00,56.906
2028-08-28 00:00:00,56.894
2028-08-28 12:00:00,63.194
2028-08-29 00:00:00,33.073
2028-08-29 12:00:00,15.101
2028-08-30 00:00:00,18.818
2028-08-30 12:00:00,21.407
2028-08-31 00:00:00,30.467
2028-08-31 12:00:00,36.822
2028-09-01 00:00:00,38.165
2028-09-01 12:00:00,39.465
2028-09-02 00:00:00,38.13
2028-09-02 12:00:00,39.127
2028-09-03 00:00:00,38.787
2028-09-03 12:00:00,39.899
2028-09-04 00:00:00,33.732
2028-09-04 12:00:00,34.895
2028-09-05 00:00:00,37.499
2028-09-05 12:00:00,36.815
2028-09-06 00:00:00,36.845
2028-09-06 12:00:00,40.328
2028-09-07 00:00:00,42.411
2028-09-07 12:00:00,47.61
2028-09-08 00:00:00,53.721
2028-09-08 12:00:00,45.318
2028-09-09 00:00:00,20035.61
2028-09-09 12:00:00,49.403
2028-09-10 00:00:00,51.899
2028-09-10 12:00:00,61.803
2028-09-11 00:00:00,67.377
2028-09-11 12:00:00,66.778
2028-09-12 00:00:00,65.276
2028-09-12 12:00:00,65.526
2028-09-13 00:00:00,62.02
2028-09-13 12:00:00,59.502
2028-09-14 00:00:00,54.242
2028-09-14 12:00:00,56.373
2028-09-15 00:00:00,58.23
2028-09-15 12:00:00,59.769
2028-09-16 00:00:00,61.876
2028-09-16 12:00:00,63.812
2028-09-17 00:00:00,64.619
2028-09-17 12:00:00,64.621
2028-09-18 00:00:00,62.753
2028-09-18 12:00:00,64.671
2028-09-19 00:00:00,60.659
2028-09-19 12:00:00,56.467
2028-09-20 00:00:00,57.202
2028-09-20 12:00:00,57.921
2028-09-21 00:00:00,56.33
2028-09-21 12:00:00,59.276
2028-09-22 00:00:00,63.912
2028-09-22 12:00:00,65.364
2028-09-23 00:00:00,65.42
2028-09-23 12:00:00,63.718
2028-09-24 00:00:00,58.329
2028-09-24 12:00:00,59.987
2028-09-25 00:00:00,57.638
2028-09-25 12:00:00,50.908
2028-09-26 00:00:00,15051.509
2028-09-26 12:00:00,52.194
2028-09-27 00:00:00,64.037
2028-09-27 12:00:00,64.423
2028-09-28 00:00:00,38.085
2028-09-28 12:00:00,23.817
2028-09-29 00:00:00,19.424
2028-09-29 12:00:00,20.771
2028-09-30 00:00:00,20.436
2028-09-30 12:00:00,21.803
2028-10-01 00:00:00,21.965
2028-10-01 12:00:00,28.596
2028-10-02 00:00:00,47.492
2028-10-02 12:00:00,54.152
2028-10-03 00:00:00,58.523
2028-10-03 12:00:00,44.87
2028-10-04 00:00:00,61.291
2028-10-04 12:00:00,18.192
2028-10-05 00:00:00,18.581
2028-10-05 12:00:00,5019.913
2028-10-06 00:00:00,22.81
2028-10-06 12:00:00,24.002
2028-10-07 00:00:00,24.478
2028-10-07 12:00:00,23.609
2028-10-08 00:00:00,37.542
2028-10-08 12:00:00,53.104
2028-10-09 00:00:00,28.922
2028-10-09 12:00:00,5017.771
2028-10-10 00:00:00,17.881
2028-10-10 12:00:00,43.985
2028-10-11 00:00:00,15.021
2028-10-11 12:00:00,15.324
2028-10-12 00:00:00,37.09
2028-10-12 12:00:00,48.173
2028-10-13 00:00:00,19.998
2028-10-13 12:00:00,46.188
2028-10-14 00:00:00,53.151
2028-10-14 12:00:00,50.634
2028-10-15 00:00:00,53.471
2028-10-15 12:00:00,5058.421
2028-10-16 00:00:00,57.253
2028-10-16 12:00:00,48.407
2028-10-17 00:00:00,28.948
2028-10-17 12:00:00,27.155
2028-10-18 00:00:00,5029.805
2028-10-18 12:00:00,35.635
2028-10-19 00:00:00,53.971
2028-10-19 12:00:00,49.982
2028-10-20 00:00:00,58.334
2028-10-20 12:00:00,64.231
2028-10-21 00:00:00,64.686
2028-10-21 12:00:00,5065.473
2028-10-22 00:00:00,70.111
2028-10-22 12:00:00,70.398
2028-10-23 00:00:00,70.245
2028-10-23 12:00:00,67.754
2028-10-24 00:00:00,65.31
2028-10-24 12:00:00,64.094
2028-10-25 00:00:00,60.714
2028-10-25 12:00:00,58.883
2028-10-26 00:00:00,53.09
2028-10-26 12:00:00,55.469
2028-10-27 00:00:00,60.053
2028-10-27 12:00:00,58.156
2028-10-28 00:00:00,47.776
2028-10-28 12:00:00,29.171
2028-10-29 00:00:00,36.332
2028-10-29 12:00:00,38.007
2028-10-30 00:00:00,5037.405
2028-10-30 12:00:00,41.642
2028-10-31 00:00:00,43.435
2028-10-31 12:00:00,44.999
2028-11-01 00:00:00,45.262
2028-11-01 12:00:00,44.455
2028-11-02 00:00:00,45.254
2028-11-02 12:00:00,47.421
2028-11-03 00:00:00,46.339
2028-11-03 12:00:00,43.275
2028-11-04 00:00:00,40.667
2028-11-04 12:00:00,42.651
2028-11-05 00:00:00,43.606
2028-11-05 12:00:00,43.306
2028-11-06 00:00:00,42.955
2028-11-06 12:00:00,43.004
2028-11-07 00:00:00,41.798
2028-11-07 12:00:00,40.21
2028-11-08 00:00:00,43.278
2028-11-08 12:00:00,49.643
2028-11-09 00:00:00,27.139
2028-11-09 12:00:00,18.872
2028-11-10 00:00:00,15016.862
2028-11-10 12:00:00,20.005
2028-11-11 00:00:00,20.191
2028-11-11 12:00:00,45.673
2028-11-12 00:00:00,33.661
2028-11-12 12:00:00,52.426
2028-11-13 00:00:00,70.844
2028-11-13 12:00:00,5042.033
2028-11-14 00:00:00,5064.232
2028-11-14 12:00:00,30.929
2028-11-15 00:00:00,22.383
2028-11-15 12:00:00,20.767
2028-11-16 00:00:00,26.848
2028-11-16 12:00:00,5029.252
2028-11-17 00:00:00,36.536
2028-11-17 12:00:00,35.738
2028-11-18 00:00:00,36.58
2028-11-18 12:00:00,36.986
2028-11-19 00:00:00,34.602
2028-11-19 12:00:00,34.086
2028-11-20 00:00:00,33.796
2028-11-20 12:00:00,33.262
2028-11-21 00:00:00,33.2
2028-11-21 12:00:00,32.895
2028-11-22 00:00:00,32.99
2028-11-22 12:00:00,32.784
2028-11-23 00:00:00,33.318
2028-11-23 12:00:00,33.781
2028-11-24 00:00:00,34.317
2028-11-24 12:00:00,34.644
2028-11-25 00:00:00,35.772
2028-11-25 12:00:00,35.261
2028-11-26 00:00:00,5034.587
2028-11-26 12:00:00,36.404
2028-11-27 00:00:00,38.191
2028-11-27 12:00:00,5040.212
2028-11-28 00:00:00,5041.743
2028-11-28 12:00:00,5039.827
2028-11-29 00:00:00,41.245
2028-11-29 12:00:00,41.584
2028-11-30 00:00:00,42.832
2028-11-30 12:00:00,43.619
2028-12-01 00:00:00,45.366
2028-12-01 12:00:00,44.748
2028-12-02 00:00:00,5041.397
2028-12-02 12:00:00,5055.972
2028-12-03 00:00:00,74.294
2028-12-03 12:00:00,10055.155
2028-12-04 00:00:00,5019.987
2028-12-04 12:00:00,24.095
2028-12-05 00:00:00,5022.638
2028-12-05 12:00:00,20.565
2028-12-06 00:00:00,21.117
2028-12-06 12:00:00,21.333
2028-12-07 00:00:00,20.54
2028-12-07 12:00:00,58.41
2028-12-08 00:00:00,64.382
2028-12-08 12:00:00,10020.169
2028-12-09 00:00:00,5017.196
2028-12-09 12:00:00,18.779
2028-12-10 00:00:00,19.353
2028-12-10 12:00:00,20.17
2028-12-11 00:00:00,19.249
2028-12-11 12:00:00,23.777
2028-12-12 00:00:00,5067.871
2028-12-12 12:00:00,74.885
2028-12-13 00:00:00,46.168
2028-12-13 12:00:00,5066.929
2028-12-14 00:00:00,62.861
2028-12-14 12:00:00,68.483
2028-12-15 00:00:00,72.989
2028-12-15 12:00:00,69.694
2028-12-16 00:00:00,68.72
2028-12-16 12:00:00,68.484
2028-12-17 00:00:00,69.73
2028-12-17 12:00:00,69.863
2028-12-18 00:00:00,66.365
2028-12-18 12:00:00,67.275
2028-12-19 00:00:00,66.367
2028-12-19 12:00:00,65.305
2028-12-20 00:00:00,66.833
2028-12-20 12:00:00,65.293
2028-12-21 00:00:00,65.601
2028-12-21 12:00:00,66.176
2028-12-22 00:00:00,63.176
2028-12-22 12:00:00,58.728
2028-12-23 00:00:00,61.278
2028-12-23 12:00:00,31.384
2028-12-24 00:00:00,50.96
2028-12-24 12:00:00,56.351
2028-12-25 00:00:00,15051.098
2028-12-25 12:00:00,5057.918
2028-12-26 00:00:00,58.113
2028-12-26 12:00:00,58.168
2028-12-27 00:00:00,55.014
2028-12-27 12:00:00,56.638
2028-12-28 00:00:00,59.222
2028-12-28 12:00:00,31.842
2028-12-29 00:00:00,31.905
2028-12-29 12:00:00,35.961
2028-12-30 00:00:00,51.166
2028-12-30 12:00:00,60.308
2028-12-31 00:00:00,53.271
2028-12-31 12:00:00,64.721
2029-01-01 00:00:00,67.828
2029-01-01 12:00:00,66.208
2029-01-02 00:00:00,45.558
2029-01-02 12:00:00,17.673
2029-01-03 00:00:00,17.947
2029-01-03 12:00:00,33.693
2029-01-04 00:00:00,42.771
2029-01-04 12:00:00,72.91
2029-01-05 00:00:00,68.228
2029-01-05 12:00:00,71.275
2029-01-06 00:00:00,69.424
2029-01-06 12:00:00,68.634
2029-01-07 00:00:00,70.287
2029-01-07 12:00:00,70.362
2029-01-08 00:00:00,66.898
2029-01-08 12:00:00,65.232
2029-01-09 00:00:00,65.157
2029-01-09 12:00:00,65.87
2029-01-10 00:00:00,67.809
2029-01-10 12:00:00,50.522
2029-01-11 00:00:00,31.84
2029-01-11 12:00:00,47.289
2029-01-12 00:00:00,59.67
2029-01-12 12:00:00,61.232
2029-01-13 00:00:00,61.266
2029-01-13 12:00:00,62.494
2029-01-14 00:00:00,60.385
2029-01-14 12:00:00,59.35
2029-01-15 00:00:00,56.556
2029-01-15 12:00:00,34.949
2029-01-16 00:00:00,59.783
2029-01-16 12:00:00,47.171
2029-01-17 00:00:00,45.919
2029-01-17 12:00:00,46.794
2029-01-18 00:00:00,46.036
2029-01-18 12:00:00,47.443
2029-01-19 00:00:00,49.705
2029-01-19 12:00:00,55.828
2029-01-20 00:00:00,57.628
2029-01-20 12:00:00,57.717
2029-01-21 00:00:00,45.346
2029-01-21 12:00:00,28.965
2029-01-22 00:00:00,28.965
2029-01-22 12:00:00,32.585
2029-01-23 00:00:00,39.275
2029-01-23 12:00:00,38.497
2029-01-24 00:00:00,5037.27
2029-01-24 12:00:00,43.73
2029-01-25 00:00:00,44.719
2029-01-25 12:00:00,37.634
2029-01-26 00:00:00,35.96
2029-01-26 12:00:00,33.169
2029-01-27 00:00:00,29.828
2029-01-27 12:00:00,29.376
2029-01-28 00:00:00,32.324
2029-01-28 12:00:00,33.172
2029-01-29 00:00:00,33.114
2029-01-29 12:00:00,33.071
2029-01-30 00:00:00,30.652
2029-01-30 12:00:00,32.25
2029-01-31 00:00:00,31.826
2029-01-31 12:00:00,33.898
2029-02-01 00:00:00,35.372
2029-02-01 12:00:00,34.612
2029-02-02 00:00:00,34.135
2029-02-02 12:00:00,32.839
2029-02-03 00:00:00,34.224
2029-02-03 12:00:00,35.007
2029-02-04 00:00:00,36.0
2029-02-04 12:00:00,36.175
2029-02-05 00:00:00,36.486
2029-02-05 12:00:00,34.918
2029-02-06 00:00:00,35.766
2029-02-06 12:00:00,35.453
2029-02-07 00:00:00,34.087
2029-02-07 12:00:00,30.032
2029-02-08 00:00:00,31.239
2029-02-08 12:00:00,15024.641
2029-02-09 00:00:00,5030.771
2029-02-09 12:00:00,36.171
2029-02-10 00:00:00,39.051
2029-02-10 12:00:00,38.419
2029-02-11 00:00:00,37.412
2029-02-11 12:00:00,35.78
2029-02-12 00:00:00,23.393
2029-02-12 12:00:00,5022.871
2029-02-13 00:00:00,26.53
2029-02-13 12:00:00,18.319
2029-02-14 00:00:00,20.159
2029-02-14 12:00:00,25.91
2029-02-15 00:00:00,23.078
2029-02-15 12:00:00,23.769
2029-02-16 00:00:00,29.716
2029-02-16 12:00:00,54.592
2029-02-17 00:00:00,70.876
2029-02-17 12:00:00,71.126
2029-02-18 00:00:00,71.469
2029-02-18 12:00:00,45.543
2029-02-19 00:00:00,18.795
2029-02-19 12:00:00,20.134
2029-02-20 00:00:00,21.413
2029-02-20 12:00:00,5021.947
2029-02-21 00:00:00,23.81
2029-02-21 12:00:00,20.868
2029-02-22 00:00:00,18.326
2029-02-22 12:00:00,17.56
2029-02-23 00:00:00,19.844
2029-02-23 12:00:00,69.674
2029-02-24 00:00:00,24.732
2029-02-24 12:00:00,18.546
2029-02-25 00:00:00,19.771
2029-02-25 12:00:00,19.84
2029-02-26 00:00:00,19.574
2029-02-26 12:00:00,19.406
2029-02-27 00:00:00,18.764
2029-02-27 12:00:00,21.921
2029-02-28 00:00:00,25.35
2029-02-28 12:00:00,28.821
2029-03-01 00:00:00,29.557
2029-03-01 12:00:00,30.218
2029-03-02 00:00:00,31.067
2029-03-02 12:00:00,31.132
2029-03-03 00:00:00,32.45
2029-03-03 12:00:00,30.271
2029-03-04 00:00:00,30.324
2029-03-04 12:00:00,5029.23
2029-03-05 00:00:00,33.882
2029-03-05 12:00:00,33.941
2029-03-06 00:00:00,43.345
2029-03-06 12:00:00,41.843
2029-03-07 00:00:00,50.239
2029-03-07 12:00:00,46.988
2029-03-08 00:00:00,48.259
2029-03-08 12:00:00,61.767
2029-03-09 00:00:00,62.091
2029-03-09 12:00:00,67.654
2029-03-10 00:00:00,65.225
2029-03-10 12:00:00,28.481
2029-03-11 00:00:00,38.799
2029-03-11 12:00:00,27.903
2029-03-12 00:00:00,29.254
2029-03-12 12:00:00,62.219
2029-03-13 00:00:00,66.035
2029-03-13 12:00:00,62.104
2029-03-14 00:00:00,72.852
2029-03-14 12:00:00,67.933
2029-03-15 00:00:00,21.828
2029-03-15 12:00:00,16.185
2029-03-16 00:00:00,18.226
2029-03-16 12:00:00,18.938
2029-03-17 00:00:00,19.079
2029-03-17 12:00:00,18.285
2029-03-18 00:00:00,41.276
2029-03-18 12:00:00,59.188
2029-03-19 00:00:00,17.492
2029-03-19 12:00:00,55.82
2029-03-20 00:00:00,71.034
2029-03-20 12:00:00,5068.277
2029-03-21 00:00:00,64.399
2029-03-21 12:00:00,71.948
2029-03-22 00:00:00,60.768
2029-03-22 12:00:00,5036.715
2029-03-23 00:00:00,56.071
2029-03-23 12:00:00,69.07
2029-03-24 00:00:00,65.539
2029-03-24 12:00:00,45.56
2029-03-25 00:00:00,37.323
2029-03-25 12:00:00,15037.269
2029-03-26 00:00:00,54.085
2029-03-26 12:00:00,70.191
2029-03-27 00:00:00,61.1
2029-03-27 12:00:00,71.34
2029-03-28 00:00:00,52.303
2029-03-28 12:00:00,20.109
2029-03-29 00:00:00,23.707
2029-03-29 12:00:00,21.525
2029-03-30 00:00:00,20.751
2029-03-30 12:00:00,22.524
2029-03-31 00:00:00,24.918
2029-03-31 12:00:00,27.393
2029-04-01 00:00:00,28.329
2029-04-01 12:00:00,30.406
2029-04-02 00:00:00,38.316
2029-04-02 12:00:00,39.603
2029-04-03 00:00:00,5036.555
2029-04-03 12:00:00,34.567
2029-04-04 00:00:00,37.46
2029-04-04 12:00:00,5039.658
2029-04-05 00:00:00,48.27
2029-04-05 12:00:00,51.059
2029-04-06 00:00:00,52.099
2029-04-06 12:00:00,54.511
2029-04-07 00:00:00,56.086
2029-04-07 12:00:00,56.872
2029-04-08 00:00:00,57.871
2029-04-08 12:00:00,49.818
2029-04-09 00:00:00,31.42
2029-04-09 12:00:00,10030.21
2029-04-10 00:00:00,36.722
2029-04-10 12:00:00,5035.442
2029-04-11 00:00:00,40.089
2029-04-11 12:00:00,38.616
2029-04-12 00:00:00,28.735
2029-04-12 12:00:00,31.076
2029-04-13 00:00:00,19.88
2029-04-13 12:00:00,33.154
2029-04-14 00:00:00,40.401
2029-04-14 12:00:00,36.224
2029-04-15 00:00:00,37.727
2029-04-15 12:00:00,41.243
2029-04-16 00:00:00,44.032
2029-04-16 12:00:00,44.181
2029-04-17 00:00:00,45.055
2029-04-17 12:00:00,43.61
2029-04-18 00:00:00,50.247
2029-04-18 12:00:00,62.489
2029-04-19 00:00:00,65.605
2029-04-19 12:00:00,68.491
2029-04-20 00:00:00,5064.998
2029-04-20 12:00:00,68.658
2029-04-21 00:00:00,68.608
2029-04-21 12:00:00,67.953
2029-04-22 00:00:00,67.069
2029-04-22 12:00:00,68.607
2029-04-23 00:00:00,69.339
2029-04-23 12:00:00,70.301
2029-04-24 00:00:00,70.12
2029-04-24 12:00:00,69.221
2029-04-25 00:00:00,66.53
2029-04-25 12:00:00,5065.199
2029-04-26 00:00:00,51.094
2029-04-26 12:00:00,15.888
2029-04-27 00:00:00,18.97
2029-04-27 12:00:00,22.48
2029-04-28 00:00:00,26.069
2029-04-28 12:00:00,27.598
2029-04-29 00:00:00,27.071
2029-04-29 12:00:00,29.631
2029-04-30 00:00:00,31.726
2029-04-30 12:00:00,33.508
2029-05-01 00:00:00,35.908
2029-05-01 12:00:00,37.874
2029-05-02 00:00:00,36.399
2029-05-02 12:00:00,36.12
2029-05-03 00:00:00,35.871
2029-05-03 12:00:00,36.345
2029-05-04 00:00:00,36.703
2029-05-04 12:00:00,39.313
2029-05-05 00:00:00,40.713
2029-05-05 12:00:00,41.19
2029-05-06 00:00:00,41.279
2029-05-06 12:00:00,5039.212
2029-05-07 00:00:00,41.822
2029-05-07 12:00:00,42.592
2029-05-08 00:00:00,5039.673
2029-05-08 12:00:00,43.166
2029-05-09 00:00:00,44.061
2029-05-09 12:00:00,20032.228
2029-05-10 00:00:00,36.969
2029-05-10 12:00:00,36.274
2029-05-11 00:00:00,30.573
2029-05-11 12:00:00,27.516
2029-05-12 00:00:00,70.963
2029-05-12 12:00:00,10066.28
2029-05-13 00:00:00,5066.983
2029-05-13 12:00:00,68.788
2029-05-14 00:00:00,66.041
2029-05-14 12:00:00,64.854
2029-05-15 00:00:00,65.526
2029-05-15 12:00:00,64.211
2029-05-16 00:00:00,60.513
2029-05-16 12:00:00,61.561
2029-05-17 00:00:00,37.74
2029-05-17 12:00:00,24.113
2029-05-18 00:00:00,53.473
2029-05-18 12:00:00,51.049
2029-05-19 00:00:00,50.874
2029-05-19 12:00:00,40.434
2029-05-20 00:00:00,16.15
2029-05-20 12:00:00,25.376
2029-05-21 00:00:00,31.26
2029-05-21 12:00:00,29.891
2029-05-22 00:00:00,28.848
2029-05-22 12:00:00,30.583
2029-05-23 00:00:00,28.406
2029-05-23 12:00:00,30.086
2029-05-24 00:00:00,29.299
2029-05-24 12:00:00,28.537
2029-05-25 00:00:00,28.916
2029-05-25 12:00:00,28.833
2029-05-26 00:00:00,29.941
2029-05-26 12:00:00,28.167
2029-05-27 00:00:00,27.2
2029-05-27 12:00:00,27.591
2029-05-28 00:00:00,29.367
2029-05-28 12:00:00,30.625
2029-05-29 00:00:00,32.709
2029-05-29 12:00:00,31.731
2029-05-30 00:00:00,30.069
2029-05-30 12:00:00,28.769
2029-05-31 00:00:00,24.949
2029-05-31 12:00:00,20.487
2029-06-01 00:00:00,21.963
2029-06-01 12:00:00,29.359
2029-06-02 00:00:00,28.068
2029-06-02 12:00:00,28.921
2029-06-03 00:00:00,26.259
2029-06-03 12:00:00,25.48
2029-06-04 00:00:00,22.766
2029-06-04 12:00:00,59.475
2029-06-05 00:00:00,5058.712
2029-06-05 12:00:00,63.897
2029-06-06 00:00:00,66.733
2029-06-06 12:00:00,64.697
2029-06-07 00:00:00,58.839
2029-06-07 12:00:00,66.295
2029-06-08 00:00:00,34.651
2029-06-08 12:00:00,5028.329
2029-06-09 00:00:00,31.721
2029-06-09 12:00:00,33.824
2029-06-10 00:00:00,36.856
2029-06-10 12:00:00,39.856
2029-06-11 00:00:00,44.323
2029-06-11 12:00:00,41.872
2029-06-12 00:00:00,42.665
2029-06-12 12:00:00,5039.588
2029-06-13 00:00:00,39.648
2029-06-13 12:00:00,39.605
2029-06-14 00:00:00,5034.299
2029-06-14 12:00:00,34.923
2029-06-15 00:00:00,36.031
2029-06-15 12:00:00,39.504
2029-06-16 00:00:00,47.185
2029-06-16 12:00:00,75.889
2029-06-17 00:00:00,74.987
2029-06-17 12:00:00,73.709
2029-06-18 00:00:00,5069.624
2029-06-18 12:00:00,5069.57
2029-06-19 00:00:00,72.321
2029-06-19 12:00:00,72.05
2029-06-20 00:00:00,16.857
2029-06-20 12:00:00,17.547
2029-06-21 00:00:00,35.793
2029-06-21 12:00:00,24.991
2029-06-22 00:00:00,18.089
2029-06-22 12:00:00,39.14
2029-06-23 00:00:00,25.124
2029-06-23 12:00:00,20020.501
2029-06-24 00:00:00,26.667
2029-06-24 12:00:00,28.65
2029-06-25 00:00:00,20.166
2029-06-25 12:00:00,5020.902
2029-06-26 00:00:00,5020.109
2029-06-26 12:00:00,5020.354
2029-06-27 00:00:00,5022.799
2029-06-27 12:00:00,26.093
2029-06-28 00:00:00,27.395
2029-06-28 12:00:00,27.827
2029-06-29 00:00:00,5023.305
2029-06-29 12:00:00,20.321
2029-06-30 00:00:00,17.478
2029-06-30 12:00:00,21.626
2029-07-01 00:00:00,5024.373
2029-07-01 12:00:00,5027.163
2029-07-02 00:00:00,27.473
2029-07-02 12:00:00,5024.17
2029-07-03 00:00:00,5024.132
2029-07-03 12:00:00,5026.937
2029-07-04 00:00:00,29.062
2029-07-04 12:00:00,27.172
2029-07-05 00:00:00,15026.58
2029-07-05 12:00:00,5028.844
2029-07-06 00:00:00,47.381
2029-07-06 12:00:00,44.458
2029-07-07 00:00:00,16.413
2029-07-07 12:00:00,5014.877
2029-07-08 00:00:00,16.825
2029-07-08 12:00:00,18.412
2029-07-09 00:00:00,20.205
2029-07-09 12:00:00,21.278
2029-07-10 00:00:00,20.405
2029-07-10 12:00:00,19.014
2029-07-11 00:00:00,17.658
2029-07-11 12:00:00,21.975
2029-07-12 00:00:00,21.264
2029-07-12 12:00:00,24.093
2029-07-13 00:00:00,37.643
2029-07-13 12:00:00,41.864
2029-07-14 00:00:00,31.367
2029-07-14 12:00:00,20.264
2029-07-15 00:00:00,26.771
2029-07-15 12:00:00,24.61
2029-07-16 00:00:00,19.341
2029-07-16 12:00:00,5017.215
2029-07-17 00:00:00,20.631
2029-07-17 12:00:00,33.206
2029-07-18 00:00:00,35.499
2029-07-18 12:00:00,28.118
2029-07-19 00:00:00,27.284
2029-07-19 12:00:00,33.189
2029-07-20 00:00:00,28.252
2029-07-20 12:00:00,24.513
2029-07-21 00:00:00,28.321
2029-07-21 12:00:00,30.815
2029-07-22 00:00:00,32.235
2029-07-22 12:00:00,34.964
2029-07-23 00:00:00,38.949
2029-07-23 12:00:00,30.337
2029-07-24 00:00:00,29.228
2029-07-24 12:00:00,30019.352
2029-07-25 00:00:00,99999.0
2029-07-25 12:00:00,99999.0
2029-07-26 00:00:00,99999.0
2029-07-26 12:00:00,99999.0
2029-07-27 00:00:00,5020.453
2029-07-27 12:00:00,23.674
2029-07-28 00:00:00,34.361
2029-07-28 12:00:00,36.978
2029-07-29 00:00:00,36.548
2029-07-29 12:00:00,34.239
2029-07-30 00:00:00,10029.419
2029-07-30 12:00:00,33.3
2029-07-31 00:00:00,35.134
2029-07-31 12:00:00,37.675
2029-08-01 00:00:00,34.542
2029-08-01 12:00:00,35.045
2029-08-02 00:00:00,34.413
2029-08-02 12:00:00,34.109
2029-08-03 00:00:00,34.716
2029-08-03 12:00:00,36.879
2029-08-04 00:00:00,39.239
2029-08-04 12:00:00,39.203
2029-08-05 00:00:00,37.917
2029-08-05 12:00:00,37.761
2029-08-06 00:00:00,37.121
2029-08-06 12:00:00,5034.995
2029-08-07 00:00:00,35.173
2029-08-07 12:00:00,35.841
2029-08-08 00:00:00,35.803
2029-08-08 12:00:00,37.431
2029-08-09 00:00:00,39.171
2029-08-09 12:00:00,38.701
2029-08-10 00:00:00,38.897
2029-08-10 12:00:00,37.428
2029-08-11 00:00:00,38.869
2029-08-11 12:00:00,36.009
2029-08-12 00:00:00,37.704
2029-08-12 12:00:00,5024.213
2029-08-13 00:00:00,30.494
2029-08-13 12:00:00,10041.519
2029-08-14 00:00:00,31.335
2029-08-14 12:00:00,70.459
2029-08-15 00:00:00,74.079
2029-08-15 12:00:00,53.941
2029-08-16 00:00:00,5063.61
2029-08-16 12:00:00,5069.961
2029-08-17 00:00:00,10065.771
2029-08-17 12:00:00,72.279
2029-08-18 00:00:00,72.282
2029-08-18 12:00:00,71.364
2029-08-19 00:00:00,5067.5
2029-08-19 12:00:00,5056.993
2029-08-20 00:00:00,65.708
2029-08-20 12:00:00,67.301
2029-08-21 00:00:00,69.907
2029-08-21 12:00:00,69.938
2029-08-22 00:00:00,70.335
2029-08-22 12:00:00,69.936
2029-08-23 00:00:00,70.692
2029-08-23 12:00:00,70.504
2029-08-24 00:00:00,69.133
2029-08-24 12:00:00,68.364
2029-08-25 00:00:00,70.29
2029-08-25 12:00:00,71.919
2029-08-26 00:00:00,71.018
2029-08-26 12:00:00,71.145
2029-08-27 00:00:00,67.85
2029-08-27 12:00:00,66.572
2029-08-28 00:00:00,68.406
2029-08-28 12:00:00,62.843
2029-08-29 00:00:00,59.376
2029-08-29 12:00:00,61.89
2029-08-30 00:00:00,62.708
2029-08-30 12:00:00,40.582
2029-08-31 00:00:00,17.452
2029-08-31 12:00:00,33.139
2029-09-01 00:00:00,61.005
2029-09-01 12:00:00,66.61
2029-09-02 00:00:00,65.989
2029-09-02 12:00:00,60.419
2029-09-03 00:00:00,52.98
2029-09-03 12:00:00,58.837
2029-09-04 00:00:00,27.222
2029-09-04 12:00:00,19.324
2029-09-05 00:00:00,28.597
2029-09-05 12:00:00,5027.627
2029-09-06 00:00:00,31.318
2029-09-06 12:00:00,5031.163
2029-09-07 00:00:00,46.046
2029-09-07 12:00:00,60.242
2029-09-08 00:00:00,60.869
2029-09-08 12:00:00,61.61
2029-09-09 00:00:00,59.766
2029-09-09 12:00:00,67.083
2029-09-10 00:00:00,64.131
2029-09-10 12:00:00,66.073
2029-09-11 00:00:00,72.25
2029-09-11 12:00:00,10064.636
2029-09-12 00:00:00,15061.084
2029-09-12 12:00:00,69.686
2029-09-13 00:00:00,70.621
2029-09-13 12:00:00,68.774
2029-09-14 00:00:00,69.709
2029-09-14 12:00:00,50.203
2029-09-15 00:00:00,34.147
2029-09-15 12:00:00,18.812
2029-09-16 00:00:00,5017.591
2029-09-16 12:00:00,16.737
2029-09-17 00:00:00,16.147
2029-09-17 12:00:00,16.108
2029-09-18 00:00:00,18.878
2029-09-18 12:00:00,24.224
2029-09-19 00:00:00,29.93
2029-09-19 12:00:00,34.42
2029-09-20 00:00:00,36.421
2029-09-20 12:00:00,36.628
2029-09-21 00:00:00,36.567
2029-09-21 12:00:00,35.007
2029-09-22 00:00:00,36.207
2029-09-22 12:00:00,37.116
2029-09-23 00:00:00,33.183
2029-09-23 12:00:00,5033.119
2029-09-24 00:00:00,35.036
2029-09-24 12:00:00,35.969
2029-09-25 00:00:00,37.302
2029-09-25 12:00:00,37.053
2029-09-26 00:00:00,39.434
2029-09-26 12:00:00,39.646
2029-09-27 00:00:00,38.831
2029-09-27 12:00:00,40.352
2029-09-28 00:00:00,42.487
2029-09-28 12:00:00,40.741
2029-09-29 00:00:00,37.82
2029-09-29 12:00:00,5036.271
2029-09-30 00:00:00,37.598
2029-09-30 12:00:00,5037.419
2029-10-01 00:00:00,40.262
2029-10-01 12:00:00,40.984
2029-10-02 00:00:00,42.379
2029-10-02 12:00:00,41.304
2029-10-03 00:00:00,42.518
2029-10-03 12:00:00,40.879
2029-10-04 00:00:00,40.751
2029-10-04 12:00:00,27.455
2029-10-05 00:00:00,26.111
2029-10-05 12:00:00,23.031
2029-10-06 00:00:00,24.079
2029-10-06 12:00:00,22.061
2029-10-07 00:00:00,20.973
2029-10-07 12:00:00,16.215
2029-10-08 00:00:00,19.166
2029-10-08 12:00:00,26.676
2029-10-09 00:00:00,31.608
2029-10-09 12:00:00,32.631
2029-10-10 00:00:00,34.829
2029-10-10 12:00:00,69.236
2029-10-11 00:00:00,55.903
2029-10-11 12:00:00,39.939
2029-10-12 00:00:00,32.766
2029-10-12 12:00:00,19.965
2029-10-13 00:00:00,20.036
2029-10-13 12:00:00,50.763
2029-10-14 00:00:00,66.784
2029-10-14 12:00:00,74.562
2029-10-15 00:00:00,47.587
2029-10-15 12:00:00,5021.792
2029-10-16 00:00:00,10018.46
2029-10-16 12:00:00,20.392
2029-10-17 00:00:00,5019.034
2029-10-17 12:00:00,18.007
2029-10-18 00:00:00,17.559
2029-10-18 12:00:00,19.592
2029-10-19 00:00:00,5021.182
2029-10-19 12:00:00,21.415
2029-10-20 00:00:00,22.654
2029-10-20 12:00:00,21.466
2029-10-21 00:00:00,5032.257
2029-10-21 12:00:00,21.706
2029-10-22 00:00:00,18.66
2029-10-22 12:00:00,48.036
2029-10-23 00:00:00,62.442
2029-10-23 12:00:00,5069.869
2029-10-24 00:00:00,10064.326
2029-10-24 12:00:00,69.889
2029-10-25 00:00:00,67.889
2029-10-25 12:00:00,5064.97
2029-10-26 00:00:00,65.997
2029-10-26 12:00:00,65.782
2029-10-27 00:00:00,67.87
2029-10-27 12:00:00,67.502
2029-10-28 00:00:00,66.169
2029-10-28 12:00:00,66.635
2029-10-29 00:00:00,67.541
2029-10-29 12:00:00,5053.016
2029-10-30 00:00:00,23.102
2029-10-30 12:00:00,15017.472
2029-10-31 00:00:00,19.609
2029-10-31 12:00:00,18.755
2029-11-01 00:00:00,17.504
2029-11-01 12:00:00,57.16
2029-11-02 00:00:00,70.177
2029-11-02 12:00:00,71.421
2029-11-03 00:00:00,18.821
2029-11-03 12:00:00,18.617
2029-11-04 00:00:00,26.825
2029-11-04 12:00:00,51.275
2029-11-05 00:00:00,24.37
2029-11-05 12:00:00,5018.816
2029-11-06 00:00:00,19.332
2029-11-06 12:00:00,18.286
2029-11-07 00:00:00,20.296
2029-11-07 12:00:00,54.852
2029-11-08 00:00:00,52.828
2029-11-08 12:00:00,63.977
2029-11-09 00:00:00,21.307
2029-11-09 12:00:00,21.385
2029-11-10 00:00:00,57.934
2029-11-10 12:00:00,66.733
2029-11-11 00:00:00,56.015
2029-11-11 12:00:00,43.065
2029-11-12 00:00:00,15.151
2029-11-12 12:00:00,19.022
2029-11-13 00:00:00,29.925
2029-11-13 12:00:00,35.686
2029-11-14 00:00:00,36.407
2029-11-14 12:00:00,39.081
2029-11-15 00:00:00,40.611
2029-11-15 12:00:00,43.054
2029-11-16 00:00:00,44.935
2029-11-16 12:00:00,41.79
2029-11-17 00:00:00,71.256
2029-11-17 12:00:00,5067.602
2029-11-18 00:00:00,68.02
2029-11-18 12:00:00,64.519
2029-11-19 00:00:00,54.86
2029-11-19 12:00:00,63.759
2029-11-20 00:00:00,67.967
2029-11-20 12:00:00,49.052
2029-11-21 00:00:00,26.618
2029-11-21 12:00:00,37.506
2029-11-22 00:00:00,17.431
2029-11-22 12:00:00,19.092
2029-11-23 00:00:00,19.634
2029-11-23 12:00:00,18.937
2029-11-24 00:00:00,19.582
2029-11-24 12:00:00,16.928
2029-11-25 00:00:00,29.833
2029-11-25 12:00:00,5031.711
2029-11-26 00:00:00,36.601
2029-11-26 12:00:00,17.295
2029-11-27 00:00:00,31.582
2029-11-27 12:00:00,17.049
2029-11-28 00:00:00,17.095
2029-11-28 12:00:00,17.694
2029-11-29 00:00:00,5016.323
2029-11-29 12:00:00,20.317
2029-11-30 00:00:00,20.791
2029-11-30 12:00:00,5016.088
2029-12-01 00:00:00,20.322
2029-12-01 12:00:00,18.765
2029-12-02 00:00:00,24.396
2029-12-02 12:00:00,29.983
2029-12-03 00:00:00,28.822
2029-12-03 12:00:00,30.909
2029-12-04 00:00:00,5031.129
2029-12-04 12:00:00,32.117
2029-12-05 00:00:00,30.685
2029-12-05 12:00:00,32.142
2029-12-06 00:00:00,33.241
2029-12-06 12:00:00,29.278
2029-12-07 00:00:00,40.525
2029-12-07 12:00:00,27.435
2029-12-08 00:00:00,36.498
2029-12-08 12:00:00,40.248
2029-12-09 00:00:00,31.473
2029-12-09 12:00:00,30.261
2029-12-10 00:00:00,35.968
2029-12-10 12:00:00,36.908
2029-12-11 00:00:00,31.165
2029-12-11 12:00:00,5030.223
2029-12-12 00:00:00,27.665
2029-12-12 12:00:00,31.925
2029-12-13 00:00:00,15028.024
2029-12-13 12:00:00,32.798
2029-12-14 00:00:00,20.978
2029-12-14 12:00:00,22.511
2029-12-15 00:00:00,25.264
2029-12-15 12:00:00,24.174
2029-12-16 00:00:00,27.191
2029-12-16 12:00:00,23.955
2029-12-17 00:00:00,24.207
2029-12-17 12:00:00,45.555
2029-12-18 00:00:00,25.382
2029-12-18 12:00:00,67.222
2029-12-19 00:00:00,71.962
2029-12-19 12:00:00,53.926
2029-12-20 00:00:00,29.201
2029-12-20 12:00:00,69.182
2029-12-21 00:00:00,56.145
2029-12-21 12:00:00,35.099
2029-12-22 00:00:00,29.679
2029-12-22 12:00:00,45.868
2029-12-23 00:00:00,16.333
2029-12-23 12:00:00,18.021
2029-12-24 00:00:00,18.695
2029-12-24 12:00:00,15.864
2029-12-25 00:00:00,46.398
2029-12-25 12:00:00,36.179
2029-12-26 00:00:00,16.895
2029-12-26 12:00:00,15.024
2029-12-27 00:00:00,19.088
2029-12-27 12:00:00,18.652
2029-12-28 00:00:00,17.968
2029-12-28 12:00:00,22.098
2029-12-29 00:00:00,24.265
2029-12-29 12:00:00,26.894
2029-12-30 00:00:00,26.024
2029-12-30 12:00:00,21.162
2029-12-31 00:00:00,20.487
2029-12-31 12:00:00,22.936
2030-01-01 00:00:00,25.246
2030-01-01 12:00:00,23.157
2030-01-02 00:00:00,28.915
2030-01-02 12:00:00,37.931
2030-01-03 00:00:00,71.941
2030-01-03 12:00:00,73.168
2030-01-04 00:00:00,74.394
2030-01-04 12:00:00,75.394
2030-01-05 00:00:00,75.595
2030-01-05 12:00:00,69.569
2030-01-06 00:00:00,73.748
2030-01-06 12:00:00,72.511
2030-01-07 00:00:00,72.902
2030-01-07 12:00:00,69.338
2030-01-08 00:00:00,69.015
2030-01-08 12:00:00,69.545
2030-01-09 00:00:00,69.013
2030-01-09 12:00:00,68.339
2030-01-10 00:00:00,67.205
2030-01-10 12:00:00,69.013
2030-01-11 00:00:00,69.96
2030-01-11 12:00:00,67.93
2030-01-12 00:00:00,5065.547
2030-01-12 12:00:00,69.421
2030-01-13 00:00:00,66.851
2030-01-13 12:00:00,67.067
2030-01-14 00:00:00,68.414
2030-01-14 12:00:00,71.35
2030-01-15 00:00:00,70.315
2030-01-15 12:00:00,69.641
2030-01-16 00:00:00,68.231
2030-01-16 12:00:00,56.94
2030-01-17 00:00:00,66.866
2030-01-17 12:00:00,68.213
2030-01-18 00:00:00,69.513
2030-01-18 12:00:00,68.509
2030-01-19 00:00:00,68.978
2030-01-19 12:00:00,69.182
2030-01-20 00:00:00,68.48
2030-01-20 12:00:00,67.018
2030-01-21 00:00:00,47.78
2030-01-21 12:00:00,38.016
2030-01-22 00:00:00,18.823
2030-01-22 12:00:00,21.3
2030-01-23 00:00:00,65.681
2030-01-23 12:00:00,62.998
2030-01-24 00:00:00,61.928
2030-01-24 12:00:00,59.57
2030-01-25 00:00:00,63.095
2030-01-25 12:00:00,62.416
2030-01-26 00:00:00,65.551
2030-01-26 12:00:00,50.373
2030-01-27 00:00:00,15021.124
2030-01-27 12:00:00,24.625
2030-01-28 00:00:00,21.027
2030-01-28 12:00:00,21.578
2030-01-29 00:00:00,28.519
2030-01-29 12:00:00,33.885
2030-01-30 00:00:00,27.717
2030-01-30 12:00:00,34.992
2030-01-31 00:00:00,38.926
2030-01-31 12:00:00,37.714
2030-02-01 00:00:00,39.776
2030-02-01 12:00:00,38.788
2030-02-02 00:00:00,40.296
2030-02-02 12:00:00,38.648
2030-02-03 00:00:00,5036.401
2030-02-03 12:00:00,37.598
2030-02-04 00:00:00,34.863
2030-02-04 12:00:00,35.651
2030-02-05 00:00:00,35.915
2030-02-05 12:00:00,39.839
2030-02-06 00:00:00,41.698
2030-02-06 12:00:00,41.859
2030-02-07 00:00:00,40.287
2030-02-07 12:00:00,41.693
2030-02-08 00:00:00,39.898
2030-02-08 12:00:00,36.898
2030-02-09 00:00:00,22.121
2030-02-09 12:00:00,23.26
2030-02-10 00:00:00,24.686
2030-02-10 12:00:00,28.913
2030-02-11 00:00:00,30.903
2030-02-11 12:00:00,35.169
2030-02-12 00:00:00,36.17
2030-02-12 12:00:00,31.431
2030-02-13 00:00:00,28.981
2030-02-13 12:00:00,23.723
2030-02-14 00:00:00,23.348
2030-02-14 12:00:00,21.992
2030-02-15 00:00:00,25.462
2030-02-15 12:00:00,25.691
2030-02-16 00:00:00,23.79
2030-02-16 12:00:00,25.957
2030-02-17 00:00:00,27.652
2030-02-17 12:00:00,33.708
2030-02-18 00:00:00,24.109
2030-02-18 12:00:00,19.839
2030-02-19 00:00:00,25.403
2030-02-19 12:00:00,26.714
2030-02-20 00:00:00,24.37
2030-02-20 12:00:00,24.534
2030-02-21 00:00:00,21.494
2030-02-21 12:00:00,23.373
2030-02-22 00:00:00,23.029
2030-02-22 12:00:00,24.055
2030-02-23 00:00:00,26.536
2030-02-23 12:00:00,27.773
2030-02-24 00:00:00,31.398
2030-02-24 12:00:00,29.652
2030-02-25 00:00:00,27.022
2030-02-25 12:00:00,27.088
2030-02-26 00:00:00,27.588
2030-02-26 12:00:00,26.942
2030-02-27 00:00:00,29.616
2030-02-27 12:00:00,32.157
2030-02-28 00:00:00,32.568
2030-02-28 12:00:00,35.87
2030-03-01 00:00:00,10033.908
2030-03-01 12:00:00,40.286
2030-03-02 00:00:00,5039.565
2030-03-02 12:00:00,42.9
2030-03-03 00:00:00,43.752
2030-03-03 12:00:00,42.472
2030-03-04 00:00:00,40.826
2030-03-04 12:00:00,40.383
2030-03-05 00:00:00,40.293
2030-03-05 12:00:00,41.799
2030-03-06 00:00:00,42.191
2030-03-06 12:00:00,41.282
2030-03-07 00:00:00,40.717
2030-03-07 12:00:00,41.169
2030-03-08 00:00:00,40.755
2030-03-08 12:00:00,36.818
2030-03-09 00:00:00,49.614
2030-03-09 12:00:00,60.009
2030-03-10 00:00:00,20.706
2030-03-10 12:00:00,19.393
2030-03-11 00:00:00,19.574
2030-03-11 12:00:00,29.34
2030-03-12 00:00:00,19.837
2030-03-12 12:00:00,21.463
2030-03-13 00:00:00,15016.299
2030-03-13 12:00:00,20.733
2030-03-14 00:00:00,50.868
2030-03-14 12:00:00,35.291
2030-03-15 00:00:00,27.736
2030-03-15 12:00:00,66.422
2030-03-16 00:00:00,64.966
2030-03-16 12:00:00,5068.112
2030-03-17 00:00:00,74.406
2030-03-17 12:00:00,73.089
2030-03-18 00:00:00,70.514
2030-03-18 12:00:00,49.827
2030-03-19 00:00:00,65.374
2030-03-19 12:00:00,71.28
2030-03-20 00:00:00,68.829
2030-03-20 12:00:00,67.121
2030-03-21 00:00:00,58.24
2030-03-21 12:00:00,38.011
2030-03-22 00:00:00,33.103
2030-03-22 12:00:00,32.455
2030-03-23 00:00:00,67.861
2030-03-23 12:00:00,70.777
2030-03-24 00:00:00,70.664
2030-03-24 12:00:00,71.723
2030-03-25 00:00:00,71.109
2030-03-25 12:00:00,69.952
2030-03-26 00:00:00,65.592
2030-03-26 12:00:00,65.265
2030-03-27 00:00:00,51.265
2030-03-27 12:00:00,50.724
2030-03-28 00:00:00,24.065
2030-03-28 12:00:00,58.494
2030-03-29 00:00:00,54.363
2030-03-29 12:00:00,19.927
2030-03-30 00:00:00,16.034
2030-03-30 12:00:00,42.536
2030-03-31 00:00:00,19.609
2030-03-31 12:00:00,18.827
2030-04-01 00:00:00,36.916
2030-04-01 12:00:00,69.147
2030-04-02 00:00:00,71.021
2030-04-02 12:00:00,61.16
2030-04-03 00:00:00,16.554
2030-04-03 12:00:00,18.626
2030-04-04 00:00:00,19.391
2030-04-04 12:00:00,18.63
2030-04-05 00:00:00,22.184
2030-04-05 12:00:00,17.676
2030-04-06 00:00:00,19.116
2030-04-06 12:00:00,70.457
2030-04-07 00:00:00,70.874
2030-04-07 12:00:00,64.039
2030-04-08 00:00:00,55.686
2030-04-08 12:00:00,21.316
2030-04-09 00:00:00,5018.391
2030-04-09 12:00:00,5015.737
2030-04-10 00:00:00,16.26
2030-04-10 12:00:00,16.111
2030-04-11 00:00:00,19.892
2030-04-11 12:00:00,22.587
2030-04-12 00:00:00,24.255
2030-04-12 12:00:00,25.289
2030-04-13 00:00:00,24.091
2030-04-13 12:00:00,24.17
2030-04-14 00:00:00,5023.644
2030-04-14 12:00:00,21.785
2030-04-15 00:00:00,22.018
2030-04-15 12:00:00,10023.512
2030-04-16 00:00:00,33.506
2030-04-16 12:00:00,26.859
2030-04-17 00:00:00,30.083
2030-04-17 12:00:00,41.616
2030-04-18 00:00:00,54.008
2030-04-18 12:00:00,61.149
2030-04-19 00:00:00,68.231
2030-04-19 12:00:00,68.69
2030-04-20 00:00:00,60.8
2030-04-20 12:00:00,33.32
2030-04-21 00:00:00,19.24
2030-04-21 12:00:00,26.727
2030-04-22 00:00:00,29.724
2030-04-22 12:00:00,32.965
2030-04-23 00:00:00,35.064
2030-04-23 12:00:00,34.469
2030-04-24 00:00:00,37.25
2030-04-24 12:00:00,38.388
2030-04-25 00:00:00,38.811
2030-04-25 12:00:00,31.707
2030-04-26 00:00:00,26.666
2030-04-26 12:00:00,27.204
2030-04-27 00:00:00,15023.44
2030-04-27 12:00:00,31.646
2030-04-28 00:00:00,33.11
2030-04-28 12:00:00,31.84
2030-04-29 00:00:00,31.145
2030-04-29 12:00:00,31.61
2030-04-30 00:00:00,33.651
2030-04-30 12:00:00,33.047
2030-05-01 00:00:00,31.246
2030-05-01 12:00:00,33.437
2030-05-02 00:00:00,32.672
2030-05-02 12:00:00,33.505
2030-05-03 00:00:00,31.021
2030-05-03 12:00:00,32.227
2030-05-04 00:00:00,31.201
2030-05-04 12:00:00,32.468
2030-05-05 00:00:00,32.766
2030-05-05 12:00:00,36.114
2030-05-06 00:00:00,37.371
2030-05-06 12:00:00,36.053
2030-05-07 00:00:00,35.346
2030-05-07 12:00:00,31.438
2030-05-08 00:00:00,28.114
2030-05-08 12:00:00,29.58
2030-05-09 00:00:00,30.576
2030-05-09 12:00:00,31.561
2030-05-10 00:00:00,33.474
2030-05-10 12:00:00,31.451
2030-05-11 00:00:00,31.209
2030-05-11 12:00:00,33.612
2030-05-12 00:00:00,32.366
2030-05-12 12:00:00,30.598
2030-05-13 00:00:00,31.365
2030-05-13 12:00:00,34.805
2030-05-14 00:00:00,26.727
2030-05-14 12:00:00,23.433
2030-05-15 00:00:00,26.737
2030-05-15 12:00:00,25.309
2030-05-16 00:00:00,25.688
2030-05-16 12:00:00,27.461
2030-05-17 00:00:00,30.272
2030-05-17 12:00:00,30.866
2030-05-18 00:00:00,33.06
2030-05-18 12:00:00,36.06
2030-05-19 00:00:00,67.282
2030-05-19 12:00:00,66.15
2030-05-20 00:00:00,50.931
2030-05-20 12:00:00,23.522
2030-05-21 00:00:00,24.152
2030-05-21 12:00:00,24.313
2030-05-22 00:00:00,26.124
2030-05-22 12:00:00,29.961
2030-05-23 00:00:00,31.941
2030-05-23 12:00:00,31.29
2030-05-24 00:00:00,31.916
2030-05-24 12:00:00,30.36
2030-05-25 00:00:00,30.687
2030-05-25 12:00:00,31.128
2030-05-26 00:00:00,29.844
2030-05-26 12:00:00,30.11
2030-05-27 00:00:00,30.353
2030-05-27 12:00:00,30.842
2030-05-28 00:00:00,33.237
2030-05-28 12:00:00,33.3
2030-05-29 00:00:00,33.879
2030-05-29 12:00:00,33.67
2030-05-30 00:00:00,34.608
2030-05-30 12:00:00,34.371
2030-05-31 00:00:00,34.981
2030-05-31 12:00:00,35.31
2030-06-01 00:00:00,34.851
2030-06-01 12:00:00,35.24
2030-06-02 00:00:00,33.549
2030-06-02 12:00:00,33.953
2030-06-03 00:00:00,35.216
2030-06-03 12:00:00,36.409
2030-06-04 00:00:00,34.957
2030-06-04 12:00:00,34.053
2030-06-05 00:00:00,37.513
2030-06-05 12:00:00,31.331
2030-06-06 00:00:00,34.786
2030-06-06 12:00:00,34.415
2030-06-07 00:00:00,35.466
2030-06-07 12:00:00,35.398
2030-06-08 00:00:00,32.705
2030-06-08 12:00:00,33.674
2030-06-09 00:00:00,35.695
2030-06-09 12:00:00,37.202
2030-06-10 00:00:00,35.56
2030-06-10 12:00:00,15029.186
2030-06-11 00:00:00,35.936
2030-06-11 12:00:00,37.13
2030-06-12 00:00:00,37.172
2030-06-12 12:00:00,36.601
2030-06-13 00:00:00,38.382
2030-06-13 12:00:00,35.175
2030-06-14 00:00:00,31.347
2030-06-14 12:00:00,25.709
2030-06-15 00:00:00,22.748
2030-06-15 12:00:00,5024.669
2030-06-16 00:00:00,5066.252
2030-06-16 12:00:00,78.332
2030-06-17 00:00:00,10070.497
2030-06-17 12:00:00,76.253
2030-06-18 00:00:00,75.076
2030-06-18 12:00:00,76.954
2030-06-19 00:00:00,5068.126
2030-06-19 12:00:00,71.456
2030-06-20 00:00:00,71.929
2030-06-20 12:00:00,68.113
2030-06-21 00:00:00,66.389
2030-06-21 12:00:00,66.674
2030-06-22 00:00:00,69.823
2030-06-22 12:00:00,69.807
2030-06-23 00:00:00,70.7
2030-06-23 12:00:00,70.098
2030-06-24 00:00:00,70.503
2030-06-24 12:00:00,5067.842
2030-06-25 00:00:00,71.312
2030-06-25 12:00:00,70.089
2030-06-26 00:00:00,67.69
2030-06-26 12:00:00,68.06
2030-06-27 00:00:00,69.927
2030-06-27 12:00:00,66.738
2030-06-28 00:00:00,66.509
2030-06-28 12:00:00,69.019
2030-06-29 00:00:00,69.513
2030-06-29 12:00:00,59.673
2030-06-30 00:00:00,19.009
2030-06-30 12:00:00,20.809
2030-07-01 00:00:00,23.21
2030-07-01 12:00:00,23.683
2030-07-02 00:00:00,23.5
2030-07-02 12:00:00,25.378
2030-07-03 00:00:00,25.973
2030-07-03 12:00:00,27.454
2030-07-04 00:00:00,30.107
2030-07-04 12:00:00,31.99
2030-07-05 00:00:00,31.95
2030-07-05 12:00:00,5030.018
2030-07-06 00:00:00,31.311
2030-07-06 12:00:00,28.66
2030-07-07 00:00:00,28.162
2030-07-07 12:00:00,29.005
2030-07-08 00:00:00,29.741
2030-07-08 12:00:00,32.122
2030-07-09 00:00:00,33.413
2030-07-09 12:00:00,33.204
2030-07-10 00:00:00,33.005
2030-07-10 12:00:00,33.669
2030-07-11 00:00:00,34.468
2030-07-11 12:00:00,31.114
2030-07-12 00:00:00,30.283
2030-07-12 12:00:00,36.29
2030-07-13 00:00:00,39.699
2030-07-13 12:00:00,47.885
2030-07-14 00:00:00,40.863
2030-07-14 12:00:00,32.184
2030-07-15 00:00:00,31.565
2030-07-15 12:00:00,28.649
2030-07-16 00:00:00,28.513
2030-07-16 12:00:00,29.431
2030-07-17 00:00:00,31.93
2030-07-17 12:00:00,33.397
2030-07-18 00:00:00,34.494
2030-07-18 12:00:00,27.688
2030-07-19 00:00:00,26.861
2030-07-19 12:00:00,22.29
2030-07-20 00:00:00,19.753
2030-07-20 12:00:00,19.356
2030-07-21 00:00:00,21.394
2030-07-21 12:00:00,23.448
2030-07-22 00:00:00,22.578
2030-07-22 12:00:00,27.209
2030-07-23 00:00:00,28.265
2030-07-23 12:00:00,32.815
2030-07-24 00:00:00,31.244
2030-07-24 12:00:00,28.589
2030-07-25 00:00:00,27.756
2030-07-25 12:00:00,28.287
2030-07-26 00:00:00,34.1
2030-07-26 12:00:00,35.198
2030-07-27 00:00:00,35.929
2030-07-27 12:00:00,36.547
2030-07-28 00:00:00,35.46
2030-07-28 12:00:00,32.198
2030-07-29 00:00:00,33.51
2030-07-29 12:00:00,32.662
2030-07-30 00:00:00,31.775
2030-07-30 12:00:00,31.832
2030-07-31 00:00:00,39.308
2030-07-31 12:00:00,70.129
2030-08-01 00:00:00,48.165
2030-08-01 12:00:00,35.386
2030-08-02 00:00:00,53.397
2030-08-02 12:00:00,67.973
2030-08-03 00:00:00,68.007
2030-08-03 12:00:00,42.558
2030-08-04 00:00:00,42.433
2030-08-04 12:00:00,61.662
2030-08-05 00:00:00,66.614
2030-08-05 12:00:00,49.991
2030-08-06 00:00:00,53.918
2030-08-06 12:00:00,64.654
2030-08-07 00:00:00,72.709
2030-08-07 12:00:00,15035.092
2030-08-08 00:00:00,37.711
2030-08-08 12:00:00,35.092
2030-08-09 00:00:00,38.509
2030-08-09 12:00:00,44.854
2030-08-10 00:00:00,46.577
2030-08-10 12:00:00,47.062
2030-08-11 00:00:00,47.565
2030-08-11 12:00:00,47.317
2030-08-12 00:00:00,44.322
2030-08-12 12:00:00,43.262
2030-08-13 00:00:00,40.563
2030-08-13 12:00:00,39.768
2030-08-14 00:00:00,37.997
2030-08-14 12:00:00,38.54
2030-08-15 00:00:00,38.551
2030-08-15 12:00:00,40.031
2030-08-16 00:00:00,40.403
2030-08-16 12:00:00,42.618
2030-08-17 00:00:00,44.247
2030-08-17 12:00:00,44.97
2030-08-18 00:00:00,43.208
2030-08-18 12:00:00,45.669
2030-08-19 00:00:00,46.0
2030-08-19 12:00:00,44.013
2030-08-20 00:00:00,44.609
2030-08-20 12:00:00,44.858
2030-08-21 00:00:00,43.407
2030-08-21 12:00:00,43.009
2030-08-22 00:00:00,43.504
2030-08-22 12:00:00,43.586
2030-08-23 00:00:00,43.33
2030-08-23 12:00:00,41.798
2030-08-24 00:00:00,45.71
2030-08-24 12:00:00,41.635
2030-08-25 00:00:00,35.667
2030-08-25 12:00:00,60.669
2030-08-26 00:00:00,29.923
2030-08-26 12:00:00,24.932
2030-08-27 00:00:00,19.032
2030-08-27 12:00:00,35.229
2030-08-28 00:00:00,33.365
2030-08-28 12:00:00,17.086
2030-08-29 00:00:00,18.43
2030-08-29 12:00:00,16.577
2030-08-30 00:00:00,17.899
2030-08-30 12:00:00,21.192
2030-08-31 00:00:00,22.344
2030-08-31 12:00:00,22.924
2030-09-01 00:00:00,25.514
2030-09-01 12:00:00,23.379
2030-09-02 00:00:00,23.01
2030-09-02 12:00:00,26.679
2030-09-03 00:00:00,30.177
2030-09-03 12:00:00,32.896
2030-09-04 00:00:00,34.781
2030-09-04 12:00:00,36.605
2030-09-05 00:00:00,15030.964
2030-09-05 12:00:00,44.413
2030-09-06 00:00:00,44.955
2030-09-06 12:00:00,66.91
2030-09-07 00:00:00,70.781
2030-09-07 12:00:00,71.112
2030-09-08 00:00:00,70.402
2030-09-08 12:00:00,70.623
2030-09-09 00:00:00,70.172
2030-09-09 12:00:00,67.963
2030-09-10 00:00:00,66.484
2030-09-10 12:00:00,66.254
2030-09-11 00:00:00,64.989
2030-09-11 12:00:00,64.952
2030-09-12 00:00:00,64.602
2030-09-12 12:00:00,61.955
2030-09-13 00:00:00,57.294
2030-09-13 12:00:00,37.881
2030-09-14 00:00:00,36.235
2030-09-14 12:00:00,36.459
2030-09-15 00:00:00,36.018
2030-09-15 12:00:00,35.118
2030-09-16 00:00:00,37.184
2030-09-16 12:00:00,40.759
2030-09-17 00:00:00,41.631
2030-09-17 12:00:00,41.524
2030-09-18 00:00:00,38.991
2030-09-18 12:00:00,37.368
2030-09-19 00:00:00,37.021
2030-09-19 12:00:00,36.191
2030-09-20 00:00:00,36.609
2030-09-20 12:00:00,37.572
2030-09-21 00:00:00,38.414
2030-09-21 12:00:00,5036.933
2030-09-22 00:00:00,38.891
2030-09-22 12:00:00,39.132
2030-09-23 00:00:00,38.083
2030-09-23 12:00:00,36.294
2030-09-24 00:00:00,35.287
2030-09-24 12:00:00,35.132
2030-09-25 00:00:00,35.381
2030-09-25 12:00:00,33.758
2030-09-26 00:00:00,32.658
2030-09-26 12:00:00,34.654
2030-09-27 00:00:00,35.839
2030-09-27 12:00:00,37.777
2030-09-28 00:00:00,37.265
2030-09-28 12:00:00,34.974
2030-09-29 00:00:00,35.285
2030-09-29 12:00:00,38.109
2030-09-30 00:00:00,38.528
2030-09-30 12:00:00,37.338
2030-10-01 00:00:00,5031.626
2030-10-01 12:00:00,34.094
2030-10-02 00:00:00,35.08
2030-10-02 12:00:00,36.948
2030-10-03 00:00:00,41.188
2030-10-03 12:00:00,42.2
2030-10-04 00:00:00,47.248
2030-10-04 12:00:00,53.89
2030-10-05 00:00:00,63.744
2030-10-05 12:00:00,67.36
2030-10-06 00:00:00,62.477
2030-10-06 12:00:00,67.171
2030-10-07 00:00:00,69.933
2030-10-07 12:00:00,72.21
2030-10-08 00:00:00,69.542
2030-10-08 12:00:00,69.854
2030-10-09 00:00:00,68.712
2030-10-09 12:00:00,56.913
2030-10-10 00:00:00,54.387
2030-10-10 12:00:00,60.323
2030-10-11 00:00:00,68.513
2030-10-11 12:00:00,72.895
2030-10-12 00:00:00,71.873
2030-10-12 12:00:00,70.229
2030-10-13 00:00:00,71.769
2030-10-13 12:00:00,71.369
2030-10-14 00:00:00,66.16
2030-10-14 12:00:00,19.331
2030-10-15 00:00:00,24.645
2030-10-15 12:00:00,27.618
2030-10-16 00:00:00,29.112
2030-10-16 12:00:00,38.349
2030-10-17 00:00:00,50.35
2030-10-17 12:00:00,35.016
2030-10-18 00:00:00,34.088
2030-10-18 12:00:00,38.048
2030-10-19 00:00:00,37.747
2030-10-19 12:00:00,20030.587
2030-10-20 00:00:00,39.624
2030-10-20 12:00:00,5038.349
2030-10-21 00:00:00,40.859
2030-10-21 12:00:00,40.222
2030-10-22 00:00:00,40.493
2030-10-22 12:00:00,41.05
2030-10-23 00:00:00,40.804
2030-10-23 12:00:00,40.035
2030-10-24 00:00:00,40.202
2030-10-24 12:00:00,5037.306
2030-10-25 00:00:00,37.899
2030-10-25 12:00:00,38.264
2030-10-26 00:00:00,38.909
2030-10-26 12:00:00,38.234
2030-10-27 00:00:00,37.673
2030-10-27 12:00:00,38.169
2030-10-28 00:00:00,39.343
2030-10-28 12:00:00,37.836
2030-10-29 00:00:00,35.008
2030-10-29 12:00:00,34.694
2030-10-30 00:00:00,34.019
2030-10-30 12:00:00,34.282
2030-10-31 00:00:00,34.871
2030-10-31 12:00:00,31.478
2030-11-01 00:00:00,30.974
2030-11-01 12:00:00,31.505
2030-11-02 00:00:00,32.175
2030-11-02 12:00:00,32.787
2030-11-03 00:00:00,34.599
2030-11-03 12:00:00,34.506
2030-11-04 00:00:00,33.47
2030-11-04 12:00:00,33.793
2030-11-05 00:00:00,36.274
2030-11-05 12:00:00,35.903
2030-11-06 00:00:00,33.518
2030-11-06 12:00:00,34.021
2030-11-07 00:00:00,35.627
2030-11-07 12:00:00,31.25
2030-11-08 00:00:00,32.827
2030-11-08 12:00:00,34.752
2030-11-09 00:00:00,37.242
2030-11-09 12:00:00,35.744
2030-11-10 00:00:00,28.348
2030-11-10 12:00:00,30.471
2030-11-11 00:00:00,34.082
2030-11-11 12:00:00,34.659
2030-11-12 00:00:00,5031.762
2030-11-12 12:00:00,34.589
2030-11-13 00:00:00,5032.189
2030-11-13 12:00:00,28.21
2030-11-14 00:00:00,63.583
2030-11-14 12:00:00,65.436
2030-11-15 00:00:00,66.85
2030-11-15 12:00:00,68.002
2030-11-16 00:00:00,69.72
2030-11-16 12:00:00,70.732
2030-11-17 00:00:00,68.955
2030-11-17 12:00:00,66.461
2030-11-18 00:00:00,71.882
2030-11-18 12:00:00,50.108
2030-11-19 00:00:00,34.239
2030-11-19 12:00:00,37.464
2030-11-20 00:00:00,43.908
2030-11-20 12:00:00,47.055
2030-11-21 00:00:00,58.999
2030-11-21 12:00:00,59.723
2030-11-22 00:00:00,64.374
2030-11-22 12:00:00,49.406
2030-11-23 00:00:00,20.581
2030-11-23 12:00:00,22.097
2030-11-24 00:00:00,27.119
2030-11-24 12:00:00,31.934
2030-11-25 00:00:00,35.299
2030-11-25 12:00:00,37.24
2030-11-26 00:00:00,39.979
2030-11-26 12:00:00,41.145
2030-11-27 00:00:00,41.259
2030-11-27 12:00:00,42.16
2030-11-28 00:00:00,42.804
2030-11-28 12:00:00,5040.395
2030-11-29 00:00:00,42.106
2030-11-29 12:00:00,39.858
2030-11-30 00:00:00,39.186
2030-11-30 12:00:00,39.101
2030-12-01 00:00:00,40.343
2030-12-01 12:00:00,41.505
2030-12-02 00:00:00,10036.792
2030-12-02 12:00:00,41.927
2030-12-03 00:00:00,5039.262
2030-12-03 12:00:00,25029.681
2030-12-04 00:00:00,37.069
2030-12-04 12:00:00,39.339
2030-12-05 00:00:00,37.761
2030-12-05 12:00:00,34.282
2030-12-06 00:00:00,33.925
2030-12-06 12:00:00,34.479
2030-12-07 00:00:00,35.727
2030-12-07 12:00:00,37.034
2030-12-08 00:00:00,38.679
2030-12-08 12:00:00,5037.003
2030-12-09 00:00:00,37.48
2030-12-09 12:00:00,36.976
2030-12-10 00:00:00,36.624
2030-12-10 12:00:00,36.798
2030-12-11 00:00:00,38.672
2030-12-11 12:00:00,37.998
2030-12-12 00:00:00,38.569
2030-12-12 12:00:00,5033.179
2030-12-13 00:00:00,5033.875
2030-12-13 12:00:00,36.574
2030-12-14 00:00:00,36.649
2030-12-14 12:00:00,36.872
2030-12-15 00:00:00,36.459
2030-12-15 12:00:00,37.051
2030-12-16 00:00:00,37.671
2030-12-16 12:00:00,39.741
2030-12-17 00:00:00,40.281
2030-12-17 12:00:00,39.518
2030-12-18 00:00:00,39.97
2030-12-18 12:00:00,39.287
2030-12-19 00:00:00,5037.714
2030-12-19 12:00:00,40.714
2030-12-20 00:00:00,5039.63
2030-12-20 12:00:00,5039.308
2030-12-21 00:00:00,40.861
2030-12-21 12:00:00,40.268
2030-12-22 00:00:00,37.638
2030-12-22 12:00:00,36.575
2030-12-23 00:00:00,10031.965
2030-12-23 12:00:00,36.499
2030-12-24 00:00:00,5034.182
2030-12-24 12:00:00,5034.619
2030-12-25 00:00:00,38.107
2030-12-25 12:00:00,40.204
2030-12-26 00:00:00,5038.775
2030-12-26 12:00:00,5039.437
2030-12-27 00:00:00,38.454
2030-12-27 12:00:00,10029.682
2030-12-28 00:00:00,34.948
2030-12-28 12:00:00,10028.877
2030-12-29 00:00:00,5026.424
2030-12-29 12:00:00,33.469
2030-12-30 00:00:00,37.603
2030-12-30 12:00:00,5034.535
2030-12-31 00:00:00,29.92
2030-12-31 12:00:00,28.451
2031-01-01 00:00:00,28.717
2031-01-01 12:00:00,34.271
2031-01-02 00:00:00,36.616
2031-01-02 12:00:00,33.963
2031-01-03 00:00:00,31.892
2031-01-03 12:00:00,42.246
2031-01-04 00:00:00,34.163
2031-01-04 12:00:00,35.918
2031-01-05 00:00:00,34.127
2031-01-05 12:00:00,32.464
2031-01-06 00:00:00,33.377
2031-01-06 12:00:00,31.431
2031-01-07 00:00:00,43.12
2031-01-07 12:00:00,42.605
2031-01-08 00:00:00,23.305
2031-01-08 12:00:00,45.894
2031-01-09 00:00:00,31.873
2031-01-09 12:00:00,29.594
2031-01-10 00:00:00,19.498
2031-01-10 12:00:00,22.556
2031-01-11 00:00:00,26.003
2031-01-11 12:00:00,32.917
2031-01-12 00:00:00,29.398
2031-01-12 12:00:00,27.98
2031-01-13 00:00:00,30.769
2031-01-13 12:00:00,38.753
2031-01-14 00:00:00,50.901
2031-01-14 12:00:00,32.578
2031-01-15 00:00:00,22.086
2031-01-15 12:00:00,27.439
2031-01-16 00:00:00,29.826
2031-01-16 12:00:00,28.782
2031-01-17 00:00:00,31.412
2031-01-17 12:00:00,10028.048
2031-01-18 00:00:00,10029.148
2031-01-18 12:00:00,34.007
2031-01-19 00:00:00,34.769
2031-01-19 12:00:00,35.47
2031-01-20 00:00:00,37.262
2031-01-20 12:00:00,34.606
2031-01-21 00:00:00,28.528
2031-01-21 12:00:00,29.725
2031-01-22 00:00:00,28.13
2031-01-22 12:00:00,35.239
2031-01-23 00:00:00,35.728
2031-01-23 12:00:00,32.833
2031-01-24 00:00:00,30.978
2031-01-24 12:00:00,30.709
2031-01-25 00:00:00,5030.22
2031-01-25 12:00:00,33.832
2031-01-26 00:00:00,33.316
2031-01-26 12:00:00,35.029
2031-01-27 00:00:00,33.359
2031-01-27 12:00:00,31.909
2031-01-28 00:00:00,31.919
2031-01-28 12:00:00,33.317
2031-01-29 00:00:00,34.16
2031-01-29 12:00:00,5034.772
2031-01-30 00:00:00,37.0
2031-01-30 12:00:00,38.222
2031-01-31 00:00:00,5037.098
2031-01-31 12:00:00,38.918
2031-02-01 00:00:00,5037.699
2031-02-01 12:00:00,41.301
2031-02-02 00:00:00,10038.019
2031-02-02 12:00:00,43.461
2031-02-03 00:00:00,42.734
2031-02-03 12:00:00,37.358
2031-02-04 00:00:00,33.745
2031-02-04 12:00:00,35.224
2031-02-05 00:00:00,35.371
2031-02-05 12:00:00,38.468
2031-02-06 00:00:00,40.571
2031-02-06 12:00:00,38.553
2031-02-07 00:00:00,37.165
2031-02-07 12:00:00,36.978
2031-02-08 00:00:00,34.197
2031-02-08 12:00:00,33.027
2031-02-09 00:00:00,30.959
2031-02-09 12:00:00,25.737
2031-02-10 00:00:00,31.253
2031-02-10 12:00:00,29.817
2031-02-11 00:00:00,28.588
2031-02-11 12:00:00,5025.312
2031-02-12 00:00:00,5034.942
2031-02-12 12:00:00,5024.345
2031-02-13 00:00:00,5027.095
2031-02-13 12:00:00,30.77
2031-02-14 00:00:00,34.111
2031-02-14 12:00:00,22.779
2031-02-15 00:00:00,5038.342
2031-02-15 12:00:00,66.465
2031-02-16 00:00:00,21.993
2031-02-16 12:00:00,45.295
2031-02-17 00:00:00,27.35
2031-02-17 12:00:00,70.997
2031-02-18 00:00:00,71.922
2031-02-18 12:00:00,57.566
2031-02-19 00:00:00,5064.995
2031-02-19 12:00:00,66.25
2031-02-20 00:00:00,67.817
2031-02-20 12:00:00,69.189
2031-02-21 00:00:00,69.007
2031-02-21 12:00:00,65.48
2031-02-22 00:00:00,67.589
2031-02-22 12:00:00,70.263
2031-02-23 00:00:00,70.724
2031-02-23 12:00:00,73.688
2031-02-24 00:00:00,73.326
2031-02-24 12:00:00,69.371
2031-02-25 00:00:00,67.542
2031-02-25 12:00:00,69.387
2031-02-26 00:00:00,72.788
2031-02-26 12:00:00,72.981
2031-02-27 00:00:00,60.045
2031-02-27 12:00:00,21.344
2031-02-28 00:00:00,27.039
2031-02-28 12:00:00,23.499
2031-03-01 00:00:00,22.352
2031-03-01 12:00:00,23.737
2031-03-02 00:00:00,25.588
2031-03-02 12:00:00,27.37
2031-03-03 00:00:00,27.051
2031-03-03 12:00:00,20018.358
2031-03-04 00:00:00,23.647
2031-03-04 12:00:00,24.926
2031-03-05 00:00:00,26.255
2031-03-05 12:00:00,26.237
2031-03-06 00:00:00,25.389
2031-03-06 12:00:00,26.826
2031-03-07 00:00:00,27.668
2031-03-07 12:00:00,28.597
2031-03-08 00:00:00,29.362
2031-03-08 12:00:00,28.655
2031-03-09 00:00:00,22.896
2031-03-09 12:00:00,23.03
2031-03-10 00:00:00,25.238
2031-03-10 12:00:00,25.219
2031-03-11 00:00:00,24.054
2031-03-11 12:00:00,21.969
2031-03-12 00:00:00,25.051
2031-03-12 12:00:00,30.73
2031-03-13 00:00:00,30.049
2031-03-13 12:00:00,29.817
2031-03-14 00:00:00,28.522
2031-03-14 12:00:00,27.657
2031-03-15 00:00:00,30.459
2031-03-15 12:00:00,26.673
2031-03-16 00:00:00,21.994
2031-03-16 12:00:00,23.287
2031-03-17 00:00:00,24.378
2031-03-17 12:00:00,25.813
2031-03-18 00:00:00,28.169
2031-03-18 12:00:00,30.705
2031-03-19 00:00:00,30.212
2031-03-19 12:00:00,30.349
2031-03-20 00:00:00,32.965
2031-03-20 12:00:00,5033.389
2031-03-21 00:00:00,34.075
2031-03-21 12:00:00,31.716
2031-03-22 00:00:00,30.1
2031-03-22 12:00:00,27.967
2031-03-23 00:00:00,29.094
2031-03-23 12:00:00,29.938
2031-03-24 00:00:00,32.151
2031-03-24 12:00:00,32.441
2031-03-25 00:00:00,33.168
2031-03-25 12:00:00,34.075
2031-03-26 00:00:00,36.378
2031-03-26 12:00:00,37.842
2031-03-27 00:00:00,37.256
2031-03-27 12:00:00,36.957
2031-03-28 00:00:00,37.342
2031-03-28 12:00:00,34.898
2031-03-29 00:00:00,34.52
2031-03-29 12:00:00,34.899
2031-03-30 00:00:00,5032.749
2031-03-30 12:00:00,35.196
2031-03-31 00:00:00,37.057
2031-03-31 12:00:00,38.581
2031-04-01 00:00:00,39.744
2031-04-01 12:00:00,40.251
2031-04-02 00:00:00,41.225
2031-04-02 12:00:00,40.577
2031-04-03 00:00:00,40.358
2031-04-03 12:00:00,40.045
2031-04-04 00:00:00,40.676
2031-04-04 12:00:00,40.864
2031-04-05 00:00:00,40.598
2031-04-05 12:00:00,40.213
2031-04-06 00:00:00,10035.486
2031-04-06 12:00:00,40.145
2031-04-07 00:00:00,38.918
2031-04-07 12:00:00,39.031
2031-04-08 00:00:00,38.3
2031-04-08 12:00:00,36.681
2031-04-09 00:00:00,34.571
2031-04-09 12:00:00,33.354
2031-04-10 00:00:00,32.616
2031-04-10 12:00:00,32.593
2031-04-11 00:00:00,29.316
2031-04-11 12:00:00,31.152
2031-04-12 00:00:00,32.243
2031-04-12 12:00:00,33.946
2031-04-13 00:00:00,35.211
2031-04-13 12:00:00,37.708
2031-04-14 00:00:00,38.607
2031-04-14 12:00:00,39.427
2031-04-15 00:00:00,40.788
2031-04-15 12:00:00,42.318
2031-04-16 00:00:00,41.977
2031-04-16 12:00:00,41.435
2031-04-17 00:00:00,5039.033
2031-04-17 12:00:00,15035.459
2031-04-18 00:00:00,43.11
2031-04-18 12:00:00,5042.538
2031-04-19 00:00:00,46.737
2031-04-19 12:00:00,47.023
2031-04-20 00:00:00,5045.787
2031-04-20 12:00:00,48.132
2031-04-21 00:00:00,5045.84
2031-04-21 12:00:00,10043.148
2031-04-22 00:00:00,10041.405
2031-04-22 12:00:00,42.355
2031-04-23 00:00:00,41.08
2031-04-23 12:00:00,5038.8
2031-04-24 00:00:00,5038.331
2031-04-24 12:00:00,5039.023
2031-04-25 00:00:00,5039.312
2031-04-25 12:00:00,5039.274
2031-04-26 00:00:00,5040.313
2031-04-26 12:00:00,41.826
2031-04-27 00:00:00,5040.347
2031-04-27 12:00:00,42.047
2031-04-28 00:00:00,40.289
2031-04-28 12:00:00,39.032
2031-04-29 00:00:00,40.011
2031-04-29 12:00:00,15033.814
2031-04-30 00:00:00,5037.983
2031-04-30 12:00:00,10036.792
2031-05-01 00:00:00,10037.836
2031-05-01 12:00:00,5040.43
2031-05-02 00:00:00,5040.148
2031-05-02 12:00:00,42.609
2031-05-03 00:00:00,42.332
2031-05-03 12:00:00,39.36
2031-05-04 00:00:00,37.065
2031-05-04 12:00:00,5035.285
2031-05-05 00:00:00,38.271
2031-05-05 12:00:00,39.505
2031-05-06 00:00:00,39.508
2031-05-06 12:00:00,5037.983
2031-05-07 00:00:00,40.276
2031-05-07 12:00:00,40.973
2031-05-08 00:00:00,42.186
2031-05-08 12:00:00,5039.501
2031-05-09 00:00:00,5039.681
2031-05-09 12:00:00,41.742
2031-05-10 00:00:00,40.524
2031-05-10 12:00:00,10034.474
2031-05-11 00:00:00,5035.715
2031-05-11 12:00:00,36.984
2031-05-12 00:00:00,5035.106
2031-05-12 12:00:00,5035.885
2031-05-13 00:00:00,39.399
2031-05-13 12:00:00,40.537
2031-05-14 00:00:00,10037.626
2031-05-14 12:00:00,41.891
2031-05-15 00:00:00,40.452
2031-05-15 12:00:00,40.435
2031-05-16 00:00:00,40.102
2031-05-16 12:00:00,39.495
2031-05-17 00:00:00,38.049
2031-05-17 12:00:00,37.796
2031-05-18 00:00:00,38.129
2031-05-18 12:00:00,38.096
2031-05-19 00:00:00,39.35
2031-05-19 12:00:00,40.146
2031-05-20 00:00:00,41.02
2031-05-20 12:00:00,5038.853
2031-05-21 00:00:00,10036.398
2031-05-21 12:00:00,40.453
2031-05-22 00:00:00,40.253
2031-05-22 12:00:00,40.142
2031-05-23 00:00:00,38.92
2031-05-23 12:00:00,35.56
2031-05-24 00:00:00,5032.605
2031-05-24 12:00:00,36.434
2031-05-25 00:00:00,37.283
2031-05-25 12:00:00,40.655
2031-05-26 00:00:00,43.305
2031-05-26 12:00:00,10039.091
2031-05-27 00:00:00,43.129
2031-05-27 12:00:00,42.09
2031-05-28 00:00:00,42.615
2031-05-28 12:00:00,41.087
2031-05-29 00:00:00,41.162
2031-05-29 12:00:00,10037.059
2031-05-30 00:00:00,5039.701
2031-05-30 12:00:00,42.624
2031-05-31 00:00:00,5041.233
2031-05-31 12:00:00,10040.146
2031-06-01 00:00:00,45.418
2031-06-01 12:00:00,20037.156
2031-06-02 00:00:00,5043.681
2031-06-02 12:00:00,45.686
2031-06-03 00:00:00,5041.363
2031-06-03 12:00:00,42.859
2031-06-04 00:00:00,42.448
2031-06-04 12:00:00,41.603
2031-06-05 00:00:00,41.61
2031-06-05 12:00:00,10036.991
2031-06-06 00:00:00,42.243
2031-06-06 12:00:00,42.203
2031-06-07 00:00:00,42.457
2031-06-07 12:00:00,5040.755
2031-06-08 00:00:00,43.274
2031-06-08 12:00:00,43.442
2031-06-09 00:00:00,10038.391
2031-06-09 12:00:00,41.688
2031-06-10 00:00:00,10037.382
2031-06-10 12:00:00,40.992
2031-06-11 00:00:00,39.092
2031-06-11 12:00:00,36.449
2031-06-12 00:00:00,38.501
2031-06-12 12:00:00,39.636
2031-06-13 00:00:00,37.54
2031-06-13 12:00:00,34.723
2031-06-14 00:00:00,32.648
2031-06-14 12:00:00,34.281
2031-06-15 00:00:00,5033.551
2031-06-15 12:00:00,34.989
2031-06-16 00:00:00,37.05
2031-06-16 12:00:00,36.489
2031-06-17 00:00:00,36.007
2031-06-17 12:00:00,35.369
2031-06-18 00:00:00,32.5
2031-06-18 12:00:00,28.883
2031-06-19 00:00:00,33.358
2031-06-19 12:00:00,32.839
2031-06-20 00:00:00,37.321
2031-06-20 12:00:00,38.21
2031-06-21 00:00:00,31.914
2031-06-21 12:00:00,31.417
2031-06-22 00:00:00,31.974
2031-06-22 12:00:00,33.011
2031-06-23 00:00:00,32.93
2031-06-23 12:00:00,33.901
2031-06-24 00:00:00,36.439
2031-06-24 12:00:00,36.986
2031-06-25 00:00:00,35.424
2031-06-25 12:00:00,35.92
2031-06-26 00:00:00,31.947
2031-06-26 12:00:00,32.223
2031-06-27 00:00:00,34.727
2031-06-27 12:00:00,33.446
2031-06-28 00:00:00,31.768
2031-06-28 12:00:00,33.049
2031-06-29 00:00:00,33.779
2031-06-29 12:00:00,35.394
2031-06-30 00:00:00,36.923
2031-06-30 12:00:00,38.083
2031-07-01 00:00:00,38.459
2031-07-01 12:00:00,37.81
2031-07-02 00:00:00,33.524
2031-07-02 12:00:00,32.723
2031-07-03 00:00:00,32.002
2031-07-03 12:00:00,31.521
2031-07-04 00:00:00,33.434
2031-07-04 12:00:00,35.314
2031-07-05 00:00:00,35.501
2031-07-05 12:00:00,37.377
2031-07-06 00:00:00,38.698
2031-07-06 12:00:00,40.145
2031-07-07 00:00:00,40.837
2031-07-07 12:00:00,5039.383
2031-07-08 00:00:00,37.711
2031-07-08 12:00:00,34.521
2031-07-09 00:00:00,35.09
2031-07-09 12:00:00,33.545
2031-07-10 00:00:00,33.964
2031-07-10 12:00:00,34.371
2031-07-11 00:00:00,34.247
2031-07-11 12:00:00,36.895
2031-07-12 00:00:00,38.462
2031-07-12 12:00:00,38.314
2031-07-13 00:00:00,36.552
2031-07-13 12:00:00,34.062
2031-07-14 00:00:00,31.599
2031-07-14 12:00:00,29.424
2031-07-15 00:00:00,5030.186
2031-07-15 12:00:00,10035.265
2031-07-16 00:00:00,35.179
2031-07-16 12:00:00,15025.772
2031-07-17 00:00:00,5032.527
2031-07-17 12:00:00,35.788
2031-07-18 00:00:00,39.026
2031-07-18 12:00:00,5041.897
2031-07-19 00:00:00,50.015
2031-07-19 12:00:00,50.155
2031-07-20 00:00:00,50.978
2031-07-20 12:00:00,56.472
2031-07-21 00:00:00,59.018
2031-07-21 12:00:00,61.548
2031-07-22 00:00:00,5034.792
2031-07-22 12:00:00,44.116
2031-07-23 00:00:00,44.123
2031-07-23 12:00:00,45.981
2031-07-24 00:00:00,5045.912
2031-07-24 12:00:00,48.702
2031-07-25 00:00:00,48.04
2031-07-25 12:00:00,37.49
2031-07-26 00:00:00,39.876
2031-07-26 12:00:00,25.769
2031-07-27 00:00:00,43.332
2031-07-27 12:00:00,42.616
2031-07-28 00:00:00,38.147
2031-07-28 12:00:00,39.397
2031-07-29 00:00:00,43.574
2031-07-29 12:00:00,40.382
2031-07-30 00:00:00,41.804
2031-07-30 12:00:00,42.764
2031-07-31 00:00:00,46.713
2031-07-31 12:00:00,47.246
2031-08-01 00:00:00,50.692
2031-08-01 12:00:00,47.053
2031-08-02 00:00:00,42.442
2031-08-02 12:00:00,36.981
2031-08-03 00:00:00,34.993
2031-08-03 12:00:00,37.398
2031-08-04 00:00:00,42.371
2031-08-04 12:00:00,42.597
2031-08-05 00:00:00,44.645
2031-08-05 12:00:00,46.563
2031-08-06 00:00:00,48.641
2031-08-06 12:00:00,41.837
2031-08-07 00:00:00,41.535
2031-08-07 12:00:00,33.895
2031-08-08 00:00:00,28.033
2031-08-08 12:00:00,29.262
2031-08-09 00:00:00,31.458
2031-08-09 12:00:00,32.363
2031-08-10 00:00:00,36.014
2031-08-10 12:00:00,39.409
2031-08-11 00:00:00,41.095
2031-08-11 12:00:00,39.72
2031-08-12 00:00:00,40.62
2031-08-12 12:00:00,41.464
2031-08-13 00:00:00,41.672
2031-08-13 12:00:00,40.454
2031-08-14 00:00:00,41.558
2031-08-14 12:00:00,38.759
2031-08-15 00:00:00,36.383
2031-08-15 12:00:00,36.033
2031-08-16 00:00:00,34.513
2031-08-16 12:00:00,34.086
2031-08-17 00:00:00,32.195
2031-08-17 12:00:00,40.441
2031-08-18 00:00:00,55.66
2031-08-18 12:00:00,70.081
2031-08-19 00:00:00,73.19
2031-08-19 12:00:00,56.435
2031-08-20 00:00:00,23.03
2031-08-20 12:00:00,25.177
2031-08-21 00:00:00,26.437
2031-08-21 12:00:00,28.642
2031-08-22 00:00:00,26.284
2031-08-22 12:00:00,48.82
2031-08-23 00:00:00,73.417
2031-08-23 12:00:00,77.816
2031-08-24 00:00:00,75.882
2031-08-24 12:00:00,75.136
2031-08-25 00:00:00,74.664
2031-08-25 12:00:00,73.513
2031-08-26 00:00:00,52.199
2031-08-26 12:00:00,26.456
2031-08-27 00:00:00,36.011
2031-08-27 12:00:00,34.654
2031-08-28 00:00:00,27.14
2031-08-28 12:00:00,61.171
2031-08-29 00:00:00,28.355
2031-08-29 12:00:00,15023.414
2031-08-30 00:00:00,39.39
2031-08-30 12:00:00,70.025
2031-08-31 00:00:00,74.687
2031-08-31 12:00:00,5071.554
2031-09-01 00:00:00,20.501
2031-09-01 12:00:00,25.922
2031-09-02 00:00:00,26.508
2031-09-02 12:00:00,26.719
2031-09-03 00:00:00,27.479
2031-09-03 12:00:00,27.22
2031-09-04 00:00:00,25.953
2031-09-04 12:00:00,27.105
2031-09-05 00:00:00,28.831
2031-09-05 12:00:00,28.459
2031-09-06 00:00:00,29.021
2031-09-06 12:00:00,31.385
2031-09-07 00:00:00,27.407
2031-09-07 12:00:00,24.508
2031-09-08 00:00:00,29.913
2031-09-08 12:00:00,30.221
2031-09-09 00:00:00,32.211
2031-09-09 12:00:00,34.679
2031-09-10 00:00:00,37.769
2031-09-10 12:00:00,40.403
2031-09-11 00:00:00,41.874
2031-09-11 12:00:00,40.964
2031-09-12 00:00:00,40.212
2031-09-12 12:00:00,37.623
2031-09-13 00:00:00,37.511
2031-09-13 12:00:00,37.559
2031-09-14 00:00:00,37.848
2031-09-14 12:00:00,37.609
2031-09-15 00:00:00,38.051
2031-09-15 12:00:00,38.903
2031-09-16 00:00:00,41.392
2031-09-16 12:00:00,5042.512
2031-09-17 00:00:00,46.462
2031-09-17 12:00:00,47.184
2031-09-18 00:00:00,5045.411
2031-09-18 12:00:00,49.586
2031-09-19 00:00:00,46.618
2031-09-19 12:00:00,44.318
2031-09-20 00:00:00,44.694
2031-09-20 12:00:00,10040.225
2031-09-21 00:00:00,5040.713
2031-09-21 12:00:00,5041.895
2031-09-22 00:00:00,45.694
2031-09-22 12:00:00,46.129
2031-09-23 00:00:00,46.414
2031-09-23 12:00:00,15038.592
2031-09-24 00:00:00,46.494
2031-09-24 12:00:00,45.161
2031-09-25 00:00:00,5042.109
2031-09-25 12:00:00,43.383
2031-09-26 00:00:00,42.317
2031-09-26 12:00:00,5038.937
2031-09-27 00:00:00,5037.661
2031-09-27 12:00:00,40.607
2031-09-28 00:00:00,5039.881
2031-09-28 12:00:00,43.015
2031-09-29 00:00:00,42.988
2031-09-29 12:00:00,31.633
2031-09-30 00:00:00,33.382
2031-09-30 12:00:00,36.19
2031-10-01 00:00:00,34.58
2031-10-01 12:00:00,25.071
2031-10-02 00:00:00,35.552
2031-10-02 12:00:00,10028.391
2031-10-03 00:00:00,33.579
2031-10-03 12:00:00,36.62
2031-10-04 00:00:00,39.494
2031-10-04 12:00:00,41.111
2031-10-05 00:00:00,44.481
2031-10-05 12:00:00,41.617
2031-10-06 00:00:00,41.477
2031-10-06 12:00:00,39.032
2031-10-07 00:00:00,35.358
2031-10-07 12:00:00,30.384
2031-10-08 00:00:00,36.0
2031-10-08 12:00:00,37.696
2031-10-09 00:00:00,40.523
2031-10-09 12:00:00,42.722
2031-10-10 00:00:00,42.805
2031-10-10 12:00:00,45.349
2031-10-11 00:00:00,46.024
2031-10-11 12:00:00,10041.323
2031-10-12 00:00:00,47.07
2031-10-12 12:00:00,5043.947
2031-10-13 00:00:00,43.152
2031-10-13 12:00:00,20033.268
2031-10-14 00:00:00,42.137
2031-10-14 12:00:00,43.926
2031-10-15 00:00:00,45.367
2031-10-15 12:00:00,5043.666
2031-10-16 00:00:00,47.296
2031-10-16 12:00:00,47.969
2031-10-17 00:00:00,45.999
2031-10-17 12:00:00,43.455
2031-10-18 00:00:00,5042.986
2031-10-18 12:00:00,45.084
2031-10-19 00:00:00,44.976
2031-10-19 12:00:00,44.59
2031-10-20 00:00:00,44.847
2031-10-20 12:00:00,45.12
2031-10-21 00:00:00,43.809
2031-10-21 12:00:00,43.426
2031-10-22 00:00:00,43.071
2031-10-22 12:00:00,42.967
2031-10-23 00:00:00,44.673
2031-10-23 12:00:00,44.135
2031-10-24 00:00:00,43.453
2031-10-24 12:00:00,5041.113
2031-10-25 00:00:00,5041.086
2031-10-25 12:00:00,42.837
2031-10-26 00:00:00,43.83
2031-10-26 12:00:00,5040.551
2031-10-27 00:00:00,10037.067
2031-10-27 12:00:00,5041.581
2031-10-28 00:00:00,10038.927
2031-10-28 12:00:00,10038.889
2031-10-29 00:00:00,43.732
2031-10-29 12:00:00,41.105
2031-10-30 00:00:00,39.575
2031-10-30 12:00:00,42.132
2031-10-31 00:00:00,42.316
2031-10-31 12:00:00,40.465
2031-11-01 00:00:00,5038.05
2031-11-01 12:00:00,39.762
2031-11-02 00:00:00,5038.42
2031-11-02 12:00:00,41.309
2031-11-03 00:00:00,41.986
2031-11-03 12:00:00,42.317
2031-11-04 00:00:00,41.183
2031-11-04 12:00:00,40.573
2031-11-05 00:00:00,5039.015
2031-11-05 12:00:00,40.908
2031-11-06 00:00:00,41.151
2031-11-06 12:00:00,5038.073
2031-11-07 00:00:00,5038.189
2031-11-07 12:00:00,41.744
2031-11-08 00:00:00,40.602
2031-11-08 12:00:00,5039.795
2031-11-09 00:00:00,5040.861
2031-11-09 12:00:00,42.846
2031-11-10 00:00:00,42.286
2031-11-10 12:00:00,39.863
2031-11-11 00:00:00,40.112
2031-11-11 12:00:00,39.449
2031-11-12 00:00:00,29.859
2031-11-12 12:00:00,31.126
2031-11-13 00:00:00,5032.506
2031-11-13 12:00:00,32.029
2031-11-14 00:00:00,33.488
2031-11-14 12:00:00,5037.86
2031-11-15 00:00:00,5041.201
2031-11-15 12:00:00,5049.555
2031-11-16 00:00:00,5051.869
2031-11-16 12:00:00,62.981
2031-11-17 00:00:00,5020.722
2031-11-17 12:00:00,28.59
2031-11-18 00:00:00,28.666
2031-11-18 12:00:00,34.303
2031-11-19 00:00:00,36.112
2031-11-19 12:00:00,39.844
2031-11-20 00:00:00,27.799
2031-11-20 12:00:00,31.495
2031-11-21 00:00:00,34.842
2031-11-21 12:00:00,35.663
2031-11-22 00:00:00,5033.041
2031-11-22 12:00:00,35.756
2031-11-23 00:00:00,37.544
2031-11-23 12:00:00,35.084
2031-11-24 00:00:00,36.768
2031-11-24 12:00:00,35.076
2031-11-25 00:00:00,33.106
2031-11-25 12:00:00,32.593
2031-11-26 00:00:00,32.501
2031-11-26 12:00:00,32.983
2031-11-27 00:00:00,35.153
2031-11-27 12:00:00,15031.592
2031-11-28 00:00:00,36.091
2031-11-28 12:00:00,36.054
2031-11-29 00:00:00,36.416
2031-11-29 12:00:00,37.096
2031-11-30 00:00:00,35.074
2031-11-30 12:00:00,32.932
2031-12-01 00:00:00,33.743
2031-12-01 12:00:00,33.258
2031-12-02 00:00:00,31.764
2031-12-02 12:00:00,35.446
2031-12-03 00:00:00,37.259
2031-12-03 12:00:00,39.199
2031-12-04 00:00:00,37.704
2031-12-04 12:00:00,37.052
2031-12-05 00:00:00,37.352
2031-12-05 12:00:00,38.949
2031-12-06 00:00:00,39.582
2031-12-06 12:00:00,37.09
2031-12-07 00:00:00,36.136
2031-12-07 12:00:00,32.911
2031-12-08 00:00:00,34.407
2031-12-08 12:00:00,36.706
2031-12-09 00:00:00,38.064
2031-12-09 12:00:00,41.184
2031-12-10 00:00:00,44.322
2031-12-10 12:00:00,41.421
2031-12-11 00:00:00,43.925
2031-12-11 12:00:00,44.298
2031-12-12 00:00:00,5038.279
2031-12-12 12:00:00,39.482
2031-12-13 00:00:00,37.076
2031-12-13 12:00:00,36.554
2031-12-14 00:00:00,10034.118
2031-12-14 12:00:00,40.517
2031-12-15 00:00:00,41.844
2031-12-15 12:00:00,44.004
2031-12-16 00:00:00,45.713
2031-12-16 12:00:00,48.239
2031-12-17 00:00:00,58.375
2031-12-17 12:00:00,59.056
2031-12-18 00:00:00,26.869
2031-12-18 12:00:00,31.444
2031-12-19 00:00:00,33.031
2031-12-19 12:00:00,34.855
2031-12-20 00:00:00,35.667
2031-12-20 12:00:00,38.267
2031-12-21 00:00:00,42.217
2031-12-21 12:00:00,44.647
2031-12-22 00:00:00,44.412
2031-12-22 12:00:00,5041.155
2031-12-23 00:00:00,41.692
2031-12-23 12:00:00,43.122
2031-12-24 00:00:00,38.683
2031-12-24 12:00:00,37.485
2031-12-25 00:00:00,36.676
2031-12-25 12:00:00,38.41
2031-12-26 00:00:00,38.688
2031-12-26 12:00:00,39.046
2031-12-27 00:00:00,42.224
2031-12-27 12:00:00,42.152
2031-12-28 00:00:00,43.006
2031-12-28 12:00:00,42.892
2031-12-29 00:00:00,43.154
2031-12-29 12:00:00,41.55
2031-12-30 00:00:00,42.21
2031-12-30 12:00:00,5037.945
2031-12-31 00:00:00,41.632
2031-12-31 12:00:00,5038.023
2032-01-01 00:00:00,5036.31
2032-01-01 12:00:00,5037.002
2032-01-02 00:00:00,5041.116
2032-01-02 12:00:00,5042.338
2032-01-03 00:00:00,5042.349
2032-01-03 12:00:00,5042.714
2032-01-04 00:00:00,43.278
2032-01-04 12:00:00,43.425
2032-01-05 00:00:00,43.894
2032-01-05 12:00:00,43.963
2032-01-06 00:00:00,43.643
2032-01-06 12:00:00,5040.402
2032-01-07 00:00:00,40.717
2032-01-07 12:00:00,41.686
2032-01-08 00:00:00,5040.157
2032-01-08 12:00:00,42.961
2032-01-09 00:00:00,10041.032
2032-01-09 12:00:00,44.969
2032-01-10 00:00:00,45.859
2032-01-10 12:00:00,10041.294
2032-01-11 00:00:00,20035.82
2032-01-11 12:00:00,43.246
2032-01-12 00:00:00,42.664
2032-01-12 12:00:00,5040.241
2032-01-13 00:00:00,5040.475
2032-01-13 12:00:00,42.888
2032-01-14 00:00:00,5041.518
2032-01-14 12:00:00,5041.875
2032-01-15 00:00:00,44.371
2032-01-15 12:00:00,10039.568
2032-01-16 00:00:00,5041.824
2032-01-16 12:00:00,43.12
2032-01-17 00:00:00,41.84
2032-01-17 12:00:00,40.946
2032-01-18 00:00:00,40.42
2032-01-18 12:00:00,10036.356
2032-01-19 00:00:00,39.759
2032-01-19 12:00:00,39.575
2032-01-20 00:00:00,40.259
2032-01-20 12:00:00,40.362
2032-01-21 00:00:00,41.387
2032-01-21 12:00:00,41.192
2032-01-22 00:00:00,39.165
2032-01-22 12:00:00,36.847
2032-01-23 00:00:00,33.932
2032-01-23 12:00:00,5031.904
2032-01-24 00:00:00,34.504
2032-01-24 12:00:00,35.886
2032-01-25 00:00:00,36.206
2032-01-25 12:00:00,36.34
2032-01-26 00:00:00,35.055
2032-01-26 12:00:00,36.783
2032-01-27 00:00:00,39.273
2032-01-27 12:00:00,38.142
2032-01-28 00:00:00,42.245
2032-01-28 12:00:00,42.177
2032-01-29 00:00:00,39.035
2032-01-29 12:00:00,37.673
2032-01-30 00:00:00,38.545
2032-01-30 12:00:00,39.287
2032-01-31 00:00:00,39.836
2032-01-31 12:00:00,39.704
2032-02-01 00:00:00,5039.698
2032-02-01 12:00:00,43.169
2032-02-02 00:00:00,10041.0
2032-02-02 12:00:00,47.475
2032-02-03 00:00:00,47.586
2032-02-03 12:00:00,45.84
2032-02-04 00:00:00,43.805
2032-02-04 12:00:00,5039.056
2032-02-05 00:00:00,41.322
2032-02-05 12:00:00,10037.844
2032-02-06 00:00:00,42.782
2032-02-06 12:00:00,43.67
2032-02-07 00:00:00,44.099
2032-02-07 12:00:00,46.34
2032-02-08 00:00:00,47.7
2032-02-08 12:00:00,5045.765
2032-02-09 00:00:00,48.937
2032-02-09 12:00:00,46.783
2032-02-10 00:00:00,42.826
2032-02-10 12:00:00,40.118
2032-02-11 00:00:00,40.784
2032-02-11 12:00:00,41.964
2032-02-12 00:00:00,10039.081
2032-02-12 12:00:00,5042.392
2032-02-13 00:00:00,44.154
2032-02-13 12:00:00,44.751
2032-02-14 00:00:00,45.477
2032-02-14 12:00:00,46.596
2032-02-15 00:00:00,45.636
2032-02-15 12:00:00,42.956
2032-02-16 00:00:00,40.052
2032-02-16 12:00:00,37.74
2032-02-17 00:00:00,36.332
2032-02-17 12:00:00,38.263
2032-02-18 00:00:00,38.456
2032-02-18 12:00:00,40.051
2032-02-19 00:00:00,39.733
2032-02-19 12:00:00,42.174
2032-02-20 00:00:00,45.586
2032-02-20 12:00:00,48.743
2032-02-21 00:00:00,53.172
2032-02-21 12:00:00,60.945
2032-02-22 00:00:00,55.053
2032-02-22 12:00:00,41.652
2032-02-23 00:00:00,5033.462
2032-02-23 12:00:00,5034.11
2032-02-24 00:00:00,34.854
2032-02-24 12:00:00,41.919
2032-02-25 00:00:00,25035.758
2032-02-25 12:00:00,49.304
2032-02-26 00:00:00,55.464
2032-02-26 12:00:00,61.092
2032-02-27 00:00:00,66.156
2032-02-27 12:00:00,64.894
2032-02-28 00:00:00,19.8
2032-02-28 12:00:00,23.04
2032-02-29 00:00:00,31.638
2032-02-29 12:00:00,36.167
2032-03-01 00:00:00,43.643
2032-03-01 12:00:00,49.186
2032-03-02 00:00:00,50.441
2032-03-02 12:00:00,59.078
2032-03-03 00:00:00,60.501
2032-03-03 12:00:00,61.259
2032-03-04 00:00:00,5066.478
2032-03-04 12:00:00,74.77
2032-03-05 00:00:00,68.946
2032-03-05 12:00:00,38.247
2032-03-06 00:00:00,42.416
2032-03-06 12:00:00,44.841
2032-03-07 00:00:00,43.643
2032-03-07 12:00:00,48.588
2032-03-08 00:00:00,49.342
2032-03-08 12:00:00,51.043
2032-03-09 00:00:00,50.465
2032-03-09 12:00:00,48.883
2032-03-10 00:00:00,5046.457
2032-03-10 12:00:00,48.508
2032-03-11 00:00:00,43.722
2032-03-11 12:00:00,41.572
2032-03-12 00:00:00,44.261
2032-03-12 12:00:00,44.124
2032-03-13 00:00:00,44.962
2032-03-13 12:00:00,45.791
2032-03-14 00:00:00,46.556
2032-03-14 12:00:00,46.612
2032-03-15 00:00:00,44.607
2032-03-15 12:00:00,43.463
2032-03-16 00:00:00,44.62
2032-03-16 12:00:00,41.985
2032-03-17 00:00:00,40.693
2032-03-17 12:00:00,5038.605
2032-03-18 00:00:00,41.662
2032-03-18 12:00:00,42.033
2032-03-19 00:00:00,41.61
2032-03-19 12:00:00,41.544
2032-03-20 00:00:00,40.852
2032-03-20 12:00:00,39.793
2032-03-21 00:00:00,40.38
2032-03-21 12:00:00,41.67
2032-03-22 00:00:00,40.929
2032-03-22 12:00:00,5038.674
2032-03-23 00:00:00,40.655
2032-03-23 12:00:00,40.333
2032-03-24 00:00:00,5037.516
2032-03-24 12:00:00,39.754
2032-03-25 00:00:00,38.455
2032-03-25 12:00:00,37.06
2032-03-26 00:00:00,38.399
2032-03-26 12:00:00,5037.334
2032-03-27 00:00:00,39.112
2032-03-27 12:00:00,39.163
2032-03-28 00:00:00,40.161
2032-03-28 12:00:00,41.304
2032-03-29 00:00:00,40.972
2032-03-29 12:00:00,40.935
2032-03-30 00:00:00,40.937
2032-03-30 12:00:00,40.968
2032-03-31 00:00:00,39.735
2032-03-31 12:00:00,39.293
2032-04-01 00:00:00,38.936
2032-04-01 12:00:00,41.228
2032-04-02 00:00:00,41.557
2032-04-02 12:00:00,10036.806
2032-04-03 00:00:00,41.024
2032-04-03 12:00:00,39.683
2032-04-04 00:00:00,40.796
2032-04-04 12:00:00,41.5
2032-04-05 00:00:00,5039.991
2032-04-05 12:00:00,42.293
2032-04-06 00:00:00,42.25
2032-04-06 12:00:00,40.683
2032-04-07 00:00:00,41.053
2032-04-07 12:00:00,41.854
2032-04-08 00:00:00,42.66
2032-04-08 12:00:00,40.988
2032-04-09 00:00:00,5039.078
2032-04-09 12:00:00,41.446
2032-04-10 00:00:00,15034.365
2032-04-10 12:00:00,40.146
2032-04-11 00:00:00,41.677
2032-04-11 12:00:00,42.122
2032-04-12 00:00:00,41.92
2032-04-12 12:00:00,42.294
2032-04-13 00:00:00,42.613
2032-04-13 12:00:00,43.28
2032-04-14 00:00:00,44.228
2032-04-14 12:00:00,43.525
2032-04-15 00:00:00,43.015
2032-04-15 12:00:00,5041.083
2032-04-16 00:00:00,41.733
2032-04-16 12:00:00,41.144
2032-04-17 00:00:00,41.054
2032-04-17 12:00:00,40.863
2032-04-18 00:00:00,39.729
2032-04-18 12:00:00,5040.132
2032-04-19 00:00:00,42.511
2032-04-19 12:00:00,44.503
2032-04-20 00:00:00,45.124
2032-04-20 12:00:00,10039.932
2032-04-21 00:00:00,42.348
2032-04-21 12:00:00,40.482
2032-04-22 00:00:00,5037.358
2032-04-22 12:00:00,38.73
2032-04-23 00:00:00,5036.434
2032-04-23 12:00:00,10034.979
2032-04-24 00:00:00,40.454
2032-04-24 12:00:00,40.475
2032-04-25 00:00:00,42.372
2032-04-25 12:00:00,44.773
2032-04-26 00:00:00,44.303
2032-04-26 12:00:00,5039.17
2032-04-27 00:00:00,39.142
2032-04-27 12:00:00,5031.748
2032-04-28 00:00:00,37.119
2032-04-28 12:00:00,36.822
2032-04-29 00:00:00,34.796
2032-04-29 12:00:00,34.93
2032-04-30 00:00:00,37.984
2032-04-30 12:00:00,40.593
2032-05-01 00:00:00,41.605
2032-05-01 12:00:00,45.116
2032-05-02 00:00:00,48.991
2032-05-02 12:00:00,49.918
2032-05-03 00:00:00,55.795
2032-05-03 12:00:00,68.532
2032-05-04 00:00:00,67.019
2032-05-04 12:00:00,29.708
2032-05-05 00:00:00,31.851
2032-05-05 12:00:00,33.839
2032-05-06 00:00:00,45.388
2032-05-06 12:00:00,54.434
2032-05-07 00:00:00,65.163
2032-05-07 12:00:00,63.973
2032-05-08 00:00:00,55.852
2032-05-08 12:00:00,75.975
2032-05-09 00:00:00,71.323
2032-05-09 12:00:00,5021.486
2032-05-10 00:00:00,22.87
2032-05-10 12:00:00,25.082
2032-05-11 00:00:00,27.723
2032-05-11 12:00:00,29.703
2032-05-12 00:00:00,5028.431
2032-05-12 12:00:00,28.613
2032-05-13 00:00:00,5025.239
2032-05-13 12:00:00,5024.227
2032-05-14 00:00:00,25.359
2032-05-14 12:00:00,49.818
2032-05-15 00:00:00,77.387
2032-05-15 12:00:00,29.777
2032-05-16 00:00:00,22.744
2032-05-16 12:00:00,24.176
2032-05-17 00:00:00,29.541
2032-05-17 12:00:00,31.625
2032-05-18 00:00:00,30.53
2032-05-18 12:00:00,5029.649
2032-05-19 00:00:00,29.643
2032-05-19 12:00:00,28.672
2032-05-20 00:00:00,26.839
2032-05-20 12:00:00,22.547
2032-05-21 00:00:00,32.624
2032-05-21 12:00:00,21.269
2032-05-22 00:00:00,24.784
2032-05-22 12:00:00,26.938
2032-05-23 00:00:00,30.194
2032-05-23 12:00:00,31.085
2032-05-24 00:00:00,30.049
2032-05-24 12:00:00,31.082
2032-05-25 00:00:00,15028.275
2032-05-25 12:00:00,35.101
2032-05-26 00:00:00,37.951
2032-05-26 12:00:00,38.026
2032-05-27 00:00:00,41.869
2032-05-27 12:00:00,41.402
2032-05-28 00:00:00,34.931
2032-05-28 12:00:00,35.263
2032-05-29 00:00:00,39.195
2032-05-29 12:00:00,40.286
2032-05-30 00:00:00,39.197
2032-05-30 12:00:00,39.766
2032-05-31 00:00:00,43.722
2032-05-31 12:00:00,44.277
2032-06-01 00:00:00,44.631
2032-06-01 12:00:00,10041.279
2032-06-02 00:00:00,46.315
2032-06-02 12:00:00,5043.05
2032-06-03 00:00:00,44.564
2032-06-03 12:00:00,5040.489
2032-06-04 00:00:00,42.835
2032-06-04 12:00:00,44.202
2032-06-05 00:00:00,45.193
2032-06-05 12:00:00,43.424
2032-06-06 00:00:00,5039.128
2032-06-06 12:00:00,42.05
2032-06-07 00:00:00,10039.921
2032-06-07 12:00:00,44.825
2032-06-08 00:00:00,44.411
2032-06-08 12:00:00,5041.908
2032-06-09 00:00:00,42.886
2032-06-09 12:00:00,41.903
2032-06-10 00:00:00,41.359
2032-06-10 12:00:00,41.59
2032-06-11 00:00:00,41.926
2032-06-11 12:00:00,5039.45
2032-06-12 00:00:00,41.734
2032-06-12 12:00:00,10039.478
2032-06-13 00:00:00,46.027
2032-06-13 12:00:00,46.649
2032-06-14 00:00:00,47.097
2032-06-14 12:00:00,46.198
2032-06-15 00:00:00,43.915
2032-06-15 12:00:00,39.785
2032-06-16 00:00:00,39.872
2032-06-16 12:00:00,40.723
2032-06-17 00:00:00,40.606
2032-06-17 12:00:00,41.313
2032-06-18 00:00:00,45.93
2032-06-18 12:00:00,46.923
2032-06-19 00:00:00,46.475
2032-06-19 12:00:00,47.408
2032-06-20 00:00:00,49.305
2032-06-20 12:00:00,47.871
2032-06-21 00:00:00,44.069
2032-06-21 12:00:00,38.697
2032-06-22 00:00:00,35.821
2032-06-22 12:00:00,36.151
2032-06-23 00:00:00,35.329
2032-06-23 12:00:00,37.6
2032-06-24 00:00:00,39.235
2032-06-24 12:00:00,41.15
2032-06-25 00:00:00,44.701
2032-06-25 12:00:00,48.784
2032-06-26 00:00:00,57.798
2032-06-26 12:00:00,38.146
2032-06-27 00:00:00,34.163
2032-06-27 12:00:00,32.865
2032-06-28 00:00:00,33.681
2032-06-28 12:00:00,34.56
2032-06-29 00:00:00,34.845
2032-06-29 12:00:00,37.071
2032-06-30 00:00:00,38.68
2032-06-30 12:00:00,39.945
2032-07-01 00:00:00,41.971
2032-07-01 12:00:00,47.238
2032-07-02 00:00:00,58.06
2032-07-02 12:00:00,31.828
2032-07-03 00:00:00,28.267
2032-07-03 12:00:00,29.602
2032-07-04 00:00:00,33.535
2032-07-04 12:00:00,35.85
2032-07-05 00:00:00,36.968
2032-07-05 12:00:00,39.43
2032-07-06 00:00:00,40.564
2032-07-06 12:00:00,42.56
2032-07-07 00:00:00,44.134
2032-07-07 12:00:00,49.038
2032-07-08 00:00:00,53.7
2032-07-08 12:00:00,44.063
2032-07-09 00:00:00,15030.476
2032-07-09 12:00:00,32.761
2032-07-10 00:00:00,33.315
2032-07-10 12:00:00,34.578
2032-07-11 00:00:00,37.335
2032-07-11 12:00:00,39.054
2032-07-12 00:00:00,39.653
2032-07-12 12:00:00,40.556
2032-07-13 00:00:00,41.928
2032-07-13 12:00:00,43.457
2032-07-14 00:00:00,48.513
2032-07-14 12:00:00,50.227
2032-07-15 00:00:00,39.837
2032-07-15 12:00:00,35.169
2032-07-16 00:00:00,34.542
2032-07-16 12:00:00,36.527
2032-07-17 00:00:00,36.299
2032-07-17 12:00:00,37.936
2032-07-18 00:00:00,40.47
2032-07-18 12:00:00,43.18
2032-07-19 00:00:00,44.784
2032-07-19 12:00:00,5045.504
2032-07-20 00:00:00,50.762
2032-07-20 12:00:00,45.746
2032-07-21 00:00:00,41.264
2032-07-21 12:00:00,36.465
2032-07-22 00:00:00,35.629
2032-07-22 12:00:00,37.914
2032-07-23 00:00:00,38.545
2032-07-23 12:00:00,40.053
2032-07-24 00:00:00,42.498
2032-07-24 12:00:00,45.466
2032-07-25 00:00:00,46.807
2032-07-25 12:00:00,47.862
2032-07-26 00:00:00,44.946
2032-07-26 12:00:00,42.679
2032-07-27 00:00:00,38.881
2032-07-27 12:00:00,38.909
2032-07-28 00:00:00,38.282
2032-07-28 12:00:00,40.081
2032-07-29 00:00:00,41.493
2032-07-29 12:00:00,5041.278
2032-07-30 00:00:00,45.237
2032-07-30 12:00:00,46.854
2032-07-31 00:00:00,46.952
2032-07-31 12:00:00,44.177
2032-08-01 00:00:00,43.041
2032-08-01 12:00:00,43.657
2032-08-02 00:00:00,41.636
2032-08-02 12:00:00,5038.364
2032-08-03 00:00:00,40.838
2032-08-03 12:00:00,40.552
2032-08-04 00:00:00,40.039
2032-08-04 12:00:00,42.928
2032-08-05 00:00:00,44.674
2032-08-05 12:00:00,43.964
2032-08-06 00:00:00,44.787
2032-08-06 12:00:00,5044.391
2032-08-07 00:00:00,49.04
2032-08-07 12:00:00,47.466
2032-08-08 00:00:00,45.706
2032-08-08 12:00:00,43.758
2032-08-09 00:00:00,43.408
2032-08-09 12:00:00,5041.275
2032-08-10 00:00:00,5040.675
2032-08-10 12:00:00,43.473
2032-08-11 00:00:00,45.356
2032-08-11 12:00:00,46.265
2032-08-12 00:00:00,46.613
2032-08-12 12:00:00,45.728
2032-08-13 00:00:00,45.14
2032-08-13 12:00:00,44.178
2032-08-14 00:00:00,5041.557
2032-08-14 12:00:00,42.538
2032-08-15 00:00:00,42.819
2032-08-15 12:00:00,42.929
2032-08-16 00:00:00,5040.011
2032-08-16 12:00:00,41.772
2032-08-17 00:00:00,5039.343
2032-08-17 12:00:00,42.976
2032-08-18 00:00:00,46.108
2032-08-18 12:00:00,45.771
2032-08-19 00:00:00,43.672
2032-08-19 12:00:00,44.018
2032-08-20 00:00:00,43.121
2032-08-20 12:00:00,41.458
2032-08-21 00:00:00,39.703
2032-08-21 12:00:00,39.952
2032-08-22 00:00:00,39.829
2032-08-22 12:00:00,41.623
2032-08-23 00:00:00,41.676
2032-08-23 12:00:00,41.304
2032-08-24 00:00:00,42.841
2032-08-24 12:00:00,43.328
2032-08-25 00:00:00,42.341
2032-08-25 12:00:00,44.163
2032-08-26 00:00:00,40.752
2032-08-26 12:00:00,38.263
2032-08-27 00:00:00,39.68
2032-08-27 12:00:00,40.535
2032-08-28 00:00:00,40.696
2032-08-28 12:00:00,41.893
2032-08-29 00:00:00,43.437
2032-08-29 12:00:00,43.923
2032-08-30 00:00:00,44.647
2032-08-30 12:00:00,45.023
2032-08-31 00:00:00,43.102
2032-08-31 12:00:00,40.192
2032-09-01 00:00:00,39.214
2032-09-01 12:00:00,37.436
2032-09-02 00:00:00,38.188
2032-09-02 12:00:00,15033.633
2032-09-03 00:00:00,41.706
2032-09-03 12:00:00,42.934
2032-09-04 00:00:00,43.786
2032-09-04 12:00:00,45.324
2032-09-05 00:00:00,45.628
2032-09-05 12:00:00,44.07
2032-09-06 00:00:00,40.299
2032-09-06 12:00:00,39.704
2032-09-07 00:00:00,36.6
2032-09-07 12:00:00,36.482
2032-09-08 00:00:00,37.139
2032-09-08 12:00:00,37.514
2032-09-09 00:00:00,37.921
2032-09-09 12:00:00,40.7
2032-09-10 00:00:00,41.828
2032-09-10 12:00:00,42.412
2032-09-11 00:00:00,43.919
2032-09-11 12:00:00,40.078
2032-09-12 00:00:00,35.956
2032-09-12 12:00:00,32.636
2032-09-13 00:00:00,29.254
2032-09-13 12:00:00,31.015
2032-09-14 00:00:00,33.399
2032-09-14 12:00:00,36.464
2032-09-15 00:00:00,38.357
2032-09-15 12:00:00,38.775
2032-09-16 00:00:00,41.373
2032-09-16 12:00:00,45.191
2032-09-17 00:00:00,47.011
2032-09-17 12:00:00,46.278
2032-09-18 00:00:00,42.803
2032-09-18 12:00:00,36.945
2032-09-19 00:00:00,34.081
2032-09-19 12:00:00,33.084
2032-09-20 00:00:00,33.099
2032-09-20 12:00:00,5032.998
2032-09-21 00:00:00,35.561
2032-09-21 12:00:00,37.709
2032-09-22 00:00:00,40.91
2032-09-22 12:00:00,43.053
2032-09-23 00:00:00,45.126
2032-09-23 12:00:00,46.492
2032-09-24 00:00:00,40.935
2032-09-24 12:00:00,36.801
2032-09-25 00:00:00,36.071
2032-09-25 12:00:00,35.386
2032-09-26 00:00:00,36.052
2032-09-26 12:00:00,35.368
2032-09-27 00:00:00,37.527
2032-09-27 12:00:00,39.588
2032-09-28 00:00:00,41.088
2032-09-28 12:00:00,41.435
2032-09-29 00:00:00,40.88
2032-09-29 12:00:00,41.189
2032-09-30 00:00:00,39.762
2032-09-30 12:00:00,38.935
2032-10-01 00:00:00,37.775
2032-10-01 12:00:00,37.803
2032-10-02 00:00:00,39.924
2032-10-02 12:00:00,39.859
2032-10-03 00:00:00,39.401
2032-10-03 12:00:00,38.804
2032-10-04 00:00:00,40.865
2032-10-04 12:00:00,39.709
2032-10-05 00:00:00,39.309
2032-10-05 12:00:00,41.077
2032-10-06 00:00:00,39.129
2032-10-06 12:00:00,40.838
2032-10-07 00:00:00,40.499
2032-10-07 12:00:00,38.674
2032-10-08 00:00:00,39.177
2032-10-08 12:00:00,39.704
2032-10-09 00:00:00,38.271
2032-10-09 12:00:00,38.157
2032-10-10 00:00:00,5036.777
2032-10-10 12:00:00,37.927
2032-10-11 00:00:00,39.625
2032-10-11 12:00:00,40.323
2032-10-12 00:00:00,38.194
2032-10-12 12:00:00,37.197
2032-10-13 00:00:00,10030.246
2032-10-13 12:00:00,34.349
2032-10-14 00:00:00,5033.9
2032-10-14 12:00:00,5035.243
2032-10-15 00:00:00,36.029
2032-10-15 12:00:00,38.217
2032-10-16 00:00:00,39.232
2032-10-16 12:00:00,5037.57
2032-10-17 00:00:00,10035.874
2032-10-17 12:00:00,5041.082
2032-10-18 00:00:00,35.311
2032-10-18 12:00:00,32.194
2032-10-19 00:00:00,36.029
2032-10-19 12:00:00,34.035
2032-10-20 00:00:00,33.605
2032-10-20 12:00:00,34.475
2032-10-21 00:00:00,34.562
2032-10-21 12:00:00,35.564
2032-10-22 00:00:00,38.865
2032-10-22 12:00:00,38.45
2032-10-23 00:00:00,38.985
2032-10-23 12:00:00,38.412
2032-10-24 00:00:00,40.616
2032-10-24 12:00:00,40.02
2032-10-25 00:00:00,35.262
2032-10-25 12:00:00,32.139
2032-10-26 00:00:00,32.314
2032-10-26 12:00:00,34.498
2032-10-27 00:00:00,33.264
2032-10-27 12:00:00,34.387
2032-10-28 00:00:00,37.603
2032-10-28 12:00:00,38.863
2032-10-29 00:00:00,38.837
2032-10-29 12:00:00,40.142
2032-10-30 00:00:00,41.35
2032-10-30 12:00:00,5031.144
2032-10-31 00:00:00,28.405
2032-10-31 12:00:00,30.851
2032-11-01 00:00:00,33.352
2032-11-01 12:00:00,34.099
2032-11-02 00:00:00,35.062
2032-11-02 12:00:00,36.473
2032-11-03 00:00:00,41.021
2032-11-03 12:00:00,42.986
2032-11-04 00:00:00,45.023
2032-11-04 12:00:00,45.417
2032-11-05 00:00:00,44.761
2032-11-05 12:00:00,39.155
2032-11-06 00:00:00,33.557
2032-11-06 12:00:00,31.839
2032-11-07 00:00:00,34.226
2032-11-07 12:00:00,36.607
2032-11-08 00:00:00,38.64
2032-11-08 12:00:00,40.081
2032-11-09 00:00:00,43.213
2032-11-09 12:00:00,44.112
2032-11-10 00:00:00,43.279
2032-11-10 12:00:00,41.977
2032-11-11 00:00:00,39.793
2032-11-11 12:00:00,36.749
2032-11-12 00:00:00,35.278
2032-11-12 12:00:00,32.91
2032-11-13 00:00:00,33.974
2032-11-13 12:00:00,37.4
2032-11-14 00:00:00,39.173
2032-11-14 12:00:00,40.096
2032-11-15 00:00:00,38.311
2032-11-15 12:00:00,40.386
2032-11-16 00:00:00,42.005
2032-11-16 12:00:00,42.844
2032-11-17 00:00:00,43.344
2032-11-17 12:00:00,44.442
2032-11-18 00:00:00,42.408
2032-11-18 12:00:00,39.404
2032-11-19 00:00:00,39.811
2032-11-19 12:00:00,41.171
2032-11-20 00:00:00,42.788
2032-11-20 12:00:00,43.309
2032-11-21 00:00:00,47.244
2032-11-21 12:00:00,46.586
2032-11-22 00:00:00,44.647
2032-11-22 12:00:00,43.654
2032-11-23 00:00:00,42.475
2032-11-23 12:00:00,42.753
2032-11-24 00:00:00,44.256
2032-11-24 12:00:00,42.501
2032-11-25 00:00:00,43.059
2032-11-25 12:00:00,43.418
2032-11-26 00:00:00,44.48
2032-11-26 12:00:00,43.496
2032-11-27 00:00:00,43.11
2032-11-27 12:00:00,44.129
2032-11-28 00:00:00,43.964
2032-11-28 12:00:00,5040.823
2032-11-29 00:00:00,43.507
2032-11-29 12:00:00,41.298
2032-11-30 00:00:00,37.218
2032-11-30 12:00:00,36.966
2032-12-01 00:00:00,35.917
2032-12-01 12:00:00,35.262
2032-12-02 00:00:00,34.57
2032-12-02 12:00:00,33.705
2032-12-03 00:00:00,39.163
2032-12-03 12:00:00,38.339
2032-12-04 00:00:00,36.737
2032-12-04 12:00:00,35.542
2032-12-05 00:00:00,33.016
2032-12-05 12:00:00,33.074
2032-12-06 00:00:00,33.737
2032-12-06 12:00:00,32.852
2032-12-07 00:00:00,31.912
2032-12-07 12:00:00,33.551
2032-12-08 00:00:00,35.192
2032-12-08 12:00:00,39.716
2032-12-09 00:00:00,39.297
2032-12-09 12:00:00,41.475
2032-12-10 00:00:00,44.713
2032-12-10 12:00:00,49.208
2032-12-11 00:00:00,49.136
2032-12-11 12:00:00,38.375
2032-12-12 00:00:00,34.975
2032-12-12 12:00:00,33.791
2032-12-13 00:00:00,35.74
2032-12-13 12:00:00,15031.064
2032-12-14 00:00:00,38.462
2032-12-14 12:00:00,39.733
2032-12-15 00:00:00,40.026
2032-12-15 12:00:00,42.369
2032-12-16 00:00:00,44.33
2032-12-16 12:00:00,47.357
2032-12-17 00:00:00,52.225
2032-12-17 12:00:00,48.59
2032-12-18 00:00:00,30.942
2032-12-18 12:00:00,31.596
2032-12-19 00:00:00,32.055
2032-12-19 12:00:00,32.621
2032-12-20 00:00:00,32.368
2032-12-20 12:00:00,34.242
2032-12-21 00:00:00,37.062
2032-12-21 12:00:00,39.652
2032-12-22 00:00:00,41.204
2032-12-22 12:00:00,41.066
2032-12-23 00:00:00,54.868
2032-12-23 12:00:00,30.249
2032-12-24 00:00:00,31.36
2032-12-24 12:00:00,30.187
2032-12-25 00:00:00,32.236
2032-12-25 12:00:00,33.35
2032-12-26 00:00:00,32.729
2032-12-26 12:00:00,31.595
2032-12-27 00:00:00,33.298
2032-12-27 12:00:00,35.425
2032-12-28 00:00:00,37.501
2032-12-28 12:00:00,50.228
2032-12-29 00:00:00,66.555
2032-12-29 12:00:00,55.38
2032-12-30 00:00:00,24.8
2032-12-30 12:00:00,25.501
2032-12-31 00:00:00,29.265
2032-12-31 12:00:00,31.761
2033-01-01 00:00:00,31.473
2033-01-01 12:00:00,30.9
2033-01-02 00:00:00,30.18
2033-01-02 12:00:00,5027.058
2033-01-03 00:00:00,27.263
2033-01-03 12:00:00,22.343
2033-01-04 00:00:00,66.958
2033-01-04 12:00:00,54.132
2033-01-05 00:00:00,22.886
2033-01-05 12:00:00,25.752
2033-01-06 00:00:00,28.313
2033-01-06 12:00:00,30.53
2033-01-07 00:00:00,30.211
2033-01-07 12:00:00,29.786
2033-01-08 00:00:00,5028.946
2033-01-08 12:00:00,28.192
2033-01-09 00:00:00,23.324
2033-01-09 12:00:00,64.671
2033-01-10 00:00:00,73.641
2033-01-10 12:00:00,5071.153
2033-01-11 00:00:00,5026.701
2033-01-11 12:00:00,25.187
2033-01-12 00:00:00,10024.464
2033-01-12 12:00:00,5027.505
2033-01-13 00:00:00,10026.097
2033-01-13 12:00:00,5027.929
2033-01-14 00:00:00,29.387
2033-01-14 12:00:00,5027.306
2033-01-15 00:00:00,15024.665
2033-01-15 12:00:00,30.109
2033-01-16 00:00:00,30.121
2033-01-16 12:00:00,5027.716
2033-01-17 00:00:00,29.267
2033-01-17 12:00:00,31.605
2033-01-18 00:00:00,10028.209
2033-01-18 12:00:00,15026.914
2033-01-19 00:00:00,10029.154
2033-01-19 12:00:00,32.377
2033-01-20 00:00:00,10030.237
2033-01-20 12:00:00,34.312
2033-01-21 00:00:00,35.244
2033-01-21 12:00:00,33.91
2033-01-22 00:00:00,5025.474
2033-01-22 12:00:00,5024.895
2033-01-23 00:00:00,26.598
2033-01-23 12:00:00,29.625
2033-01-24 00:00:00,27.365
2033-01-24 12:00:00,31.799
2033-01-25 00:00:00,31.988
2033-01-25 12:00:00,33.854
2033-01-26 00:00:00,35.582
2033-01-26 12:00:00,34.785
2033-01-27 00:00:00,5035.432
2033-01-27 12:00:00,15045.32
2033-01-28 00:00:00,56.333
2033-01-28 12:00:00,26.659
2033-01-29 00:00:00,29.358
2033-01-29 12:00:00,30.169
2033-01-30 00:00:00,31.872
2033-01-30 12:00:00,33.652
2033-01-31 00:00:00,32.416
2033-01-31 12:00:00,36.571
2033-02-01 00:00:00,41.259
2033-02-01 12:00:00,42.881
2033-02-02 00:00:00,43.962
2033-02-02 12:00:00,45.633
2033-02-03 00:00:00,54.278
2033-02-03 12:00:00,43.893
2033-02-04 00:00:00,30.086
2033-02-04 12:00:00,33.263
2033-02-05 00:00:00,34.468
2033-02-05 12:00:00,36.616
2033-02-06 00:00:00,38.008
2033-02-06 12:00:00,40.307
2033-02-07 00:00:00,41.399
2033-02-07 12:00:00,5040.428
2033-02-08 00:00:00,43.162
2033-02-08 12:00:00,45.662
2033-02-09 00:00:00,42.488
2033-02-09 12:00:00,40.759
2033-02-10 00:00:00,40.561
2033-02-10 12:00:00,42.023
2033-02-11 00:00:00,41.588
2033-02-11 12:00:00,40.606
2033-02-12 00:00:00,40.347
2033-02-12 12:00:00,40.243
2033-02-13 00:00:00,42.311
2033-02-13 12:00:00,42.833
2033-02-14 00:00:00,43.632
2033-02-14 12:00:00,43.131
2033-02-15 00:00:00,41.507
2033-02-15 12:00:00,40.914
2033-02-16 00:00:00,39.644
2033-02-16 12:00:00,39.327
2033-02-17 00:00:00,39.957
2033-02-17 12:00:00,41.011
2033-02-18 00:00:00,41.576
2033-02-18 12:00:00,42.136
2033-02-19 00:00:00,40.877
2033-02-19 12:00:00,40.748
2033-02-20 00:00:00,40.711
2033-02-20 12:00:00,39.803
2033-02-21 00:00:00,40.131
2033-02-21 12:00:00,39.571
2033-02-22 00:00:00,40.605
2033-02-22 12:00:00,38.079
2033-02-23 00:00:00,34.838
2033-02-23 12:00:00,35.237
2033-02-24 00:00:00,36.99
2033-02-24 12:00:00,37.265
2033-02-25 00:00:00,37.521
2033-02-25 12:00:00,39.435
2033-02-26 00:00:00,5039.434
2033-02-26 12:00:00,42.792
2033-02-27 00:00:00,39.678
2033-02-27 12:00:00,36.743
2033-02-28 00:00:00,41.987
2033-02-28 12:00:00,42.589
2033-03-01 00:00:00,40.901
2033-03-01 12:00:00,34.72
2033-03-02 00:00:00,33.266
2033-03-02 12:00:00,32.271
2033-03-03 00:00:00,31.456
2033-03-03 12:00:00,31.979
2033-03-04 00:00:00,34.966
2033-03-04 12:00:00,36.975
2033-03-05 00:00:00,36.777
2033-03-05 12:00:00,38.368
2033-03-06 00:00:00,36.183
2033-03-06 12:00:00,5032.426
2033-03-07 00:00:00,33.379
2033-03-07 12:00:00,31.699
2033-03-08 00:00:00,33.108
2033-03-08 12:00:00,33.95
2033-03-09 00:00:00,33.495
2033-03-09 12:00:00,33.101
2033-03-10 00:00:00,31.222
2033-03-10 12:00:00,29.291
2033-03-11 00:00:00,28.293
2033-03-11 12:00:00,28.877
2033-03-12 00:00:00,29.046
2033-03-12 12:00:00,28.456
2033-03-13 00:00:00,20022.964
2033-03-13 12:00:00,29.405
2033-03-14 00:00:00,27.641
2033-03-14 12:00:00,29.558
2033-03-15 00:00:00,30.11
2033-03-15 12:00:00,30.874
2033-03-16 00:00:00,31.693
2033-03-16 12:00:00,29.767
2033-03-17 00:00:00,54.016
2033-03-17 12:00:00,28.618
2033-03-18 00:00:00,25.762
2033-03-18 12:00:00,24.501
2033-03-19 00:00:00,27.955
2033-03-19 12:00:00,31.3
2033-03-20 00:00:00,29.839
2033-03-20 12:00:00,27.824
2033-03-21 00:00:00,30.906
2033-03-21 12:00:00,30.215
2033-03-22 00:00:00,27.176
2033-03-22 12:00:00,26.659
2033-03-23 00:00:00,26.087
2033-03-23 12:00:00,50.816
2033-03-24 00:00:00,42.238
2033-03-24 12:00:00,5022.157
2033-03-25 00:00:00,5024.022
2033-03-25 12:00:00,28.451
2033-03-26 00:00:00,29.001
2033-03-26 12:00:00,30.536
2033-03-27 00:00:00,31.171
2033-03-27 12:00:00,31.015
2033-03-28 00:00:00,26.325
2033-03-28 12:00:00,45.118
2033-03-29 00:00:00,55.689
2033-03-29 12:00:00,74.722
2033-03-30 00:00:00,54.16
2033-03-30 12:00:00,22.955
2033-03-31 00:00:00,5023.067
2033-03-31 12:00:00,25.436
2033-04-01 00:00:00,5033.004
2033-04-01 12:00:00,24.852
2033-04-02 00:00:00,22.074
2033-04-02 12:00:00,61.294
2033-04-03 00:00:00,67.732
2033-04-03 12:00:00,68.813
2033-04-04 00:00:00,63.54
2033-04-04 12:00:00,63.614
2033-04-05 00:00:00,62.316
2033-04-05 12:00:00,44.832
2033-04-06 00:00:00,40.498
2033-04-06 12:00:00,41.148
2033-04-07 00:00:00,43.373
2033-04-07 12:00:00,44.922
2033-04-08 00:00:00,48.012
2033-04-08 12:00:00,51.336
2033-04-09 00:00:00,51.576
2033-04-09 12:00:00,50.846
2033-04-10 00:00:00,50.499
2033-04-10 12:00:00,50.229
2033-04-11 00:00:00,48.748
2033-04-11 12:00:00,45.36
2033-04-12 00:00:00,43.866
2033-04-12 12:00:00,45.045
2033-04-13 00:00:00,5043.034
2033-04-13 12:00:00,46.624
2033-04-14 00:00:00,47.394
2033-04-14 12:00:00,48.149
2033-04-15 00:00:00,5047.269
2033-04-15 12:00:00,49.37
2033-04-16 00:00:00,48.618
2033-04-16 12:00:00,49.182
2033-04-17 00:00:00,47.906
2033-04-17 12:00:00,45.558
2033-04-18 00:00:00,43.771
2033-04-18 12:00:00,44.353
2033-04-19 00:00:00,43.629
2033-04-19 12:00:00,5041.686
2033-04-20 00:00:00,44.076
2033-04-20 12:00:00,45.599
2033-04-21 00:00:00,45.326
2033-04-21 12:00:00,5042.258
2033-04-22 00:00:00,10039.1
2033-04-22 12:00:00,41.784
2033-04-23 00:00:00,5039.734
2033-04-23 12:00:00,5040.142
2033-04-24 00:00:00,41.25
2033-04-24 12:00:00,40.727
2033-04-25 00:00:00,5038.25
2033-04-25 12:00:00,40.403
2033-04-26 00:00:00,39.699
2033-04-26 12:00:00,38.973
2033-04-27 00:00:00,20030.805
2033-04-27 12:00:00,15033.624
2033-04-28 00:00:00,10035.909
2033-04-28 12:00:00,38.902
2033-04-29 00:00:00,37.876
2033-04-29 12:00:00,37.422
2033-04-30 00:00:00,5035.182
2033-04-30 12:00:00,36.402
2033-05-01 00:00:00,36.897
2033-05-01 12:00:00,36.869
2033-05-02 00:00:00,5035.991
2033-05-02 12:00:00,38.45
2033-05-03 00:00:00,40.136
2033-05-03 12:00:00,38.551
2033-05-04 00:00:00,38.717
2033-05-04 12:00:00,5036.847
2033-05-05 00:00:00,38.127
2033-05-05 12:00:00,38.415
2033-05-06 00:00:00,37.619
2033-05-06 12:00:00,36.674
2033-05-07 00:00:00,36.658
2033-05-07 12:00:00,37.785
2033-05-08 00:00:00,5036.454
2033-05-08 12:00:00,5036.642
2033-05-09 00:00:00,5037.961
2033-05-09 12:00:00,39.068
2033-05-10 00:00:00,36.229
2033-05-10 12:00:00,35.69
2033-05-11 00:00:00,36.094
2033-05-11 12:00:00,33.476
2033-05-12 00:00:00,35.316
2033-05-12 12:00:00,5035.762
2033-05-13 00:00:00,38.814
2033-05-13 12:00:00,38.851
2033-05-14 00:00:00,40.044
2033-05-14 12:00:00,41.411
2033-05-15 00:00:00,41.609
2033-05-15 12:00:00,5037.626
2033-05-16 00:00:00,43.933
2033-05-16 12:00:00,46.973
2033-05-17 00:00:00,39.757
2033-05-17 12:00:00,38.303
2033-05-18 00:00:00,36.348
2033-05-18 12:00:00,36.636
2033-05-19 00:00:00,36.411
2033-05-19 12:00:00,36.688
2033-05-20 00:00:00,38.308
2033-05-20 12:00:00,41.018
2033-05-21 00:00:00,41.687
2033-05-21 12:00:00,41.736
2033-05-22 00:00:00,42.428
2033-05-22 12:00:00,48.187
2033-05-23 00:00:00,39.726
2033-05-23 12:00:00,38.094
2033-05-24 00:00:00,36.525
2033-05-24 12:00:00,36.744
2033-05-25 00:00:00,36.491
2033-05-25 12:00:00,5036.545
2033-05-26 00:00:00,40.945
2033-05-26 12:00:00,41.633
2033-05-27 00:00:00,43.29
2033-05-27 12:00:00,41.919
2033-05-28 00:00:00,36.825
2033-05-28 12:00:00,33.611
2033-05-29 00:00:00,33.109
2033-05-29 12:00:00,33.29
2033-05-30 00:00:00,32.644
2033-05-30 12:00:00,33.382
2033-05-31 00:00:00,30.988
2033-05-31 12:00:00,33.284
2033-06-01 00:00:00,5034.371
2033-06-01 12:00:00,41.326
2033-06-02 00:00:00,44.348
2033-06-02 12:00:00,51.574
2033-06-03 00:00:00,56.014
2033-06-03 12:00:00,49.387
2033-06-04 00:00:00,41.225
2033-06-04 12:00:00,34.955
2033-06-05 00:00:00,35.387
2033-06-05 12:00:00,36.676
2033-06-06 00:00:00,40.386
2033-06-06 12:00:00,5040.105
2033-06-07 00:00:00,5040.92
2033-06-07 12:00:00,5040.69
2033-06-08 00:00:00,43.144
2033-06-08 12:00:00,42.902
2033-06-09 00:00:00,42.21
2033-06-09 12:00:00,40.669
2033-06-10 00:00:00,5034.849
2033-06-10 12:00:00,37.708
2033-06-11 00:00:00,25026.225
2033-06-11 12:00:00,35.312
2033-06-12 00:00:00,37.14
2033-06-12 12:00:00,39.563
2033-06-13 00:00:00,5038.606
2033-06-13 12:00:00,41.727
2033-06-14 00:00:00,41.834
2033-06-14 12:00:00,41.537
2033-06-15 00:00:00,10037.606
2033-06-15 12:00:00,41.492
2033-06-16 00:00:00,10036.324
2033-06-16 12:00:00,5035.343
2033-06-17 00:00:00,34.931
2033-06-17 12:00:00,5034.748
2033-06-18 00:00:00,35.732
2033-06-18 12:00:00,35.648
2033-06-19 00:00:00,36.936
2033-06-19 12:00:00,38.968
2033-06-20 00:00:00,39.267
2033-06-20 12:00:00,5037.5
2033-06-21 00:00:00,5036.911
2033-06-21 12:00:00,38.749
2033-06-22 00:00:00,10034.239
2033-06-22 12:00:00,38.508
2033-06-23 00:00:00,5036.301
2033-06-23 12:00:00,5035.335
2033-06-24 00:00:00,36.364
2033-06-24 12:00:00,5034.387
2033-06-25 00:00:00,36.892
2033-06-25 12:00:00,37.848
2033-06-26 00:00:00,5036.093
2033-06-26 12:00:00,37.858
2033-06-27 00:00:00,37.996
2033-06-27 12:00:00,37.497
2033-06-28 00:00:00,37.33
2033-06-28 12:00:00,37.785
2033-06-29 00:00:00,37.502
2033-06-29 12:00:00,36.732
2033-06-30 00:00:00,36.996
2033-06-30 12:00:00,36.592
2033-07-01 00:00:00,37.818
2033-07-01 12:00:00,39.229
2033-07-02 00:00:00,5038.212
2033-07-02 12:00:00,38.936
2033-07-03 00:00:00,34.29
2033-07-03 12:00:00,32.939
2033-07-04 00:00:00,30.651
2033-07-04 12:00:00,30.652
2033-07-05 00:00:00,30.944
2033-07-05 12:00:00,31.937
2033-07-06 00:00:00,33.512
2033-07-06 12:00:00,34.691
2033-07-07 00:00:00,35.032
2033-07-07 12:00:00,35.198
2033-07-08 00:00:00,36.381
2033-07-08 12:00:00,32.61
2033-07-09 00:00:00,30.131
2033-07-09 12:00:00,24.861
2033-07-10 00:00:00,25.944
2033-07-10 12:00:00,26.206
2033-07-11 00:00:00,29.457
2033-07-11 12:00:00,30.712
2033-07-12 00:00:00,31.791
2033-07-12 12:00:00,31.356
2033-07-13 00:00:00,5029.936
2033-07-13 12:00:00,34.045
2033-07-14 00:00:00,27.847
2033-07-14 12:00:00,27.529
2033-07-15 00:00:00,50.628
2033-07-15 12:00:00,24.86
2033-07-16 00:00:00,24.711
2033-07-16 12:00:00,22.842
2033-07-17 00:00:00,31.036
2033-07-17 12:00:00,32.045
2033-07-18 00:00:00,32.072
2033-07-18 12:00:00,30.893
2033-07-19 00:00:00,32.734
2033-07-19 12:00:00,34.804
2033-07-20 00:00:00,27.119
2033-07-20 12:00:00,22.852
2033-07-21 00:00:00,21.83
2033-07-21 12:00:00,23.172
2033-07-22 00:00:00,23.941
2033-07-22 12:00:00,10023.818
2033-07-23 00:00:00,28.75
2033-07-23 12:00:00,30.141
2033-07-24 00:00:00,31.954
2033-07-24 12:00:00,34.06
2033-07-25 00:00:00,33.025
2033-07-25 12:00:00,33.721
2033-07-26 00:00:00,15030.055
2033-07-26 12:00:00,37.214
2033-07-27 00:00:00,51.162
2033-07-27 12:00:00,29.707
2033-07-28 00:00:00,26.333
2033-07-28 12:00:00,26.221
2033-07-29 00:00:00,28.217
2033-07-29 12:00:00,29.235
2033-07-30 00:00:00,5029.179
2033-07-30 12:00:00,31.879
2033-07-31 00:00:00,31.346
2033-07-31 12:00:00,30.816
2033-08-01 00:00:00,27.918
2033-08-01 12:00:00,51.407
2033-08-02 00:00:00,71.963
2033-08-02 12:00:00,76.18
2033-08-03 00:00:00,73.805
2033-08-03 12:00:00,43.275
2033-08-04 00:00:00,24.964
2033-08-04 12:00:00,25.121
2033-08-05 00:00:00,40.385
2033-08-05 12:00:00,65.581
2033-08-06 00:00:00,76.494
2033-08-06 12:00:00,76.556
2033-08-07 00:00:00,75.439
2033-08-07 12:00:00,74.796
2033-08-08 00:00:00,74.344
2033-08-08 12:00:00,73.016
2033-08-09 00:00:00,22.986
2033-08-09 12:00:00,21.477
2033-08-10 00:00:00,5024.85
2033-08-10 12:00:00,29.851
2033-08-11 00:00:00,32.756
2033-08-11 12:00:00,34.679
2033-08-12 00:00:00,35.848
2033-08-12 12:00:00,38.237
2033-08-13 00:00:00,40.112
2033-08-13 12:00:00,40.684
2033-08-14 00:00:00,41.322
2033-08-14 12:00:00,41.247
2033-08-15 00:00:00,40.491
2033-08-15 12:00:00,40.217
2033-08-16 00:00:00,40.03
2033-08-16 12:00:00,40.489
2033-08-17 00:00:00,41.036
2033-08-17 12:00:00,42.023
2033-08-18 00:00:00,5040.574
2033-08-18 12:00:00,43.761
2033-08-19 00:00:00,43.971
2033-08-19 12:00:00,44.728
2033-08-20 00:00:00,44.748
2033-08-20 12:00:00,44.502
2033-08-21 00:00:00,5041.074
2033-08-21 12:00:00,42.358
2033-08-22 00:00:00,41.928
2033-08-22 12:00:00,41.419
2033-08-23 00:00:00,41.829
2033-08-23 12:00:00,42.049
2033-08-24 00:00:00,44.219
2033-08-24 12:00:00,5043.427
2033-08-25 00:00:00,45.895
2033-08-25 12:00:00,44.617
2033-08-26 00:00:00,44.047
2033-08-26 12:00:00,40.788
2033-08-27 00:00:00,69.086
2033-08-27 12:00:00,77.432
2033-08-28 00:00:00,75.843
2033-08-28 12:00:00,73.944
2033-08-29 00:00:00,5068.799
2033-08-29 12:00:00,75.49
2033-08-30 00:00:00,10069.023
2033-08-30 12:00:00,76.059
2033-08-31 00:00:00,5072.307
2033-08-31 12:00:00,5072.008
2033-09-01 00:00:00,75.246
2033-09-01 12:00:00,74.175
2033-09-02 00:00:00,73.01
2033-09-02 12:00:00,69.666
2033-09-03 00:00:00,69.425
2033-09-03 12:00:00,62.416
2033-09-04 00:00:00,51.846
2033-09-04 12:00:00,69.035
2033-09-05 00:00:00,31.221
2033-09-05 12:00:00,39.195
2033-09-06 00:00:00,72.631
2033-09-06 12:00:00,72.477
2033-09-07 00:00:00,72.217
2033-09-07 12:00:00,73.732
2033-09-08 00:00:00,40.008
2033-09-08 12:00:00,27.029
2033-09-09 00:00:00,15018.473
2033-09-09 12:00:00,26.362
2033-09-10 00:00:00,27.728
2033-09-10 12:00:00,30.497
2033-09-11 00:00:00,32.981
2033-09-11 12:00:00,38.019
2033-09-12 00:00:00,45.179
2033-09-12 12:00:00,49.408
2033-09-13 00:00:00,48.119
2033-09-13 12:00:00,44.334
2033-09-14 00:00:00,38.622
2033-09-14 12:00:00,36.544
2033-09-15 00:00:00,35.171
2033-09-15 12:00:00,34.256
2033-09-16 00:00:00,34.63
2033-09-16 12:00:00,36.02
2033-09-17 00:00:00,39.887
2033-09-17 12:00:00,43.681
2033-09-18 00:00:00,44.794
2033-09-18 12:00:00,43.934
2033-09-19 00:00:00,43.496
2033-09-19 12:00:00,42.843
2033-09-20 00:00:00,42.719
2033-09-20 12:00:00,40.429
2033-09-21 00:00:00,37.12
2033-09-21 12:00:00,35.886
2033-09-22 00:00:00,37.822
2033-09-22 12:00:00,39.834
2033-09-23 00:00:00,42.661
2033-09-23 12:00:00,44.048
2033-09-24 00:00:00,45.233
2033-09-24 12:00:00,59.578
2033-09-25 00:00:00,70.966
2033-09-25 12:00:00,73.659
2033-09-26 00:00:00,59.192
2033-09-26 12:00:00,71.755
2033-09-27 00:00:00,73.342
2033-09-27 12:00:00,75.26
2033-09-28 00:00:00,73.647
2033-09-28 12:00:00,57.938
2033-09-29 00:00:00,72.68
2033-09-29 12:00:00,73.503
2033-09-30 00:00:00,72.915
2033-09-30 12:00:00,73.789
2033-10-01 00:00:00,72.186
2033-10-01 12:00:00,73.063
2033-10-02 00:00:00,75.065
2033-10-02 12:00:00,56.948
2033-10-03 00:00:00,5070.063
2033-10-03 12:00:00,15063.444
2033-10-04 00:00:00,74.169
2033-10-04 12:00:00,72.973
2033-10-05 00:00:00,65.545
2033-10-05 12:00:00,35.91
2033-10-06 00:00:00,73.028
2033-10-06 12:00:00,41.234
2033-10-07 00:00:00,71.113
2033-10-07 12:00:00,5060.772
2033-10-08 00:00:00,19.619
2033-10-08 12:00:00,22.532
2033-10-09 00:00:00,28.382
2033-10-09 12:00:00,30.332
2033-10-10 00:00:00,32.886
2033-10-10 12:00:00,35.538
2033-10-11 00:00:00,38.269
2033-10-11 12:00:00,40.201
2033-10-12 00:00:00,40.374
2033-10-12 12:00:00,42.066
2033-10-13 00:00:00,43.915
2033-10-13 12:00:00,29.399
2033-10-14 00:00:00,31.062
2033-10-14 12:00:00,38.172
2033-10-15 00:00:00,37.333
2033-10-15 12:00:00,34.759
2033-10-16 00:00:00,38.042
2033-10-16 12:00:00,40.733
2033-10-17 00:00:00,42.888
2033-10-17 12:00:00,44.514
2033-10-18 00:00:00,43.354
2033-10-18 12:00:00,41.477
2033-10-19 00:00:00,39.963
2033-10-19 12:00:00,38.661
2033-10-20 00:00:00,37.148
2033-10-20 12:00:00,38.812
2033-10-21 00:00:00,39.25
2033-10-21 12:00:00,40.47
2033-10-22 00:00:00,42.97
2033-10-22 12:00:00,43.384
2033-10-23 00:00:00,10039.091
2033-10-23 12:00:00,15036.629
2033-10-24 00:00:00,5044.85
2033-10-24 12:00:00,5047.88
2033-10-25 00:00:00,58.288
2033-10-25 12:00:00,62.573
2033-10-26 00:00:00,72.814
2033-10-26 12:00:00,26.628
2033-10-27 00:00:00,21.319
2033-10-27 12:00:00,5019.801
2033-10-28 00:00:00,22.199
2033-10-28 12:00:00,27.361
2033-10-29 00:00:00,52.539
2033-10-29 12:00:00,24.272
2033-10-30 00:00:00,25.581
2033-10-30 12:00:00,25.348
2033-10-31 00:00:00,24.84
2033-10-31 12:00:00,5024.189
2033-11-01 00:00:00,5025.527
2033-11-01 12:00:00,10023.277
2033-11-02 00:00:00,27.21
2033-11-02 12:00:00,10024.855
2033-11-03 00:00:00,29.592
2033-11-03 12:00:00,5030.29
2033-11-04 00:00:00,5032.362
2033-11-04 12:00:00,35.855
2033-11-05 00:00:00,35.448
2033-11-05 12:00:00,5033.154
2033-11-06 00:00:00,35.911
2033-11-06 12:00:00,5035.188
2033-11-07 00:00:00,37.844
2033-11-07 12:00:00,5035.108
2033-11-08 00:00:00,36.617
2033-11-08 12:00:00,36.924
2033-11-09 00:00:00,5035.31
2033-11-09 12:00:00,5036.23
2033-11-10 00:00:00,5036.848
2033-11-10 12:00:00,37.805
2033-11-11 00:00:00,34.823
2033-11-11 12:00:00,33.27
2033-11-12 00:00:00,5031.325
2033-11-12 12:00:00,32.862
2033-11-13 00:00:00,31.287
2033-11-13 12:00:00,10029.756
2033-11-14 00:00:00,27.075
2033-11-14 12:00:00,5030.15
2033-11-15 00:00:00,5027.732
2033-11-15 12:00:00,36.209
2033-11-16 00:00:00,37.665
2033-11-16 12:00:00,61.685
2033-11-17 00:00:00,72.143
2033-11-17 12:00:00,70.831
2033-11-18 00:00:00,69.843
2033-11-18 12:00:00,69.897
2033-11-19 00:00:00,68.888
2033-11-19 12:00:00,69.598
2033-11-20 00:00:00,68.842
2033-11-20 12:00:00,68.601
2033-11-21 00:00:00,69.336
2033-11-21 12:00:00,70.799
2033-11-22 00:00:00,69.5
2033-11-22 12:00:00,68.169
2033-11-23 00:00:00,64.661
2033-11-23 12:00:00,61.927
2033-11-24 00:00:00,64.565
2033-11-24 12:00:00,66.497
2033-11-25 00:00:00,66.929
2033-11-25 12:00:00,69.666
2033-11-26 00:00:00,69.423
2033-11-26 12:00:00,69.665
2033-11-27 00:00:00,68.234
2033-11-27 12:00:00,56.799
2033-11-28 00:00:00,45.88
2033-11-28 12:00:00,38.046
2033-11-29 00:00:00,40.233
2033-11-29 12:00:00,47.497
2033-11-30 00:00:00,52.132
2033-11-30 12:00:00,51.078
2033-12-01 00:00:00,29.44
2033-12-01 12:00:00,25.141
2033-12-02 00:00:00,33.639
2033-12-02 12:00:00,34.427
2033-12-03 00:00:00,34.771
2033-12-03 12:00:00,5035.278
2033-12-04 00:00:00,37.678
2033-12-04 12:00:00,38.453
2033-12-05 00:00:00,40.212
2033-12-05 12:00:00,41.432
2033-12-06 00:00:00,39.428
2033-12-06 12:00:00,35.269
2033-12-07 00:00:00,5034.237
2033-12-07 12:00:00,15026.454
2033-12-08 00:00:00,32.409
2033-12-08 12:00:00,31.785
2033-12-09 00:00:00,32.46
2033-12-09 12:00:00,32.436
2033-12-10 00:00:00,32.874
2033-12-10 12:00:00,30.926
2033-12-11 00:00:00,5030.444
2033-12-11 12:00:00,33.665
2033-12-12 00:00:00,31.7
2033-12-12 12:00:00,31.344
2033-12-13 00:00:00,34.054
2033-12-13 12:00:00,31.795
2033-12-14 00:00:00,29.295
2033-12-14 12:00:00,32.127
2033-12-15 00:00:00,33.204
2033-12-15 12:00:00,32.788
2033-12-16 00:00:00,34.207
2033-12-16 12:00:00,37.015
2033-12-17 00:00:00,39.339
2033-12-17 12:00:00,39.664
2033-12-18 00:00:00,37.725
2033-12-18 12:00:00,38.169
2033-12-19 00:00:00,24.231
2033-12-19 12:00:00,43.75
2033-12-20 00:00:00,73.195
2033-12-20 12:00:00,71.79
2033-12-21 00:00:00,71.73
2033-12-21 12:00:00,73.853
2033-12-22 00:00:00,71.488
2033-12-22 12:00:00,5067.824
2033-12-23 00:00:00,70.301
2033-12-23 12:00:00,69.47
2033-12-24 00:00:00,68.807
2033-12-24 12:00:00,67.4
2033-12-25 00:00:00,67.285
2033-12-25 12:00:00,67.034
2033-12-26 00:00:00,68.145
2033-12-26 12:00:00,68.61
2033-12-27 00:00:00,68.39
2033-12-27 12:00:00,70.929
2033-12-28 00:00:00,71.742
2033-12-28 12:00:00,71.632
2033-12-29 00:00:00,71.443
2033-12-29 12:00:00,70.381
2033-12-30 00:00:00,70.527
2033-12-30 12:00:00,71.81
2033-12-31 00:00:00,47.535
2033-12-31 12:00:00,17.631
2034-01-01 00:00:00,19.067
2034-01-01 12:00:00,18.915
2034-01-02 00:00:00,38.277
2034-01-02 12:00:00,69.845
2034-01-03 00:00:00,5067.321
2034-01-03 12:00:00,71.221
2034-01-04 00:00:00,71.097
2034-01-04 12:00:00,71.788
2034-01-05 00:00:00,70.173
2034-01-05 12:00:00,70.445
2034-01-06 00:00:00,59.138
2034-01-06 12:00:00,19.378
2034-01-07 00:00:00,20.535
2034-01-07 12:00:00,20.269
2034-01-08 00:00:00,19.97
2034-01-08 12:00:00,20.451
2034-01-09 00:00:00,20.128
2034-01-09 12:00:00,19.928
2034-01-10 00:00:00,64.867
2034-01-10 12:00:00,71.454
2034-01-11 00:00:00,72.594
2034-01-11 12:00:00,54.43
2034-01-12 00:00:00,17.148
2034-01-12 12:00:00,16.701
2034-01-13 00:00:00,14.838
2034-01-13 12:00:00,23.141
2034-01-14 00:00:00,5040.57
2034-01-14 12:00:00,56.856
2034-01-15 00:00:00,57.36
2034-01-15 12:00:00,54.911
2034-01-16 00:00:00,59.215
2034-01-16 12:00:00,66.222
2034-01-17 00:00:00,53.226
2034-01-17 12:00:00,21.985
2034-01-18 00:00:00,23.115
2034-01-18 12:00:00,25.784
2034-01-19 00:00:00,31.286
2034-01-19 12:00:00,32.062
2034-01-20 00:00:00,32.34
2034-01-20 12:00:00,36.621
2034-01-21 00:00:00,15033.723
2034-01-21 12:00:00,5037.999
2034-01-22 00:00:00,37.003
2034-01-22 12:00:00,31.978
2034-01-23 00:00:00,26.606
2034-01-23 12:00:00,23.037
2034-01-24 00:00:00,22.459
2034-01-24 12:00:00,23.113
2034-01-25 00:00:00,22.485
2034-01-25 12:00:00,25.256
2034-01-26 00:00:00,27.985
2034-01-26 12:00:00,30.654
2034-01-27 00:00:00,32.884
2034-01-27 12:00:00,31.205
2034-01-28 00:00:00,27.455
2034-01-28 12:00:00,25.039
2034-01-29 00:00:00,26.938
2034-01-29 12:00:00,27.577
2034-01-30 00:00:00,27.384
2034-01-30 12:00:00,27.971
2034-01-31 00:00:00,27.687
2034-01-31 12:00:00,28.102
2034-02-01 00:00:00,27.695
2034-02-01 12:00:00,29.312
2034-02-02 00:00:00,30.287
2034-02-02 12:00:00,31.136
2034-02-03 00:00:00,5031.02
2034-02-03 12:00:00,5026.946
2034-02-04 00:00:00,19.104
2034-02-04 12:00:00,18.083
2034-02-05 00:00:00,26.125
2034-02-05 12:00:00,29.128
2034-02-06 00:00:00,30.356
2034-02-06 12:00:00,41.357
2034-02-07 00:00:00,32.031
2034-02-07 12:00:00,73.694
2034-02-08 00:00:00,5071.407
2034-02-08 12:00:00,72.979
2034-02-09 00:00:00,72.108
2034-02-09 12:00:00,70.056
2034-02-10 00:00:00,69.626
2034-02-10 12:00:00,68.859
2034-02-11 00:00:00,68.964
2034-02-11 12:00:00,67.711
2034-02-12 00:00:00,5064.061
2034-02-12 12:00:00,68.784
2034-02-13 00:00:00,68.807
2034-02-13 12:00:00,69.142
2034-02-14 00:00:00,69.691
2034-02-14 12:00:00,68.713
2034-02-15 00:00:00,69.199
2034-02-15 12:00:00,70.432
2034-02-16 00:00:00,68.936
2034-02-16 12:00:00,68.213
2034-02-17 00:00:00,64.004
2034-02-17 12:00:00,54.201
2034-02-18 00:00:00,23.119
2034-02-18 12:00:00,20.762
2034-02-19 00:00:00,23.523
2034-02-19 12:00:00,25.04
2034-02-20 00:00:00,36.148
2034-02-20 12:00:00,58.891
2034-02-21 00:00:00,63.923
2034-02-21 12:00:00,65.171
2034-02-22 00:00:00,66.814
2034-02-22 12:00:00,59.262
2034-02-23 00:00:00,18.66
2034-02-23 12:00:00,22.741
2034-02-24 00:00:00,24.775
2034-02-24 12:00:00,22.566
2034-02-25 00:00:00,20.589
2034-02-25 12:00:00,38.18
2034-02-26 00:00:00,39.532
2034-02-26 12:00:00,40.202
2034-02-27 00:00:00,39.457
2034-02-27 12:00:00,38.94
2034-02-28 00:00:00,37.672
2034-02-28 12:00:00,36.314
2034-03-01 00:00:00,37.04
2034-03-01 12:00:00,37.19
2034-03-02 00:00:00,27.581
2034-03-02 12:00:00,18.012
2034-03-03 00:00:00,70.315
2034-03-03 12:00:00,74.35
2034-03-04 00:00:00,72.659
2034-03-04 12:00:00,71.313
2034-03-05 00:00:00,70.048
2034-03-05 12:00:00,70.296
2034-03-06 00:00:00,68.707
2034-03-06 12:00:00,67.518
2034-03-07 00:00:00,20053.487
2034-03-07 12:00:00,65.509
2034-03-08 00:00:00,67.002
2034-03-08 12:00:00,67.274
2034-03-09 00:00:00,69.222
2034-03-09 12:00:00,69.45
2034-03-10 00:00:00,69.091
2034-03-10 12:00:00,68.595
2034-03-11 00:00:00,68.852
2034-03-11 12:00:00,68.697
2034-03-12 00:00:00,67.233
2034-03-12 12:00:00,66.9
2034-03-13 00:00:00,64.501
2034-03-13 12:00:00,63.941
2034-03-14 00:00:00,63.577
2034-03-14 12:00:00,65.616
2034-03-15 00:00:00,66.845
2034-03-15 12:00:00,66.318
2034-03-16 00:00:00,66.074
2034-03-16 12:00:00,66.777
2034-03-17 00:00:00,64.99
2034-03-17 12:00:00,67.692
2034-03-18 00:00:00,65.405
2034-03-18 12:00:00,65.831
2034-03-19 00:00:00,66.625
2034-03-19 12:00:00,67.149
2034-03-20 00:00:00,69.188
2034-03-20 12:00:00,70.163
2034-03-21 00:00:00,71.342
2034-03-21 12:00:00,69.976
2034-03-22 00:00:00,66.746
2034-03-22 12:00:00,66.172
2034-03-23 00:00:00,66.657
2034-03-23 12:00:00,66.944
2034-03-24 00:00:00,68.4
2034-03-24 12:00:00,71.443
2034-03-25 00:00:00,70.36
2034-03-25 12:00:00,70.423
2034-03-26 00:00:00,46.172
2034-03-26 12:00:00,17.682
2034-03-27 00:00:00,17.487
2034-03-27 12:00:00,42.077
2034-03-28 00:00:00,67.453
2034-03-28 12:00:00,65.758
2034-03-29 00:00:00,64.195
2034-03-29 12:00:00,62.105
2034-03-30 00:00:00,65.657
2034-03-30 12:00:00,65.496
2034-03-31 00:00:00,21.352
2034-03-31 12:00:00,16.631
2034-04-01 00:00:00,19.022
2034-04-01 12:00:00,20.519
2034-04-02 00:00:00,21.061
2034-04-02 12:00:00,25.362
2034-04-03 00:00:00,31.076
2034-04-03 12:00:00,26.877
2034-04-04 00:00:00,38.41
2034-04-04 12:00:00,43.159
2034-04-05 00:00:00,54.317
2034-04-05 12:00:00,36.189
2034-04-06 00:00:00,17.901
2034-04-06 12:00:00,19.562
2034-04-07 00:00:00,23.009
2034-04-07 12:00:00,20.725
2034-04-08 00:00:00,19.79
2034-04-08 12:00:00,18.527
2034-04-09 00:00:00,17.81
2034-04-09 12:00:00,18.686
2034-04-10 00:00:00,40.686
2034-04-10 12:00:00,70.051
2034-04-11 00:00:00,66.393
2034-04-11 12:00:00,69.15
2034-04-12 00:00:00,33.917
2034-04-12 12:00:00,5021.203
2034-04-13 00:00:00,26.927
2034-04-13 12:00:00,27.412
2034-04-14 00:00:00,28.953
2034-04-14 12:00:00,31.084
2034-04-15 00:00:00,28.412
2034-04-15 12:00:00,29.553
2034-04-16 00:00:00,30.496
2034-04-16 12:00:00,43.298
2034-04-17 00:00:00,61.476
2034-04-17 12:00:00,24.677
2034-04-18 00:00:00,22.19
2034-04-18 12:00:00,21.129
2034-04-19 00:00:00,19.235
2034-04-19 12:00:00,21.654
2034-04-20 00:00:00,28.746
2034-04-20 12:00:00,32.122
2034-04-21 00:00:00,20029.626
2034-04-21 12:00:00,37.353
2034-04-22 00:00:00,37.167
2034-04-22 12:00:00,36.465
2034-04-23 00:00:00,35.018
2034-04-23 12:00:00,35.43
2034-04-24 00:00:00,10030.417
2034-04-24 12:00:00,15029.264
2034-04-25 00:00:00,33.978
2034-04-25 12:00:00,36.129
2034-04-26 00:00:00,37.761
2034-04-26 12:00:00,38.596
2034-04-27 00:00:00,39.409
2034-04-27 12:00:00,40.318
2034-04-28 00:00:00,39.807
2034-04-28 12:00:00,36.334
2034-04-29 00:00:00,5035.574
2034-04-29 12:00:00,38.507
2034-04-30 00:00:00,34.326
2034-04-30 12:00:00,34.202
2034-05-01 00:00:00,37.137
2034-05-01 12:00:00,37.486
2034-05-02 00:00:00,36.699
2034-05-02 12:00:00,38.342
2034-05-03 00:00:00,40.496
2034-05-03 12:00:00,38.224
2034-05-04 00:00:00,42.78
2034-05-04 12:00:00,39.514
2034-05-05 00:00:00,34.734
2034-05-05 12:00:00,29.781
2034-05-06 00:00:00,25.773
2034-05-06 12:00:00,28.706
2034-05-07 00:00:00,24.82
2034-05-07 12:00:00,53.882
2034-05-08 00:00:00,72.398
2034-05-08 12:00:00,71.069
2034-05-09 00:00:00,72.99
2034-05-09 12:00:00,72.721
2034-05-10 00:00:00,70.948
2034-05-10 12:00:00,69.975
2034-05-11 00:00:00,68.835
2034-05-11 12:00:00,69.144
2034-05-12 00:00:00,68.131
2034-05-12 12:00:00,67.724
2034-05-13 00:00:00,68.221
2034-05-13 12:00:00,41.631
2034-05-14 00:00:00,24.765
2034-05-14 12:00:00,31.251
2034-05-15 00:00:00,38.909
2034-05-15 12:00:00,44.868
2034-05-16 00:00:00,53.122
2034-05-16 12:00:00,57.013
2034-05-17 00:00:00,60.369
2034-05-17 12:00:00,59.753
2034-05-18 00:00:00,16.903
2034-05-18 12:00:00,22.044
2034-05-19 00:00:00,29.927
2034-05-19 12:00:00,33.266
2034-05-20 00:00:00,37.224
2034-05-20 12:00:00,40.705
2034-05-21 00:00:00,42.834
2034-05-21 12:00:00,42.036
2034-05-22 00:00:00,42.961
2034-05-22 12:00:00,42.854
2034-05-23 00:00:00,41.586
2034-05-23 12:00:00,42.443
2034-05-24 00:00:00,41.774
2034-05-24 12:00:00,39.044
2034-05-25 00:00:00,39.292
2034-05-25 12:00:00,40.253
2034-05-26 00:00:00,42.803
2034-05-26 12:00:00,42.283
2034-05-27 00:00:00,43.765
2034-05-27 12:00:00,5042.014
2034-05-28 00:00:00,43.335
2034-05-28 12:00:00,43.524
2034-05-29 00:00:00,42.915
2034-05-29 12:00:00,41.061
2034-05-30 00:00:00,38.215
2034-05-30 12:00:00,40.561
2034-05-31 00:00:00,41.85
2034-05-31 12:00:00,43.427
2034-06-01 00:00:00,43.945
2034-06-01 12:00:00,41.888
2034-06-02 00:00:00,42.883
2034-06-02 12:00:00,40.277
2034-06-03 00:00:00,26.103
2034-06-03 12:00:00,39.991
2034-06-04 00:00:00,21.727
2034-06-04 12:00:00,22.759
2034-06-05 00:00:00,23.373
2034-06-05 12:00:00,22.422
2034-06-06 00:00:00,10019.888
2034-06-06 12:00:00,10020.79
2034-06-07 00:00:00,22.782
2034-06-07 12:00:00,15024.449
2034-06-08 00:00:00,31.173
2034-06-08 12:00:00,50.405
2034-06-09 00:00:00,5061.94
2034-06-09 12:00:00,64.546
2034-06-10 00:00:00,5061.583
2034-06-10 12:00:00,66.407
2034-06-11 00:00:00,64.927
2034-06-11 12:00:00,67.483
2034-06-12 00:00:00,54.387
2034-06-12 12:00:00,19.922
2034-06-13 00:00:00,21.126
2034-06-13 12:00:00,26.351
2034-06-14 00:00:00,27.946
2034-06-14 12:00:00,51.876
2034-06-15 00:00:00,25.385
2034-06-15 12:00:00,37.318
2034-06-16 00:00:00,33.479
2034-06-16 12:00:00,33.826
2034-06-17 00:00:00,36.736
2034-06-17 12:00:00,37.309
2034-06-18 00:00:00,37.397
2034-06-18 12:00:00,37.112
2034-06-19 00:00:00,37.178
2034-06-19 12:00:00,36.719
2034-06-20 00:00:00,36.73
2034-06-20 12:00:00,39.239
2034-06-21 00:00:00,41.316
2034-06-21 12:00:00,43.531
2034-06-22 00:00:00,43.361
2034-06-22 12:00:00,42.9
2034-06-23 00:00:00,41.508
2034-06-23 12:00:00,42.467
2034-06-24 00:00:00,5041.327
2034-06-24 12:00:00,42.83
2034-06-25 00:00:00,5039.878
2034-06-25 12:00:00,40.225
2034-06-26 00:00:00,43.205
2034-06-26 12:00:00,42.701
2034-06-27 00:00:00,70.802
2034-06-27 12:00:00,70.164
2034-06-28 00:00:00,77.321
2034-06-28 12:00:00,75.165
2034-06-29 00:00:00,72.542
2034-06-29 12:00:00,70.804
2034-06-30 00:00:00,69.888
2034-06-30 12:00:00,71.335
2034-07-01 00:00:00,72.067
2034-07-01 12:00:00,73.217
2034-07-02 00:00:00,68.543
2034-07-02 12:00:00,72.818
2034-07-03 00:00:00,71.74
2034-07-03 12:00:00,70.583
2034-07-04 00:00:00,71.203
2034-07-04 12:00:00,52.494
2034-07-05 00:00:00,17.0
2034-07-05 12:00:00,17.467
2034-07-06 00:00:00,24.187
2034-07-06 12:00:00,26.972
2034-07-07 00:00:00,28.6
2034-07-07 12:00:00,35.117
2034-07-08 00:00:00,46.962
2034-07-08 12:00:00,53.741
2034-07-09 00:00:00,55.063
2034-07-09 12:00:00,5058.327
2034-07-10 00:00:00,59.241
2034-07-10 12:00:00,59.047
2034-07-11 00:00:00,26.453
2034-07-11 12:00:00,35.417
2034-07-12 00:00:00,36.136
2034-07-12 12:00:00,35.463
2034-07-13 00:00:00,38.309
2034-07-13 12:00:00,38.241
2034-07-14 00:00:00,37.288
2034-07-14 12:00:00,42.4
2034-07-15 00:00:00,44.916
2034-07-15 12:00:00,55.506
2034-07-16 00:00:00,61.916
2034-07-16 12:00:00,58.124
2034-07-17 00:00:00,29.195
2034-07-17 12:00:00,18.614
2034-07-18 00:00:00,22.397
2034-07-18 12:00:00,26.595
2034-07-19 00:00:00,26.575
2034-07-19 12:00:00,26.618
2034-07-20 00:00:00,28.834
2034-07-20 12:00:00,26.615
2034-07-21 00:00:00,33.125
2034-07-21 12:00:00,36.476
2034-07-22 00:00:00,34.222
2034-07-22 12:00:00,20027.023
2034-07-23 00:00:00,34.864
2034-07-23 12:00:00,33.988
2034-07-24 00:00:00,30.36
2034-07-24 12:00:00,32.149
2034-07-25 00:00:00,36.043
2034-07-25 12:00:00,38.892
2034-07-26 00:00:00,39.449
2034-07-26 12:00:00,37.327
2034-07-27 00:00:00,32.365
2034-07-27 12:00:00,52.188
2034-07-28 00:00:00,57.087
2034-07-28 12:00:00,58.301
2034-07-29 00:00:00,65.556
2034-07-29 12:00:00,70.067
2034-07-30 00:00:00,53.43
2034-07-30 12:00:00,26.256
2034-07-31 00:00:00,41.766
2034-07-31 12:00:00,65.018
2034-08-01 00:00:00,75.463
2034-08-01 12:00:00,66.047
2034-08-02 00:00:00,74.647
2034-08-02 12:00:00,72.808
2034-08-03 00:00:00,71.836
2034-08-03 12:00:00,61.696
2034-08-04 00:00:00,35.769
2034-08-04 12:00:00,18.998
2034-08-05 00:00:00,20.552
2034-08-05 12:00:00,21.565
2034-08-06 00:00:00,23.975
2034-08-06 12:00:00,29.2
2034-08-07 00:00:00,30.608
2034-08-07 12:00:00,33.091
2034-08-08 00:00:00,24.668
2034-08-08 12:00:00,24.419
2034-08-09 00:00:00,32.666
2034-08-09 12:00:00,38.211
2034-08-10 00:00:00,35.92
2034-08-10 12:00:00,35.532
2034-08-11 00:00:00,32.989
2034-08-11 12:00:00,34.292
2034-08-12 00:00:00,36.866
2034-08-12 12:00:00,38.317
2034-08-13 00:00:00,39.102
2034-08-13 12:00:00,39.327
2034-08-14 00:00:00,40.554
2034-08-14 12:00:00,42.431
2034-08-15 00:00:00,42.64
2034-08-15 12:00:00,42.042
2034-08-16 00:00:00,42.479
2034-08-16 12:00:00,39.563
2034-08-17 00:00:00,41.32
2034-08-17 12:00:00,39.601
2034-08-18 00:00:00,38.718
2034-08-18 12:00:00,33.86
2034-08-19 00:00:00,30.444
2034-08-19 12:00:00,29.818
2034-08-20 00:00:00,28.81
2034-08-20 12:00:00,29.061
2034-08-21 00:00:00,61.048
2034-08-21 12:00:00,72.769
2034-08-22 00:00:00,73.666
2034-08-22 12:00:00,5071.167
2034-08-23 00:00:00,5071.159
2034-08-23 12:00:00,74.321
2034-08-24 00:00:00,72.86
2034-08-24 12:00:00,71.876
2034-08-25 00:00:00,5068.248
2034-08-25 12:00:00,72.802
2034-08-26 00:00:00,72.26
2034-08-26 12:00:00,71.681
2034-08-27 00:00:00,5065.033
2034-08-27 12:00:00,68.422
2034-08-28 00:00:00,68.688
2034-08-28 12:00:00,67.983
2034-08-29 00:00:00,65.308
2034-08-29 12:00:00,69.175
2034-08-30 00:00:00,53.754
2034-08-30 12:00:00,64.678
2034-08-31 00:00:00,60.9
2034-08-31 12:00:00,67.554
2034-09-01 00:00:00,5067.065
2034-09-01 12:00:00,69.918
2034-09-02 00:00:00,67.819
2034-09-02 12:00:00,67.41
2034-09-03 00:00:00,65.274
2034-09-03 12:00:00,68.942
2034-09-04 00:00:00,69.635
2034-09-04 12:00:00,70.183
2034-09-05 00:00:00,66.459
2034-09-05 12:00:00,20053.453
2034-09-06 00:00:00,66.167
2034-09-06 12:00:00,56.962
2034-09-07 00:00:00,62.561
2034-09-07 12:00:00,56.315
2034-09-08 00:00:00,53.975
2034-09-08 12:00:00,55.992
2034-09-09 00:00:00,54.135
2034-09-09 12:00:00,53.235
2034-09-10 00:00:00,54.922
2034-09-10 12:00:00,42.836
2034-09-11 00:00:00,43.37
2034-09-11 12:00:00,45.941
2034-09-12 00:00:00,45.673
2034-09-12 12:00:00,45.159
2034-09-13 00:00:00,48.576
2034-09-13 12:00:00,48.445
2034-09-14 00:00:00,51.023
2034-09-14 12:00:00,50.42
2034-09-15 00:00:00,34.916
2034-09-15 12:00:00,32.467
2034-09-16 00:00:00,34.011
2034-09-16 12:00:00,36.757
2034-09-17 00:00:00,40.906
2034-09-17 12:00:00,43.845
2034-09-18 00:00:00,44.135
2034-09-18 12:00:00,44.035
2034-09-19 00:00:00,45.213
2034-09-19 12:00:00,42.246
2034-09-20 00:00:00,39.928
2034-09-20 12:00:00,40.87
2034-09-21 00:00:00,40.539
2034-09-21 12:00:00,40.393
2034-09-22 00:00:00,41.898
2034-09-22 12:00:00,5040.462
2034-09-23 00:00:00,42.768
2034-09-23 12:00:00,42.258
2034-09-24 00:00:00,43.532
2034-09-24 12:00:00,43.137
2034-09-25 00:00:00,40.633
2034-09-25 12:00:00,38.572
2034-09-26 00:00:00,37.995
2034-09-26 12:00:00,37.172
2034-09-27 00:00:00,41.075
2034-09-27 12:00:00,5023.565
2034-09-28 00:00:00,60.26
2034-09-28 12:00:00,74.345
2034-09-29 00:00:00,74.045
2034-09-29 12:00:00,76.267
2034-09-30 00:00:00,75.171
2034-09-30 12:00:00,72.956
2034-10-01 00:00:00,71.158
2034-10-01 12:00:00,69.454
2034-10-02 00:00:00,67.9
2034-10-02 12:00:00,5064.222
2034-10-03 00:00:00,67.529
2034-10-03 12:00:00,68.642
2034-10-04 00:00:00,69.931
2034-10-04 12:00:00,71.524
2034-10-05 00:00:00,71.376
2034-10-05 12:00:00,72.019
2034-10-06 00:00:00,70.631
2034-10-06 12:00:00,71.171
2034-10-07 00:00:00,70.729
2034-10-07 12:00:00,5066.434
2034-10-08 00:00:00,66.335
2034-10-08 12:00:00,67.478
2034-10-09 00:00:00,69.329
2034-10-09 12:00:00,55.241
2034-10-10 00:00:00,24.676
2034-10-10 12:00:00,24.111
2034-10-11 00:00:00,22.779
2034-10-11 12:00:00,19.881
2034-10-12 00:00:00,18.324
2034-10-12 12:00:00,28.005
2034-10-13 00:00:00,67.903
2034-10-13 12:00:00,69.152
2034-10-14 00:00:00,69.256
2034-10-14 12:00:00,54.658
2034-10-15 00:00:00,25.631
2034-10-15 12:00:00,21.859
2034-10-16 00:00:00,17.977
2034-10-16 12:00:00,21.872
2034-10-17 00:00:00,27.342
2034-10-17 12:00:00,28.613
2034-10-18 00:00:00,30.044
2034-10-18 12:00:00,27.958
2034-10-19 00:00:00,31.05
2034-10-19 12:00:00,32.866
2034-10-20 00:00:00,23.791
2034-10-20 12:00:00,15037.192
2034-10-21 00:00:00,20.546
2034-10-21 12:00:00,24.845
2034-10-22 00:00:00,34.488
2034-10-22 12:00:00,24.758
2034-10-23 00:00:00,26.847
2034-10-23 12:00:00,22.068
2034-10-24 00:00:00,23.327
2034-10-24 12:00:00,5020.346
2034-10-25 00:00:00,21.829
2034-10-25 12:00:00,5045.671
2034-10-26 00:00:00,47.761
2034-10-26 12:00:00,68.282
2034-10-27 00:00:00,66.35
2034-10-27 12:00:00,66.157
2034-10-28 00:00:00,67.193
2034-10-28 12:00:00,68.336
2034-10-29 00:00:00,50.07
2034-10-29 12:00:00,52.058
2034-10-30 00:00:00,67.298
2034-10-30 12:00:00,65.831
2034-10-31 00:00:00,63.717
2034-10-31 12:00:00,65.048
2034-11-01 00:00:00,66.071
2034-11-01 12:00:00,66.594
2034-11-02 00:00:00,62.02
2034-11-02 12:00:00,62.955
2034-11-03 00:00:00,63.329
2034-11-03 12:00:00,58.242
2034-11-04 00:00:00,54.57
2034-11-04 12:00:00,62.971
2034-11-05 00:00:00,52.055
2034-11-05 12:00:00,53.451
2034-11-06 00:00:00,54.331
2034-11-06 12:00:00,56.917
2034-11-07 00:00:00,59.264
2034-11-07 12:00:00,58.285
2034-11-08 00:00:00,24.973
2034-11-08 12:00:00,27.949
2034-11-09 00:00:00,26.031
2034-11-09 12:00:00,29.223
2034-11-10 00:00:00,29.688
2034-11-10 12:00:00,29.778
2034-11-11 00:00:00,32.695
2034-11-11 12:00:00,43.035
2034-11-12 00:00:00,56.442
2034-11-12 12:00:00,55.824
2034-11-13 00:00:00,50.805
2034-11-13 12:00:00,54.075
2034-11-14 00:00:00,35.803
2034-11-14 12:00:00,22.196
2034-11-15 00:00:00,25.981
2034-11-15 12:00:00,25.198
2034-11-16 00:00:00,26.177
2034-11-16 12:00:00,27.48
2034-11-17 00:00:00,42.967
2034-11-17 12:00:00,37.234
2034-11-18 00:00:00,18.791
2034-11-18 12:00:00,24.006
2034-11-19 00:00:00,31.228
2034-11-19 12:00:00,30.781
2034-11-20 00:00:00,30.261
2034-11-20 12:00:00,29.763
2034-11-21 00:00:00,29.842
2034-11-21 12:00:00,29.532
2034-11-22 00:00:00,30.492
2034-11-22 12:00:00,29.625
2034-11-23 00:00:00,28.348
2034-11-23 12:00:00,30.788
2034-11-24 00:00:00,26.764
2034-11-24 12:00:00,23.168
2034-11-25 00:00:00,28.169
2034-11-25 12:00:00,27.136
2034-11-26 00:00:00,27.656
2034-11-26 12:00:00,27.153
2034-11-27 00:00:00,24.142
2034-11-27 12:00:00,21.601
2034-11-28 00:00:00,24.126
2034-11-28 12:00:00,24.042
2034-11-29 00:00:00,22.639
2034-11-29 12:00:00,24.066
2034-11-30 00:00:00,21.697
2034-11-30 12:00:00,25.694
2034-12-01 00:00:00,26.071
2034-12-01 12:00:00,21.181
2034-12-02 00:00:00,19.486
2034-12-02 12:00:00,20.93
2034-12-03 00:00:00,22.053
2034-12-03 12:00:00,24.173
2034-12-04 00:00:00,20.993
2034-12-04 12:00:00,15023.37
2034-12-05 00:00:00,28.692
2034-12-05 12:00:00,32.644
2034-12-06 00:00:00,34.284
2034-12-06 12:00:00,36.109
2034-12-07 00:00:00,34.636
2034-12-07 12:00:00,36.757
2034-12-08 00:00:00,37.025
2034-12-08 12:00:00,38.38
2034-12-09 00:00:00,5038.75
2034-12-09 12:00:00,42.263
2034-12-10 00:00:00,41.059
2034-12-10 12:00:00,38.75
2034-12-11 00:00:00,34.883
2034-12-11 12:00:00,32.617
2034-12-12 00:00:00,35.394
2034-12-12 12:00:00,37.994
2034-12-13 00:00:00,39.454
2034-12-13 12:00:00,56.316
2034-12-14 00:00:00,68.169
2034-12-14 12:00:00,71.319
2034-12-15 00:00:00,69.862
2034-12-15 12:00:00,65.611
2034-12-16 00:00:00,18.424
2034-12-16 12:00:00,30.809
2034-12-17 00:00:00,71.7
2034-12-17 12:00:00,60.155
2034-12-18 00:00:00,51.371
2034-12-18 12:00:00,68.793
2034-12-19 00:00:00,68.921
2034-12-19 12:00:00,49.567
2034-12-20 00:00:00,17.481
2034-12-20 12:00:00,17.697
2034-12-21 00:00:00,18.528
2034-12-21 12:00:00,20.082
2034-12-22 00:00:00,22.838
2034-12-22 12:00:00,21.451
2034-12-23 00:00:00,18.577
2034-12-23 12:00:00,19.962
2034-12-24 00:00:00,20.074
2034-12-24 12:00:00,19.702
2034-12-25 00:00:00,19.783
2034-12-25 12:00:00,18.914
2034-12-26 00:00:00,20.176
2034-12-26 12:00:00,19.97
2034-12-27 00:00:00,19.823
2034-12-27 12:00:00,20.139
