x,y
2,0
2.0437,0.0876863
2.0874,0.175373
2.13109,0.263059
2.17479,0.350745
2.21849,0.438432
2.26219,0.526118
2.30589,0.613804
2.34959,0.701491
2.39328,0.789178
2.43698,0.876865
2.48067,0.964552
2.52437,1.05224
2.56806,1.13993
2.61176,1.22761
2.65546,1.3153
2.69915,1.40299
2.74285,1.49068
2.78654,1.57836
2.83023,1.66605
2.87393,1.75374
2.91762,1.84143
2.96131,1.92912
3.00501,2.0168
3.0487,2.10449
3.09239,2.19218
3.13608,2.27987
3.17977,2.36756
3.22347,2.45525
3.26716,2.54293
3.31085,2.63062
3.35454,2.71831
3.39823,2.806
3.44192,2.89369
3.48561,2.98138
3.5293,3.06907
3.57299,3.15676
3.61667,3.24445
3.66036,3.33214
3.70405,3.41983
3.74774,3.50751
3.79143,3.5952
3.83512,3.68289
3.8788,3.77058
3.92249,3.85827
3.96617,3.94596
4.00986,4.03365
4.05355,4.12135
4.09723,4.20904
4.14092,4.29673
4.1846,4.38442
4.22829,4.47211
4.27197,4.5598
4.31566,4.64749
4.35934,4.73518
4.40303,4.82287
4.44671,4.91056
4.49039,4.99825
4.53407,5.08594
4.57776,5.17363
4.62144,5.26133
4.66512,5.34902
4.7088,5.43671
4.75248,5.5244
4.79617,5.61209
4.83971,5.69989
4.88326,5.78769
4.92681,5.87549
4.97036,5.96329
5.01391,6.0511
5.05746,6.1389
5.10101,6.2267
5.14456,6.3145
5.18811,6.40228
5.23166,6.49005
5.27521,6.57783
5.31876,6.66561
5.36231,6.75338
5.40586,6.84116
5.44941,6.92894
5.49296,7.01671
5.53651,7.10449
5.58005,7.19227
5.6236,7.28005
5.66715,7.36782
5.7107,7.4556
5.75424,7.54338
5.79779,7.63116
5.84134,7.71894
5.88488,7.80671
5.92843,7.89449
5.97198,7.98227
6.01552,8.07005
6.05907,8.15783
6.10261,8.24561
6.14616,8.33339
6.1897,8.42116
6.23324,8.50894
6.27679,8.59672
6.32033,8.6845
6.36387,8.77228
6.40742,8.86006
6.45096,8.94784
6.4945,9.03562
6.53804,9.1234
6.58158,9.21118
6.62512,9.29896
6.66867,9.38674
6.71221,9.47452
6.75575,9.5623
6.79929,9.65008
6.84283,9.73786
6.88637,9.82564
6.92991,9.91342
6.97344,10.0012
7.01698,10.089
7.06052,10.1768
7.10406,10.2645
7.1476,10.3523
7.19113,10.4401
7.23467,10.5279
7.27821,10.6157
7.32174,10.7034
7.36528,10.7912
7.40881,10.879
7.45235,10.9668
7.49588,11.0546
7.53942,11.1424
7.58296,11.2301
7.62649,11.3179
7.67002,11.4057
7.71355,11.4935
7.75709,11.5813
7.80062,11.669
7.84415,11.7568
7.88769,11.8446
7.93122,11.9324
7.97475,12.0202
8.01828,12.108
8.06181,12.1957
8.10534,12.2835
8.14887,12.3713
8.1924,12.4591
8.23593,12.5469
8.27946,12.6346
8.32299,12.7224
8.36652,12.8102
8.41005,12.898
8.45358,12.9858
8.4971,13.0736
8.54063,13.1613
8.58416,13.2491
8.62769,13.3369
8.67121,13.4247
8.71474,13.5125
8.75827,13.6003
8.80179,13.688
8.84532,13.7758
8.88884,13.8636
8.93237,13.9514
8.97589,14.0392
9.01942,14.127
9.06294,14.2147
9.10646,14.3025
9.14999,14.3903
9.19351,14.4781
9.23703,14.5659
9.28056,14.6537
9.32408,14.7415
9.3676,14.8292
9.41112,14.917
9.45464,15.0048
9.49816,15.0926
9.54168,15.1804
9.5852,15.2682
9.62872,15.3559
9.67224,15.4437
9.71576,15.5315
9.75928,15.6193
9.8028,15.7071
9.84632,15.7949
9.88983,15.8827
9.93335,15.9704
9.97687,16.0582
10.0204,16.146
10.0639,16.2338
10.1074,16.3216
10.1509,16.4094
10.1944,16.4971
10.238,16.5849
10.2815,16.6727
10.325,16.7605
10.3685,16.8483
10.412,16.9361
10.4555,17.0239
10.4991,17.1116
10.5426,17.1994
10.5861,17.2872
10.6296,17.375
10.6731,17.4628
10.7166,17.5506
10.7601,17.6384
10.8036,17.7261
10.8471,17.8139
10.8907,17.9017
10.9342,17.9895
10.9777,18.0773
11.0212,18.1651
11.0647,18.2529
11.1082,18.3406
11.1517,18.4284
11.1952,18.5162
11.2387,18.604
11.2822,18.6918
11.3257,18.7796
11.3693,18.8674
11.4128,18.9551
11.4563,19.0429
11.4998,19.1307
11.5433,19.2185
11.5868,19.3063
11.6303,19.3941
11.6738,19.4818
11.7173,19.5696
11.7608,19.6574
11.8043,19.7452
11.8478,19.833
11.8913,19.9208
11.9348,20.0086
11.9783,20.0963
12.0218,20.1841
12.0653,20.2719
12.1088,20.3597
12.1523,20.4475
12.1958,20.5353
12.2393,20.6231
12.2828,20.7108
12.3263,20.7986
12.3698,20.8864
12.4133,20.9742
12.4568,21.062
12.5003,21.1498
12.5438,21.2375
12.5873,21.3253
12.6308,21.4131
12.6743,21.5009
12.7178,21.5887
12.7613,21.6765
12.8048,21.7642
12.8628,21.8813
12.9208,21.9983
12.9788,22.1154
13.0368,22.2324
13.0948,22.3495
13.1528,22.4665
13.2303,22.5329
13.3079,22.5992
13.3855,22.6656
13.463,22.7319
13.5406,22.7983
13.6182,22.8646
13.6957,22.931
13.7733,22.9973
13.8509,23.0637
13.9284,23.13
14.006,23.1964
14.0836,23.2627
14.1611,23.329
14.2387,23.3953
14.3163,23.4617
14.3938,23.528
14.4714,23.5943
14.5489,23.6607
14.6265,23.727
14.7041,23.7933
14.7816,23.8596
14.8592,23.9259
14.9367,23.9922
15.0143,24.0585
15.0918,24.1248
15.1694,24.1911
15.2469,24.2574
15.3245,24.3237
15.402,24.39
15.4796,24.4563
15.5571,24.5225
15.6347,24.5888
15.7122,24.6551
15.7898,24.7213
15.8673,24.7876
15.9449,24.8539
16.0224,24.9201
16.1,24.9864
16.1775,25.0526
16.2551,25.1189
16.3326,25.1851
16.4102,25.2514
16.4878,25.3174
16.5655,25.3834
16.6431,25.4494
16.7208,25.5154
16.7984,25.5814
16.8761,25.6474
16.9537,25.7134
17.0314,25.7794
17.109,25.8454
17.1867,25.9113
17.2644,25.9773
17.342,26.0433
17.4197,26.1093
17.4973,26.1752
17.575,26.2412
17.6526,26.3071
17.7303,26.3731
17.808,26.439
17.8856,26.5049
17.9633,26.5708
18.0409,26.6368
18.1186,26.7027
18.1962,26.7686
18.2739,26.8345
18.3516,26.9004
18.4292,26.9663
18.5069,27.0322
18.5845,27.0981
18.6622,27.164
18.7399,27.2298
18.8175,27.2957
18.8952,27.3616
18.9729,27.4274
19.0505,27.4933
19.1282,27.5591
19.2058,27.625
19.2835,27.6908
19.3612,27.7566
19.4388,27.8225
19.5165,27.8883
19.5942,27.9541
19.6718,28.02
19.7495,28.0858
19.8272,28.1515
19.9048,28.2173
19.9825,28.2831
20.0602,28.3489
20.1378,28.4147
20.2152,28.4797
20.2926,28.5446
20.37,28.6096
20.4474,28.6745
20.5248,28.7395
20.6022,28.8044
20.6796,28.8694
20.757,28.9343
20.8344,28.9993
20.9117,29.0642
20.9891,29.1292
21.0665,29.1941
21.1439,29.259
21.2213,29.324
21.2987,29.3889
21.3761,29.4539
21.4535,29.5188
21.5309,29.5837
21.6082,29.6487
21.6856,29.7136
21.763,29.7785
21.8404,29.8435
21.9178,29.9084
21.9952,29.9733
22.0615,30.029
22.1278,30.0847
22.1942,30.1403
22.2605,30.196
22.3268,30.2516
22.3931,30.3073
22.4595,30.3629
22.3696,30.4455
22.2797,30.528
22.1898,30.6105
22.0998,30.6931
22.0099,30.7756
21.92,30.8581
21.9862,30.9139
22.0523,30.9698
22.1184,31.0256
22.1845,31.0814
22.2507,31.1372
22.3168,31.193
22.3829,31.2488
22.293,31.3313
22.2031,31.4139
22.1132,31.4964
22.0233,31.579
21.9334,31.6615
21.8435,31.744
21.9096,31.7999
21.9757,31.8557
22.0418,31.9115
22.1079,31.9673
22.174,32.0231
22.2401,32.0789
22.3062,32.1348
22.2163,32.2173
22.1264,32.2998
22.0365,32.3824
21.9466,32.4649
21.8567,32.5475
21.7668,32.63
21.8329,32.6858
21.899,32.7417
21.965,32.7975
22.0311,32.8533
22.0972,32.9091
22.1633,32.965
22.2294,33.0208
22.1395,33.1033
22.0496,33.1859
21.9597,33.2684
21.8698,33.351
21.7799,33.4335
21.69,33.5161
21.756,33.5719
21.8221,33.6277
21.8882,33.6836
21.9542,33.7394
22.0203,33.7952
22.0864,33.8511
22.1524,33.9069
22.0625,33.9895
21.9726,34.072
21.8827,34.1546
21.7928,34.2371
21.7029,34.3197
21.613,34.4022
21.6791,34.458
21.7451,34.5139
21.8112,34.5697
21.8772,34.6256
21.9432,34.6814
22.0093,34.7372
22.0753,34.7931
21.9854,34.8756
21.8955,34.9582
21.8056,35.0407
21.7157,35.1233
21.6258,35.2059
21.5359,35.2884
21.613,35.3536
21.69,35.4187
21.767,35.4839
21.844,35.549
21.921,35.6142
21.998,35.6793
22.0641,35.7352
22.1301,35.791
22.1961,35.8468
22.2621,35.9027
22.3281,35.9585
22.3941,36.0144
22.4602,36.0702
22.3703,36.1527
22.2804,36.2353
22.1905,36.3179
22.1006,36.4004
22.0107,36.483
21.9208,36.5655
21.9868,36.6214
22.0528,36.6772
22.1188,36.733
22.1848,36.7889
22.2508,36.8447
22.3168,36.9006
22.3828,36.9564
22.2929,37.039
22.203,37.1215
22.1131,37.2041
22.0232,37.2866
21.9334,37.3692
21.8435,37.4518
21.9094,37.5076
21.9754,37.5635
22.0414,37.6193
22.1073,37.6752
22.1733,37.731
22.2392,37.7869
22.3052,37.8427
22.2153,37.9253
22.1254,38.0078
22.0356,38.0904
21.9457,38.173
21.8558,38.2555
21.7659,38.3381
21.8318,38.3939
21.8978,38.4498
21.9637,38.5057
22.0296,38.5615
22.0955,38.6174
22.1615,38.6732
22.2274,38.7291
22.1375,38.8117
22.0476,38.8942
21.9578,38.9768
21.8679,39.0594
21.778,39.1419
21.6881,39.2245
21.754,39.2804
21.8199,39.3362
21.8858,39.3921
21.9517,39.448
22.0176,39.5038
22.0835,39.5597
22.1494,39.6156
22.0595,39.6981
21.9696,39.7807
21.8798,39.8633
21.7899,39.9458
21.7,40.0284
21.6101,40.111
21.676,40.1669
21.7419,40.2227
21.8077,40.2786
21.8736,40.3345
21.9394,40.3904
22.0053,40.4462
22.0711,40.5021
21.9813,40.5847
21.8914,40.6673
21.8015,40.7498
21.7117,40.8324
21.6218,40.915
21.5319,40.9975
21.6087,41.0627
21.6855,41.1279
21.7623,41.1932
21.8391,41.2584
21.9159,41.3236
21.9927,41.3888
22.0585,41.4446
22.1243,41.5005
22.1901,41.5564
22.2559,41.6123
22.3217,41.6682
22.3875,41.724
22.4534,41.7799
22.3635,41.8625
22.2736,41.9451
22.1838,42.0276
22.0939,42.1102
22.0041,42.1928
21.9142,42.2753
21.98,42.3312
22.0457,42.3871
22.1115,42.443
22.1773,42.4989
22.2431,42.5548
22.3088,42.6107
22.3746,42.6666
22.2847,42.7491
22.1949,42.8317
22.105,42.9143
22.0152,42.9969
21.9253,43.0794
21.8355,43.162
21.9012,43.2179
21.9669,43.2738
22.0326,43.3297
22.0984,43.3856
22.1641,43.4415
22.2298,43.4974
22.2956,43.5533
22.2057,43.6359
22.1159,43.7185
22.026,43.801
21.9361,43.8836
21.8463,43.9662
21.7564,44.0488
21.8221,44.1047
21.8878,44.1606
21.9535,44.2165
22.0192,44.2724
22.0849,44.3283
22.1505,44.3842
22.2162,44.4401
22.1264,44.5227
22.0365,44.6053
21.9467,44.6879
21.8568,44.7705
21.767,44.853
21.6771,44.9356
21.7428,44.9915
21.8084,45.0475
21.874,45.1034
21.9397,45.1593
22.0053,45.2152
22.0709,45.2712
22.1366,45.3271
22.0467,45.4097
21.9569,45.4923
21.867,45.5748
21.7772,45.6574
21.6873,45.74
21.5975,45.8226
21.6631,45.8785
21.7286,45.9345
21.7942,45.9904
21.8598,46.0463
21.9254,46.1023
21.991,46.1582
22.0566,46.2141
21.9667,46.2967
21.8769,46.3793
21.787,46.4619
21.6972,46.5445
21.6074,46.6271
21.5175,46.7097
21.594,46.7749
21.6704,46.8402
21.7469,46.9055
21.8233,46.9708
21.8998,47.036
21.9762,47.1013
22.0417,47.1573
22.1072,47.2132
22.1728,47.2692
22.2383,47.3251
22.3038,47.3811
22.3693,47.437
22.4348,47.4929
22.345,47.5755
22.2551,47.6581
22.1653,47.7407
22.0755,47.8233
21.9856,47.9059
21.8958,47.9885
21.9613,48.0444
22.0267,48.1004
22.0922,48.1564
22.1576,48.2123
22.2231,48.2683
22.2885,48.3243
22.354,48.3802
22.2641,48.4628
22.1743,48.5454
22.0845,48.628
21.9947,48.7106
21.9048,48.7932
21.815,48.8758
21.8804,48.9318
21.9458,48.9877
22.0112,49.0437
22.0766,49.0997
22.142,49.1557
22.2074,49.2117
22.2727,49.2676
22.1829,49.3502
22.0931,49.4328
22.0033,49.5154
21.9134,49.598
21.8236,49.6806
21.7338,49.7632
21.7991,49.8192
21.8644,49.8752
21.9298,49.9312
21.9951,49.9872
22.0604,50.0432
22.1258,50.0992
22.1911,50.1552
22.1142,50.2259
22.0374,50.2965
21.9606,50.3672
21.8837,50.4379
21.8069,50.5086
21.7301,50.5793
21.6532,50.6499
21.5775,50.7205
21.5018,50.7911
21.4261,50.8617
21.3503,50.9322
21.2746,51.0028
21.1989,51.0734
21.1231,51.144
21.0473,51.2146
20.9714,51.2852
20.8956,51.3558
20.8197,51.4264
20.7439,51.497
20.668,51.5677
20.5922,51.6383
20.5162,51.7089
20.4403,51.7796
20.3643,51.8502
20.2884,51.9209
20.2124,51.9915
20.1365,52.0622
20.0605,52.1328
19.9718,52.2153
19.8831,52.2977
19.7943,52.3802
19.7056,52.4627
19.6169,52.5451
19.5282,52.6276
19.6003,52.6937
19.6725,52.7597
19.7446,52.8258
19.8167,52.8918
19.8889,52.9579
19.961,53.0239
20.0224,53.0807
20.0837,53.1374
20.145,53.1942
20.2063,53.2509
20.2676,53.3076
20.3289,53.3644
20.3903,53.4211
20.3014,53.5037
20.2126,53.5862
20.1238,53.6688
20.0349,53.7513
19.9461,53.8339
19.8573,53.9164
19.9141,53.974
19.971,54.0316
20.0278,54.0892
20.0847,54.1468
20.1415,54.2044
20.1984,54.262
20.2552,54.3196
20.1485,54.4188
20.0418,54.518
19.935,54.6171
19.8283,54.7163
19.7216,54.8155
19.7366,54.8881
19.7516,54.9608
19.7666,55.0335
19.7817,55.1061
19.7967,55.1788
19.8117,55.2515
19.7529,55.3196
19.6941,55.3877
19.6352,55.4557
19.5764,55.5238
19.5175,55.5919
19.4587,55.66
19.3999,55.7281
19.3301,55.7979
19.2604,55.8676
19.1907,55.9374
19.121,56.0072
19.0512,56.077
18.9815,56.1468
18.9118,56.2166
18.839,56.287
18.7663,56.3573
18.6935,56.4277
18.6207,56.4981
18.548,56.5685
18.4752,56.6389
18.4025,56.7093
18.3283,56.78
18.2542,56.8507
18.18,56.9215
18.1058,56.9922
18.0317,57.0629
17.9575,57.1337
17.8834,57.2044
17.8084,57.2754
17.7333,57.3464
17.6583,57.4174
17.5833,57.4884
17.5083,57.5594
17.4333,57.6304
17.3583,57.7015
17.2827,57.7727
17.2071,57.844
17.1315,57.9153
17.0559,57.9866
16.9803,58.0579
16.9047,58.1291
16.8291,58.2004
16.753,58.272
16.6769,58.3436
16.6008,58.4152
16.5247,58.4869
16.4486,58.5585
16.3725,58.6301
16.2964,58.7017
16.2294,58.7648
16.1624,58.8278
16.0953,58.8909
16.0283,58.954
15.9612,59.017
15.8942,59.0801
15.8272,59.1432
15.7601,59.2063
15.6925,59.27
15.6249,59.3338
15.5573,59.3976
15.4896,59.4614
15.422,59.5252
15.3544,59.5889
15.2868,59.6527
15.2191,59.7165
15.158,59.7747
15.0968,59.8329
15.0357,59.891
14.9745,59.9492
14.9134,60.0074
14.8522,60.0656
14.7911,60.1238
14.7299,60.1819
14.6688,60.2401
14.6,60.3089
14.5311,60.3777
14.4623,60.4465
14.3935,60.5153
14.3246,60.584
14.2558,60.6528
14.187,60.7216
14.1181,60.7904
14.0493,60.8592
13.9805,60.928
13.9116,60.9967
13.8428,61.0655
13.774,61.1343
13.7052,61.2031
13.6363,61.2719
13.5675,61.3407
13.4987,61.4095
13.4299,61.4782
13.361,61.547
13.2922,61.6158
13.2234,61.6846
13.1546,61.7534
13.0857,61.8222
13.0169,61.891
12.9481,61.9597
12.8793,62.0285
12.8104,62.0973
12.7416,62.1661
12.6728,62.2349
12.604,62.3037
12.5352,62.3725
12.4664,62.4412
12.3975,62.51
12.3287,62.5788
12.2599,62.6476
12.1911,62.7164
12.1223,62.7852
12.0535,62.854
11.9847,62.9228
11.9158,62.9915
11.847,63.0603
11.7782,63.1291
11.7094,63.1979
11.6406,63.2667
11.5718,63.3355
11.503,63.4043
11.4342,63.4731
11.3654,63.5418
11.2966,63.6106
11.2277,63.6794
11.1589,63.7482
11.0901,63.817
11.0213,63.8858
10.9525,63.9546
10.8837,64.0233
10.8149,64.0921
10.7461,64.1609
10.6773,64.2297
10.6085,64.2985
10.5397,64.3673
10.4709,64.4361
10.4021,64.5049
10.3333,64.5736
10.2645,64.6424
10.1957,64.7112
10.1269,64.78
10.0581,64.8488
9.98935,64.9176
9.92056,64.9864
9.85177,65.0552
9.78297,65.124
9.71418,65.1927
9.78257,65.2602
9.85095,65.3276
9.91934,65.3951
9.98773,65.4625
10.0561,65.5299
10.1245,65.5974
10.1929,65.6648
10.2613,65.7322
10.3297,65.7997
10.3981,65.8671
10.4665,65.9346
10.5349,66.002
10.6033,66.0694
10.6717,66.1369
10.7401,66.2043
10.8085,66.2717
10.8769,66.3392
10.9454,66.4066
11.0138,66.4741
11.0822,66.5415
11.1507,66.6089
11.2191,66.6764
11.2875,66.7438
11.356,66.8112
11.4244,66.8787
11.4928,66.9461
11.5613,67.0135
11.6297,67.081
11.6982,67.1484
11.7666,67.2159
11.8351,67.2833
11.9035,67.3507
11.972,67.4182
12.0404,67.4856
12.1089,67.553
12.1773,67.6205
12.2458,67.6879
12.3143,67.7553
12.3827,67.8228
12.4512,67.8902
12.5197,67.9576
12.5881,68.0251
12.6566,68.0925
12.7251,68.1599
12.7936,68.2274
12.862,68.2948
12.9305,68.3622
12.999,68.4297
13.0675,68.4971
13.136,68.5645
13.2045,68.632
13.273,68.6994
13.3414,68.7668
13.4099,68.8343
13.4784,68.9017
13.5469,68.9691
13.6154,69.0366
13.6839,69.104
13.7524,69.1714
13.8209,69.2389
13.8894,69.3063
13.9579,69.3737
14.0264,69.4412
14.095,69.5086
14.1635,69.576
14.232,69.6435
14.3005,69.7109
14.369,69.7783
14.4375,69.8457
14.5061,69.9132
14.5746,69.9806
14.6431,70.048
14.7116,70.1155
14.7801,70.1829
14.8487,70.2503
14.9172,70.3178
14.9857,70.3852
15.0542,70.4526
15.1228,70.5201
15.1913,70.5875
15.2598,70.6549
15.3284,70.7223
15.3969,70.7898
15.4655,70.8572
15.534,70.9246
15.6025,70.9921
15.6711,71.0595
15.7396,71.1269
15.8081,71.1944
15.8767,71.2618
15.9452,71.3292
16.0138,71.3966
16.0823,71.4641
16.1509,71.5315
16.2194,71.5989
16.288,71.6664
16.3565,71.7338
16.4251,71.8012
16.4936,71.8687
16.5622,71.9361
16.6308,72.0035
16.6993,72.0709
16.7679,72.1384
16.8364,72.2058
16.905,72.2732
16.9736,72.3407
17.0421,72.4081
17.1107,72.4755
17.1793,72.5429
17.2478,72.6104
17.3164,72.6778
17.385,72.7452
17.4535,72.8127
17.5221,72.8801
17.5907,72.9475
17.6592,73.015
17.7278,73.0824
17.7964,73.1498
17.865,73.2172
17.9336,73.2847
18.0021,73.3521
18.0707,73.4195
18.1393,73.4869
18.2079,73.5544
18.2764,73.6218
18.345,73.6892
18.4136,73.7567
18.4822,73.8241
18.5508,73.8915
18.6194,73.9589
18.688,74.0264
18.7565,74.0938
18.8251,74.1612
18.8937,74.2287
18.9623,74.2961
19.0309,74.3635
19.0995,74.4309
19.1681,74.4984
19.2367,74.5658
19.3053,74.6332
19.3739,74.7007
19.4425,74.7681
19.511,74.8355
19.5796,74.9029
19.6482,74.9704
19.7168,75.0378
19.7854,75.1052
19.854,75.1727
19.9226,75.2401
19.9912,75.3075
20.0598,75.3749
20.1284,75.4424
20.197,75.5098
20.2657,75.5772
20.3343,75.6446
20.4029,75.712
20.4715,75.7794
20.5401,75.8469
20.6087,75.9143
20.6774,75.9817
20.746,76.0491
20.8146,76.1165
20.8832,76.1839
20.9519,76.2513
21.0205,76.3187
21.0891,76.3861
21.1577,76.4536
21.2263,76.521
21.295,76.5884
21.3636,76.6558
21.4322,76.7232
21.5009,76.7906
21.5695,76.858
21.6381,76.9254
21.7067,76.9928
21.7754,77.0602
21.844,77.1277
21.9126,77.1951
21.9813,77.2625
22.0499,77.3299
22.1186,77.3973
22.1872,77.4647
22.2559,77.5322
22.3246,77.5996
22.3932,77.667
22.4619,77.7344
22.5305,77.8018
22.5992,77.8693
22.6679,77.9367
22.7365,78.0041
22.8052,78.0715
22.8739,78.139
22.9425,78.2064
23.0112,78.2738
23.0799,78.3412
23.1485,78.4086
23.2172,78.4761
23.2859,78.5435
23.3545,78.6109
23.4232,78.6783
23.4919,78.7457
23.5605,78.8132
23.6292,78.8806
23.6979,78.948
23.7666,79.0154
23.8352,79.0828
23.9039,79.1503
23.9726,79.2177
24.0412,79.2851
24.1099,79.3525
24.1786,79.4199
24.2472,79.4873
24.3159,79.5548
24.3846,79.6222
24.4532,79.6896
24.5219,79.757
24.5906,79.8244
24.6593,79.8919
24.7279,79.9593
24.7966,80.0267
24.8653,80.0941
24.9339,80.1615
25.0026,80.2289
25.0713,80.2964
25.1399,80.3638
25.2086,80.4312
25.2773,80.4986
25.346,80.566
25.4146,80.6334
25.4833,80.7009
25.552,80.7683
25.6207,80.8357
25.6893,80.9031
25.758,80.9705
25.8267,81.0379
25.8953,81.1054
25.964,81.1728
26.0327,81.2402
26.1014,81.3076
26.17,81.375
26.2387,81.4424
26.3074,81.5099
26.3761,81.5773
26.4447,81.6447
26.5134,81.7121
26.5821,81.7795
26.6508,81.8469
26.7194,81.9143
26.7881,81.9818
26.8568,82.0492
26.9255,82.1166
26.9941,82.184
27.0628,82.2514
27.1315,82.3188
27.2002,82.3862
27.2688,82.4537
27.3375,82.5211
27.4062,82.5885
27.4749,82.6559
27.5435,82.7233
27.6122,82.7907
27.6809,82.8581
27.7496,82.9255
27.8183,82.993
27.8869,83.0604
27.9556,83.1278
28.0243,83.1952
28.093,83.2626
28.1616,83.33
28.2303,83.3974
28.299,83.4648
28.3677,83.5322
28.4364,83.5997
28.505,83.6671
28.5737,83.7345
28.6424,83.8019
28.7111,83.8693
28.7797,83.9367
28.8484,84.0041
28.9171,84.0715
28.9858,84.1389
29.0545,84.2064
29.1231,84.2738
29.1918,84.3412
29.2605,84.4086
29.3292,84.476
29.3979,84.5434
29.4665,84.6108
29.5352,84.6782
29.6039,84.7456
29.6726,84.813
29.7413,84.8805
29.81,84.9479
29.8786,85.0153
29.9473,85.0827
30.016,85.1501
30.0847,85.2175
30.1534,85.2848
30.2222,85.3522
30.2909,85.4195
30.3596,85.4869
30.4284,85.5542
30.4971,85.6215
30.5658,85.6889
30.6346,85.7562
30.7033,85.8236
30.772,85.8909
30.8408,85.9582
30.9095,86.0256
30.9782,86.0929
31.047,86.1603
31.1157,86.2276
31.1845,86.2949
31.2532,86.3623
31.3219,86.4296
31.3907,86.497
31.4594,86.5643
31.5281,86.6316
31.5969,86.699
31.6656,86.7663
31.7344,86.8337
31.8031,86.901
31.8718,86.9683
31.9406,87.0357
32.0093,87.103
32.0781,87.1703
32.1468,87.2377
32.2155,87.305
32.2843,87.3724
32.353,87.4397
32.4218,87.507
32.4905,87.5744
32.5593,87.6417
32.628,87.709
32.6967,87.7764
32.7655,87.8437
32.8342,87.911
32.903,87.9784
32.9717,88.0457
33.0405,88.1131
33.1092,88.1804
33.1779,88.2477
33.2467,88.3151
33.3154,88.3824
33.3842,88.4497
33.4529,88.5171
33.5217,88.5844
33.5904,88.6517
33.6591,88.7191
33.7279,88.7864
33.7966,88.8537
33.8654,88.9211
33.9341,88.9884
34.0029,89.0557
34.0716,89.1231
34.1404,89.1904
34.2091,89.2577
34.2779,89.3251
34.3466,89.3924
34.4153,89.4597
34.4841,89.5271
34.5528,89.5944
34.6216,89.6617
34.6903,89.7291
34.7591,89.7964
34.8278,89.8637
34.8966,89.9311
34.9653,89.9984
35.0341,90.0657
35.1028,90.1331
35.1716,90.2004
35.2403,90.2677
35.3091,90.3351
35.3778,90.4024
35.4466,90.4697
35.5153,90.5371
35.5841,90.6044
35.6528,90.6717
35.7216,90.7391
35.7903,90.8064
35.8591,90.8737
35.9278,90.9411
35.9966,91.0084
36.0653,91.0757
36.1341,91.143
36.2028,91.2104
36.2716,91.2777
36.3403,91.345
36.4091,91.4124
36.4778,91.4797
36.5466,91.547
36.6153,91.6144
36.6841,91.6817
36.7528,91.749
36.8216,91.8163
36.8903,91.8837
36.9591,91.951
37.0278,92.0183
37.0966,92.0857
37.1653,92.153
37.2341,92.2203
37.3028,92.2877
37.3716,92.355
37.4403,92.4223
37.5091,92.4896
37.5779,92.557
37.6466,92.6243
37.7154,92.6916
37.7841,92.759
37.8529,92.8263
37.9216,92.8936
37.9904,92.9609
38.0591,93.0283
38.1279,93.0956
38.1966,93.1629
38.2654,93.2303
38.3341,93.2976
38.4029,93.3649
38.4716,93.4322
38.5404,93.4996
38.6092,93.5669
38.6779,93.6342
38.7467,93.7016
38.8154,93.7689
38.8842,93.8362
38.9529,93.9035
39.0217,93.9709
39.0904,94.0382
39.1592,94.1055
39.228,94.1728
39.2967,94.2402
39.3655,94.3075
39.4342,94.3748
39.503,94.4422
39.5717,94.5095
39.6405,94.5768
39.7092,94.6441
39.778,94.7115
39.8468,94.7788
39.9155,94.8461
39.9843,94.9134
40.053,94.9808
40.1218,95.0481
40.1905,95.1154
40.2593,95.1827
40.328,95.2501
40.3968,95.3174
40.4656,95.3847
40.5343,95.4521
40.6031,95.5194
40.6719,95.5867
40.7407,95.654
40.8095,95.7213
40.8783,95.7886
40.9471,95.8559
41.0159,95.9231
41.0847,95.9904
41.1535,96.0577
41.2223,96.125
41.2912,96.1923
41.36,96.2596
41.4288,96.3269
41.4976,96.3942
41.5664,96.4615
41.6352,96.5288
41.704,96.5961
41.7729,96.6634
41.8417,96.7307
41.9105,96.7979
41.9793,96.8652
42.0481,96.9325
42.117,96.9998
42.1858,97.0671
42.2546,97.1344
42.3234,97.2017
42.3922,97.269
42.4611,97.3363
42.5299,97.4035
42.5987,97.4708
42.6675,97.5381
42.7364,97.6054
42.8052,97.6727
42.874,97.74
42.9428,97.8073
43.0117,97.8745
43.0805,97.9418
43.1493,98.0091
43.2182,98.0764
43.287,98.1437
43.3558,98.211
43.4247,98.2783
43.4935,98.3455
43.5623,98.4128
43.6312,98.4801
43.7,98.5474
43.7688,98.6147
43.8377,98.6819
43.9065,98.7492
43.9754,98.8165
44.0442,98.8838
44.113,98.9511
44.1819,99.0184
44.2507,99.0856
44.3196,99.1529
44.3884,99.2202
44.4573,99.2875
44.5261,99.3548
44.595,99.422
44.6638,99.4893
44.7327,99.5566
44.8015,99.6239
44.8704,99.6911
44.9392,99.7584
45.0081,99.8257
45.0769,99.893
45.1458,99.9602
45.2146,100.028
45.2835,100.095
45.3524,100.162
45.4212,100.229
45.4901,100.297
45.5589,100.364
45.6278,100.431
45.6967,100.498
45.7655,100.566
45.8344,100.633
45.9033,100.7
45.9721,100.768
46.041,100.835
46.1099,100.902
46.1787,100.969
46.2476,101.037
46.3165,101.104
46.3853,101.171
46.4542,101.238
46.5231,101.306
46.592,101.373
46.6608,101.44
46.7297,101.508
46.7986,101.575
46.8675,101.642
46.9364,101.709
47.0052,101.777
47.0741,101.844
47.143,101.911
47.2119,101.978
47.2808,102.046
47.3497,102.113
47.4186,102.18
47.4875,102.247
47.5563,102.315
47.6252,102.382
47.6941,102.449
47.763,102.517
47.8319,102.584
47.9008,102.651
47.9697,102.718
48.0386,102.786
48.1075,102.853
48.1764,102.92
48.2453,102.987
48.3142,103.055
48.3832,103.122
48.4521,103.189
48.521,103.256
48.5899,103.324
48.6588,103.391
48.7277,103.458
48.7966,103.525
48.8655,103.593
48.9345,103.66
49.0034,103.727
49.0723,103.794
49.1412,103.862
49.2101,103.929
49.279,103.996
49.348,104.063
49.4169,104.131
49.4858,104.198
49.5548,104.265
49.6237,104.333
49.6926,104.4
49.7616,104.467
49.8305,104.534
49.8994,104.602
49.9615,104.662
50.0235,104.723
50.0856,104.783
50.1476,104.844
50.2097,104.904
50.2717,104.965
50.3338,105.025
50.3958,105.086
50.4579,105.146
50.5199,105.207
50.5985,105.261
50.6771,105.315
50.7556,105.369
50.8342,105.423
50.9128,105.477
50.9913,105.531
51.0699,105.586
51.1485,105.64
51.227,105.694
51.3056,105.748
51.3842,105.802
51.4627,105.856
51.5413,105.91
51.6199,105.964
51.6984,106.019
51.777,106.073
51.8556,106.127
51.9342,106.181
52.0127,106.235
52.0913,106.289
52.1699,106.343
52.2484,106.397
52.327,106.451
52.4056,106.505
52.4841,106.56
52.5627,106.614
52.6413,106.668
52.7199,106.722
52.7984,106.776
52.877,106.83
52.9556,106.884
53.0341,106.938
53.1127,106.992
53.1913,107.046
53.2699,107.101
53.3484,107.155
53.427,107.209
53.5056,107.263
53.5842,107.317
53.6627,107.371
53.7413,107.425
53.8199,107.479
53.8984,107.533
53.977,107.587
54.0556,107.641
54.1342,107.695
54.2127,107.75
54.2913,107.804
54.3699,107.858
54.4485,107.912
54.527,107.966
54.6056,108.02
54.6842,108.074
54.7628,108.128
54.8413,108.182
54.9199,108.236
54.9985,108.29
55.0771,108.344
55.1556,108.398
55.2342,108.453
55.3128,108.507
55.3914,108.561
55.4699,108.615
55.5485,108.669
55.6271,108.723
55.7057,108.777
55.7842,108.831
55.8628,108.885
55.9414,108.939
56.02,108.993
56.0986,109.047
56.1771,109.101
56.2557,109.155
56.3343,109.209
56.4129,109.264
56.4914,109.318
56.57,109.372
56.6486,109.426
56.7272,109.48
56.8058,109.534
56.8843,109.588
56.9629,109.642
57.0415,109.696
57.1201,109.75
57.1986,109.804
57.2772,109.858
57.3558,109.912
57.4344,109.966
57.513,110.02
57.5915,110.074
57.6701,110.128
57.7487,110.182
57.8273,110.236
57.9058,110.29
57.9844,110.345
58.063,110.399
58.1416,110.453
58.2202,110.507
58.2987,110.561
58.3773,110.615
58.4559,110.669
58.5345,110.723
58.6131,110.777
58.6916,110.831
58.7702,110.885
58.8488,110.939
58.9274,110.993
59.006,111.047
59.0845,111.101
59.1631,111.155
59.2417,111.209
59.3203,111.263
59.3989,111.317
59.4774,111.371
59.556,111.425
59.6346,111.479
59.7132,111.533
59.7918,111.587
59.8703,111.641
59.9489,111.695
60.0362,111.755
60.1235,111.815
60.2108,111.875
60.2982,111.935
60.3855,111.996
60.4728,112.056
60.5601,112.116
60.6474,112.176
60.7347,112.236
60.8136,112.181
60.8924,112.127
60.9713,112.073
61.0501,112.018
61.129,111.964
61.2078,111.91
61.2867,111.856
61.3655,111.801
61.4444,111.747
61.5232,111.693
61.6021,111.638
61.6809,111.584
61.7598,111.53
61.8386,111.475
61.9175,111.421
61.9963,111.367
62.0752,111.312
62.154,111.258
62.2329,111.204
62.3117,111.15
62.3905,111.095
62.4694,111.041
62.5482,110.987
62.6271,110.932
62.7059,110.878
62.7848,110.824
62.8636,110.769
62.9425,110.715
63.0213,110.661
63.1002,110.606
63.179,110.552
63.2579,110.498
63.3367,110.443
63.4155,110.389
63.4944,110.335
63.5732,110.28
63.6521,110.226
63.7309,110.172
63.8098,110.117
63.8886,110.063
63.9675,110.009
64.0463,109.954
64.1251,109.9
64.204,109.846
64.2828,109.791
64.3617,109.737
64.4405,109.683
64.5194,109.628
64.5982,109.574
64.677,109.52
64.7559,109.465
64.8347,109.411
64.9136,109.357
64.9924,109.302
65.0713,109.248
65.1501,109.194
65.2289,109.139
65.3078,109.085
65.3866,109.031
65.4655,108.976
65.5443,108.922
65.6231,108.868
65.702,108.813
65.7808,108.759
65.8597,108.705
65.9385,108.65
66.0173,108.596
66.0962,108.542
66.175,108.487
66.2539,108.433
66.3327,108.378
66.4115,108.324
66.4904,108.27
66.5692,108.215
66.648,108.161
66.7269,108.107
66.8057,108.052
66.8846,107.998
66.9634,107.944
67.0422,107.889
67.1211,107.835
67.1999,107.78
67.2787,107.726
67.3576,107.672
67.4364,107.617
67.5152,107.563
67.5941,107.509
67.6729,107.454
67.7518,107.4
67.8306,107.346
67.9094,107.291
67.9883,107.237
68.0671,107.182
68.1459,107.128
68.2248,107.074
68.3036,107.019
68.3824,106.965
68.4613,106.91
68.5401,106.856
68.6189,106.802
68.6978,106.747
68.7766,106.693
68.8554,106.639
68.9343,106.584
69.0131,106.53
69.0919,106.475
69.1708,106.421
69.2496,106.367
69.3284,106.312
69.4073,106.258
69.4861,106.203
69.5649,106.149
69.6438,106.095
69.7226,106.04
69.8014,105.986
69.8802,105.931
69.9591,105.877
70.0379,105.823
70.1167,105.768
70.1956,105.714
70.2744,105.659
70.3532,105.605
70.4321,105.551
70.5109,105.496
70.5897,105.442
70.6685,105.387
70.7474,105.333
70.8262,105.279
70.905,105.224
70.9839,105.17
71.0627,105.115
71.1415,105.061
71.2203,105.006
71.2992,104.952
71.378,104.898
71.4568,104.843
71.5357,104.789
71.6145,104.734
71.6933,104.68
71.7721,104.626
71.851,104.571
71.9298,104.517
72.0086,104.462
72.0874,104.408
72.1663,104.353
72.2451,104.299
72.3239,104.245
72.4027,104.19
72.4816,104.136
72.5604,104.081
72.6392,104.027
72.718,103.972
72.7969,103.918
72.8757,103.864
72.9545,103.809
73.0333,103.755
73.1122,103.7
73.191,103.646
73.2698,103.591
73.3486,103.537
73.4275,103.482
73.5063,103.428
73.5851,103.374
73.6639,103.319
73.7427,103.265
73.8216,103.21
73.9004,103.156
73.9792,103.101
74.058,103.047
74.1369,102.992
74.2157,102.938
74.2945,102.884
74.3733,102.829
74.4521,102.775
74.531,102.72
74.6098,102.666
74.6886,102.611
74.7674,102.557
74.8462,102.502
74.9251,102.448
75.0039,102.393
75.0827,102.339
75.1615,102.285
75.2403,102.23
75.3192,102.176
75.398,102.121
75.4768,102.067
75.5556,102.012
75.6344,101.958
75.7133,101.903
75.7921,101.849
75.8709,101.794
75.9497,101.739
76.0285,101.685
76.1073,101.63
76.1861,101.576
76.2649,101.521
76.3437,101.467
76.4225,101.412
76.5013,101.357
76.5801,101.303
76.6589,101.248
76.7377,101.194
76.8165,101.139
76.8953,101.084
76.9741,101.03
77.0529,100.975
77.1317,100.921
77.2105,100.866
77.2893,100.812
77.3681,100.757
77.4469,100.702
77.5257,100.648
77.6045,100.593
77.6833,100.539
77.7621,100.484
77.8409,100.429
77.9197,100.375
77.9985,100.32
78.0773,100.266
78.1561,100.211
78.2349,100.156
78.3137,100.102
78.3926,100.047
78.4714,99.9927
78.5502,99.9381
78.629,99.8835
78.7078,99.8289
78.7866,99.7743
78.8654,99.7197
78.9442,99.6651
79.023,99.6105
79.1018,99.5559
79.1806,99.5013
79.2594,99.4467
79.3382,99.3921
79.417,99.3375
79.4958,99.2829
79.5746,99.2283
79.6534,99.1737
79.7322,99.1191
79.811,99.0645
79.8898,99.0099
79.9686,98.9553
80.0474,98.9006
80.1262,98.846
80.205,98.7914
80.2838,98.7368
80.3626,98.6822
80.4413,98.6276
80.5201,98.573
80.5989,98.5184
80.6777,98.4638
80.7565,98.4092
80.8353,98.3545
80.9141,98.2999
80.9929,98.2453
81.0717,98.1907
81.1505,98.1361
81.2293,98.0815
81.3081,98.0269
81.3869,97.9723
81.4657,97.9176
81.5445,97.863
81.6233,97.8084
81.7021,97.7538
81.7809,97.6992
81.8597,97.6445
81.9385,97.5899
82.0173,97.5353
82.0961,97.4807
82.1749,97.4261
82.2537,97.3714
82.3325,97.3168
82.4113,97.2622
82.4901,97.2076
82.5689,97.153
82.6477,97.0983
82.7265,97.0437
82.8053,96.9891
82.8841,96.9345
82.9629,96.8798
83.0417,96.8252
83.1204,96.7706
83.1992,96.7159
83.278,96.6613
83.3568,96.6067
83.4356,96.5521
83.5144,96.4974
83.5932,96.4428
83.672,96.3882
83.7508,96.3335
83.8296,96.2789
83.9084,96.2243
83.9872,96.1696
84.066,96.115
84.1448,96.0604
84.2236,96.0057
84.3024,95.9511
84.3812,95.8965
84.46,95.8418
84.5387,95.7872
84.6175,95.7326
84.6963,95.6779
84.7751,95.6233
84.8539,95.5686
84.9327,95.514
85.0115,95.4594
85.0903,95.4047
85.1691,95.3501
85.2479,95.2954
85.3267,95.2408
85.4055,95.1861
85.4843,95.1315
85.5631,95.0769
85.6418,95.0222
85.7206,94.9676
85.7994,94.9129
85.8782,94.8583
85.957,94.8036
86.0358,94.749
86.1146,94.6943
86.1934,94.6397
86.2722,94.585
86.3616,94.6249
86.4509,94.6648
86.5403,94.7046
86.6297,94.7445
86.7191,94.7843
86.8084,94.8242
86.8978,94.8641
86.9872,94.9039
87.0766,94.9438
87.166,94.9833
87.2554,95.0229
87.3448,95.0624
87.4342,95.1019
87.5236,95.1415
87.613,95.181
87.7024,95.2205
87.7918,95.2601
87.8812,95.2996
87.96,95.2449
88.0388,95.1903
88.1176,95.1356
88.1963,95.081
88.2751,95.0263
88.3539,94.9717
88.4327,94.917
88.5115,94.8623
88.5903,94.8077
88.6797,94.8467
88.7692,94.8858
88.8586,94.9249
88.948,94.9639
89.0375,95.003
89.1269,95.042
89.2163,95.0811
89.3058,95.1201
89.3952,95.1592
89.474,95.1045
89.5528,95.0499
89.6316,94.9952
89.7104,94.9405
89.7891,94.8859
89.8679,94.8312
89.9467,94.7765
90.0255,94.7219
90.1043,94.6672
90.1937,94.706
90.2832,94.7448
90.3726,94.7837
90.4621,94.8225
90.5515,94.8613
90.641,94.9001
90.7304,94.9389
90.8199,94.9778
90.9093,95.0166
90.9881,94.9619
91.0669,94.9072
91.1457,94.8526
91.2245,94.7979
91.3033,94.7432
91.3821,94.6885
91.4609,94.6339
91.5397,94.5792
91.6184,94.5245
91.7079,94.5632
91.7974,94.6019
91.8868,94.6406
91.9763,94.6793
92.0657,94.7179
92.1552,94.7566
92.2447,94.7953
92.3341,94.834
92.4236,94.8727
92.513,94.9113
92.6025,94.95
92.692,94.9886
92.7814,95.0273
92.8709,95.0659
92.9604,95.1046
93.0498,95.1432
93.1393,95.1819
93.2287,95.2205
93.3075,95.1658
93.3863,95.1112
93.4651,95.0565
93.5439,95.0018
93.6227,94.9471
93.7015,94.8924
93.7803,94.8377
93.8591,94.7831
93.9378,94.7284
94.0273,94.767
94.1168,94.8055
94.2062,94.8441
94.2957,94.8827
94.3852,94.9213
94.4747,94.9598
94.5641,94.9984
94.6536,95.037
94.7431,95.0755
94.8317,95.014
94.9203,94.9525
95.009,94.891
95.0976,94.8295
95.1862,94.7679
95.2749,94.7064
95.3635,94.6449
95.4521,94.5834
95.4574,94.4839
95.4627,94.3845
95.468,94.2851
95.4733,94.1857
95.4786,94.0863
95.4839,93.9868
95.4892,93.8874
95.4945,93.788
95.4998,93.6886
95.5052,93.5892
95.5105,93.4897
95.5159,93.3903
95.5212,93.2909
95.5266,93.1915
95.532,93.0921
95.5373,92.9927
95.5427,92.8932
95.5482,92.7938
95.5536,92.6944
95.559,92.595
95.5645,92.4956
95.5699,92.3962
95.5753,92.2968
95.5808,92.1974
95.5863,92.098
95.5918,91.9986
95.5973,91.8992
95.6028,91.7998
95.6083,91.7004
95.6138,91.6009
95.6194,91.5015
95.6249,91.4021
95.6305,91.3027
95.6361,91.2034
95.6417,91.104
95.6473,91.0046
95.6529,90.9052
95.6586,90.8058
95.6642,90.7064
95.6698,90.607
95.6755,90.5076
95.6812,90.4082
95.6869,90.3088
95.6927,90.2094
95.6984,90.11
95.7041,90.0107
95.7098,89.9113
95.7156,89.8119
95.7214,89.7125
95.7273,89.6131
95.7331,89.5138
95.739,89.4144
95.7448,89.315
95.7507,89.2156
95.7566,89.1163
95.7624,89.0169
95.7684,88.9175
95.7744,88.8182
95.7804,88.7188
95.7864,88.6194
95.7925,88.5201
95.7985,88.4207
95.8045,88.3213
95.8105,88.222
95.8167,88.1226
95.8229,88.0233
95.8291,87.9239
95.8353,87.8246
95.8415,87.7252
95.8477,87.6259
95.8539,87.5266
95.8601,87.4272
95.8665,87.3279
95.8729,87.2285
95.8794,87.1292
95.8858,87.0299
95.8922,86.9306
95.8986,86.8312
95.9051,86.7319
95.9115,86.6326
95.9182,86.5333
95.9249,86.434
95.9316,86.3347
95.9384,86.2354
95.9451,86.1361
95.9518,86.0368
95.9585,85.9374
95.9652,85.8381
95.9723,85.7389
95.9794,85.6396
95.9865,85.5403
95.9936,85.441
96.0007,85.3418
96.0078,85.2425
96.0149,85.1432
96.022,85.044
96.0296,84.9447
96.0372,84.8455
96.0448,84.7463
96.0524,84.647
96.06,84.5478
96.0676,84.4486
96.0752,84.3493
96.0828,84.2501
96.0911,84.1509
96.0994,84.0518
96.1077,83.9526
96.1161,83.8534
96.1244,83.7543
96.1327,83.6551
96.141,83.5559
96.1493,83.4568
96.1588,83.3577
96.1682,83.2586
96.1776,83.1595
96.1871,83.0605
96.1965,82.9614
96.2059,82.8623
96.2154,82.7632
96.2248,82.6642
96.2362,82.5653
96.2475,82.4664
96.2589,82.3675
96.2703,82.2686
96.2817,82.1697
96.293,82.0708
96.3044,81.9719
96.3158,81.873
96.3296,81.7854
96.3435,81.6979
96.3573,81.6103
96.3712,81.5228
96.3851,81.4352
96.3989,81.3477
96.4128,81.2601
96.4266,81.1726
96.4405,81.085
96.4692,80.9994
96.4979,80.9138
96.5266,80.8281
96.5553,80.7425
96.584,80.6569
96.6127,80.5713
96.6414,80.4856
96.6701,80.4
96.6988,80.3144
96.7576,80.2401
96.8164,80.1658
96.8752,80.0915
96.934,80.0172
96.9928,79.9429
97.0516,79.8687
97.1104,79.7944
97.1692,79.7201
97.228,79.6458
97.2886,79.5733
97.3493,79.5007
97.41,79.4282
97.4706,79.3556
97.5313,79.2831
97.592,79.2106
97.6527,79.138
97.7133,79.0655
97.774,78.9929
97.8353,78.921
97.8965,78.8491
97.9578,78.7771
98.019,78.7052
98.0803,78.6333
98.1415,78.5613
98.2028,78.4894
98.264,78.4175
98.3253,78.3455
98.3868,78.2739
98.4483,78.2023
98.5099,78.1307
98.5714,78.059
98.633,77.9874
98.6945,77.9158
98.756,77.8442
98.8176,77.7725
98.8791,77.7009
98.9408,77.6295
99.0025,77.558
99.0642,77.4866
99.1259,77.4151
99.1876,77.3437
99.2493,77.2723
99.311,77.2008
99.3727,77.1294
99.4344,77.0579
99.4962,76.9866
99.558,76.9153
99.6199,76.844
99.6817,76.7727
99.7435,76.7014
99.8053,76.6301
99.8671,76.5587
99.9289,76.4874
99.9907,76.4161
100.053,76.3449
100.115,76.2737
100.176,76.2024
100.238,76.1312
100.3,76.06
100.362,75.9888
100.424,75.9175
100.486,75.8463
100.548,75.7751
100.61,75.7039
100.672,75.6328
100.734,75.5616
100.796,75.4904
100.857,75.4193
100.919,75.3481
100.981,75.277
101.043,75.2058
101.105,75.1347
101.167,75.0635
101.229,74.9924
101.291,74.9213
101.353,74.8502
101.415,74.7791
101.477,74.708
101.539,74.6369
101.601,74.5658
101.663,74.4947
101.725,74.4236
101.787,74.3526
101.849,74.2815
101.911,74.2104
101.973,74.1394
102.035,74.0683
102.097,73.9972
102.159,73.9262
102.221,73.8551
102.284,73.7841
102.346,73.7131
102.408,73.642
102.47,73.571
102.532,73.5
102.594,73.4289
102.656,73.3579
102.718,73.2869
102.78,73.2158
102.842,73.1448
102.904,73.0738
102.966,73.0028
103.028,72.9318
103.09,72.8608
103.152,72.7898
103.214,72.7188
103.277,72.6478
103.339,72.5768
103.401,72.5058
103.463,72.4348
103.525,72.3639
103.587,72.2929
103.649,72.2219
103.711,72.1509
103.773,72.0799
103.835,72.009
103.898,71.938
103.96,71.867
104.022,71.7961
104.084,71.7251
104.146,71.6542
104.208,71.5832
104.27,71.5122
104.332,71.4413
104.394,71.3703
104.457,71.2994
104.519,71.2284
104.581,71.1575
104.643,71.0865
104.705,71.0156
104.767,70.9446
104.829,70.8737
104.891,70.8028
104.954,70.7318
105.016,70.6609
105.078,70.5899
105.14,70.519
105.202,70.4481
105.264,70.3772
105.326,70.3062
105.388,70.2353
105.451,70.1644
105.513,70.0935
105.575,70.0225
105.637,69.9516
105.699,69.8807
105.761,69.8098
105.823,69.7389
105.886,69.668
105.948,69.597
106.01,69.5261
106.072,69.4552
106.134,69.3843
106.196,69.3134
106.259,69.2425
106.321,69.1716
106.383,69.1007
106.445,69.0298
106.507,68.9589
106.569,68.888
106.631,68.8171
106.694,68.7462
106.756,68.6753
106.818,68.6044
106.88,68.5335
106.942,68.4626
107.004,68.3917
107.067,68.3208
107.129,68.2499
107.191,68.179
107.253,68.1081
107.315,68.0373
107.377,67.9664
107.44,67.8955
107.502,67.8246
107.564,67.7537
107.626,67.6828
107.688,67.612
107.75,67.5411
107.813,67.4702
107.875,67.3993
107.937,67.3284
107.999,67.2576
108.061,67.1867
108.123,67.1158
108.186,67.0449
108.248,66.9741
108.31,66.9032
108.372,66.8323
108.434,66.7614
108.496,66.6906
108.559,66.6197
108.621,66.5488
108.683,66.478
108.745,66.4071
108.807,66.3362
108.87,66.2654
108.932,66.1945
108.994,66.1236
109.056,66.0528
109.118,65.9819
109.18,65.911
109.243,65.8402
109.305,65.7693
109.367,65.6985
109.429,65.6276
109.491,65.5567
109.561,65.477
109.631,65.3973
109.701,65.3176
109.771,65.2379
109.841,65.1582
109.911,65.0784
109.981,64.9987
110.051,64.919
109.997,64.8461
109.942,64.7733
109.887,64.7004
109.833,64.6275
109.778,64.5546
109.724,64.4817
109.669,64.4088
109.615,64.3359
109.56,64.263
109.505,64.1902
109.451,64.1173
109.396,64.0444
109.342,63.9715
109.287,63.8986
109.233,63.8257
109.178,63.7529
109.123,63.68
109.069,63.6071
109.014,63.5342
108.96,63.4613
108.905,63.3885
108.851,63.3156
108.796,63.2427
108.742,63.1698
108.687,63.0969
108.632,63.0241
108.578,62.9512
108.523,62.8783
108.469,62.8054
108.414,62.7325
108.36,62.6597
108.305,62.5868
108.25,62.5139
108.196,62.441
108.141,62.3682
108.087,62.2953
108.032,62.2224
107.978,62.1495
107.923,62.0767
107.869,62.0038
107.814,61.9309
107.759,61.858
107.705,61.7852
107.65,61.7123
107.596,61.6394
107.541,61.5666
107.487,61.4937
107.432,61.4208
107.377,61.3479
107.323,61.2751
107.268,61.2022
107.214,61.1293
107.159,61.0565
107.105,60.9836
107.05,60.9107
106.996,60.8378
106.941,60.765
106.886,60.6921
106.832,60.6192
106.777,60.5464
106.723,60.4735
106.668,60.4006
106.614,60.3278
106.559,60.2549
106.505,60.1821
106.45,60.1092
106.395,60.0363
106.341,59.9635
106.286,59.8906
106.232,59.8177
106.177,59.7449
106.123,59.672
106.068,59.5992
106.013,59.5263
105.959,59.4534
105.904,59.3806
105.85,59.3077
105.795,59.2349
105.74,59.162
105.686,59.0892
105.631,59.0163
105.577,58.9435
105.522,58.8706
105.468,58.7978
105.413,58.7249
105.358,58.6521
105.304,58.5792
105.249,58.5064
105.195,58.4335
105.14,58.3607
105.085,58.2878
105.031,58.215
104.976,58.1422
104.922,58.0693
104.867,57.9965
104.813,57.9236
104.758,57.8508
104.703,57.7779
104.649,57.7051
104.594,57.6322
104.54,57.5594
104.485,57.4866
104.43,57.4137
104.376,57.3409
104.321,57.268
104.267,57.1952
104.212,57.1223
104.158,57.0495
104.103,56.9767
104.048,56.9038
103.994,56.831
103.939,56.7581
103.885,56.6853
103.83,56.6125
103.776,56.5396
103.721,56.4668
103.666,56.3939
103.612,56.3211
103.557,56.2483
103.503,56.1754
103.448,56.1026
103.393,56.0298
103.339,55.9569
103.284,55.8841
103.23,55.8113
103.175,55.7384
103.121,55.6656
103.066,55.5928
103.011,55.5199
102.957,55.4471
102.902,55.3743
102.848,55.3014
102.793,55.2286
102.739,55.1558
102.684,55.0829
102.629,55.0101
102.575,54.9373
102.52,54.8644
102.466,54.7916
102.411,54.7188
102.357,54.646
102.302,54.5731
102.248,54.5003
102.193,54.4275
102.138,54.3546
102.084,54.2818
102.029,54.209
101.975,54.1362
101.92,54.0633
101.866,53.9905
101.811,53.9177
101.756,53.8449
101.702,53.7721
101.647,53.6992
101.593,53.6264
101.538,53.5536
101.484,53.4808
101.429,53.4079
101.375,53.3351
101.32,53.2623
101.265,53.1895
101.211,53.1167
101.156,53.0438
101.102,52.971
101.047,52.8982
100.993,52.8254
100.938,52.7526
100.884,52.6798
100.829,52.6069
100.774,52.5341
100.72,52.4613
100.665,52.3885
100.611,52.3157
100.556,52.2429
100.502,52.1701
100.447,52.0972
100.393,52.0244
100.338,51.9516
100.283,51.8788
100.229,51.806
100.174,51.7332
100.12,51.6604
100.065,51.5876
100.011,51.5148
99.9562,51.442
99.9016,51.3692
99.8471,51.2963
99.7925,51.2235
99.738,51.1507
99.6834,51.0779
99.6289,51.0051
99.5743,50.9323
99.5198,50.8595
99.4653,50.7867
99.4107,50.7139
99.3562,50.6411
99.3016,50.5683
99.2471,50.4955
99.1926,50.4227
99.138,50.3499
99.0835,50.2771
99.0289,50.2043
98.9744,50.1315
98.9199,50.0587
98.8653,49.9859
98.8108,49.9131
98.7562,49.8403
98.7017,49.7675
98.6471,49.6948
98.5925,49.622
98.5379,49.5492
98.4832,49.4765
98.4286,49.4037
98.374,49.3309
98.3194,49.2582
98.2648,49.1854
98.2101,49.1126
98.1555,49.0399
98.1009,48.9671
98.0463,48.8944
97.9917,48.8216
97.9371,48.7488
97.8824,48.6761
97.8278,48.6033
97.7732,48.5306
97.7186,48.4578
97.664,48.3851
97.6094,48.3123
97.5548,48.2395
97.5002,48.1668
97.4456,48.094
97.3909,48.0213
97.3363,47.9485
97.2817,47.8758
97.2271,47.803
97.1725,47.7303
97.1179,47.6575
97.0633,47.5848
97.0087,47.512
96.9541,47.4393
96.8995,47.3665
96.8449,47.2938
96.7903,47.221
96.7357,47.1483
96.6811,47.0756
96.6265,47.0028
96.5719,46.9301
96.5173,46.8573
96.4627,46.7846
96.4081,46.7118
96.3535,46.6391
96.2989,46.5664
96.2443,46.4936
96.1897,46.4209
96.1351,46.3481
96.0805,46.2754
96.0259,46.2027
95.9713,46.1299
95.9167,46.0572
95.8621,45.9845
95.8075,45.9117
95.7529,45.839
95.6983,45.7663
95.6437,45.6935
95.5891,45.6208
95.5346,45.5481
95.48,45.4753
95.4254,45.4026
95.3708,45.3299
95.3162,45.2571
95.2616,45.1844
95.207,45.1117
95.1524,45.039
95.0978,44.9662
95.0433,44.8935
94.9887,44.8208
94.9341,44.7481
94.8795,44.6753
94.8249,44.6026
94.7703,44.5299
94.8542,44.5872
94.9381,44.6445
95.022,44.7017
95.1059,44.759
95.1897,44.8163
95.2736,44.8736
95.3575,44.9309
95.4414,44.9882
95.3868,44.9154
95.3322,44.8427
95.2776,44.77
95.223,44.6973
95.1685,44.6245
95.1139,44.5518
95.0593,44.4791
95.0047,44.4064
94.9501,44.3336
94.8955,44.2609
94.8409,44.1882
94.7864,44.1155
94.7318,44.0428
94.6772,43.97
94.6226,43.8973
94.568,43.8246
94.6519,43.8819
94.7358,43.9391
94.8196,43.9964
94.9035,44.0536
94.9874,44.1109
95.0713,44.1681
95.1551,44.2254
95.239,44.2827
95.1844,44.2099
95.1298,44.1372
95.0752,44.0645
95.0207,43.9918
94.9661,43.9191
94.9115,43.8463
94.8569,43.7736
94.8023,43.7009
94.8862,43.7581
94.97,43.8154
95.0539,43.8726
95.1377,43.9298
95.2216,43.9871
95.3055,44.0443
95.3893,44.1015
95.4732,44.1588
95.4186,44.086
95.364,44.0133
95.3094,43.9406
95.2548,43.8679
95.2002,43.7952
95.1457,43.7224
95.0911,43.6497
95.0365,43.577
94.9819,43.5043
94.9273,43.4316
94.8727,43.3589
94.8182,43.2861
94.7636,43.2134
94.709,43.1407
94.6544,43.068
94.5998,42.9953
94.6837,43.0525
94.7675,43.1097
94.8514,43.1669
94.9352,43.2241
95.0191,43.2813
95.1029,43.3385
95.1867,43.3957
95.2706,43.4529
95.216,43.3802
95.1614,43.3075
95.1068,43.2348
95.0522,43.1621
94.9977,43.0894
94.9431,43.0166
94.8885,42.9439
94.8339,42.8712
94.9177,42.9284
95.0016,42.9856
95.0854,43.0427
95.1692,43.0999
95.2531,43.1571
95.3369,43.2143
95.4207,43.2715
95.5046,43.3286
95.45,43.2559
95.3954,43.1832
95.3408,43.1105
95.2862,43.0378
95.2316,42.9651
95.177,42.8923
95.1225,42.8196
95.0679,42.7469
95.0133,42.6742
94.9587,42.6015
94.9041,42.5288
94.8495,42.4561
94.795,42.3834
94.7404,42.3107
94.6858,42.2379
94.6312,42.1652
94.715,42.2224
94.7988,42.2795
94.8827,42.3367
94.9665,42.3938
95.0503,42.451
95.1341,42.5081
95.2179,42.5653
95.3018,42.6224
95.2472,42.5497
95.1926,42.477
95.138,42.4043
95.0834,42.3316
95.0288,42.2589
94.9742,42.1862
94.9197,42.1135
94.8651,42.0407
94.9489,42.0979
95.0327,42.155
95.1165,42.2121
95.2003,42.2692
95.2841,42.3263
95.3679,42.3835
95.4517,42.4406
95.5355,42.4977
95.4809,42.425
95.4263,42.3523
95.3718,42.2796
95.3172,42.2069
95.2626,42.1341
95.208,42.0614
95.1534,41.9887
95.0988,41.916
95.0442,41.8433
94.9896,41.7706
94.9351,41.6979
94.8805,41.6252
94.8259,41.5525
94.7713,41.4798
94.7167,41.4071
94.6621,41.3344
94.7459,41.3915
94.8297,41.4486
94.9135,41.5056
94.9973,41.5627
95.0811,41.6198
95.1649,41.6769
95.2487,41.734
95.3325,41.7911
95.2779,41.7184
95.2233,41.6457
95.1687,41.573
95.1141,41.5002
95.0595,41.4275
95.0049,41.3548
94.9504,41.2821
94.8958,41.2094
94.9796,41.2665
95.0633,41.3235
95.1471,41.3806
95.2309,41.4376
95.3147,41.4947
95.3984,41.5518
95.4822,41.6088
95.566,41.6659
95.5114,41.5932
95.4568,41.5205
95.4022,41.4478
95.3476,41.375
95.293,41.3023
95.2385,41.2296
95.1839,41.1569
95.1293,41.0842
95.0747,41.0115
95.0201,40.9388
94.9655,40.8661
94.9109,40.7934
94.8564,40.7207
94.8018,40.648
94.7472,40.5753
94.6926,40.5026
94.7764,40.5596
94.8601,40.6167
94.9439,40.6737
95.0276,40.7307
95.1114,40.7877
95.1951,40.8447
95.2789,40.9018
95.3627,40.9588
95.3081,40.8861
95.2535,40.8134
95.1989,40.7407
95.1443,40.668
95.0897,40.5953
95.0351,40.5226
94.9806,40.4499
94.926,40.3772
95.0097,40.4342
95.0935,40.4911
95.1772,40.5481
95.2609,40.6051
95.3447,40.6621
95.4284,40.7191
95.5122,40.7761
95.5959,40.8331
95.5413,40.7604
95.4867,40.6877
95.4321,40.615
95.3776,40.5423
95.323,40.4696
95.2684,40.3969
95.2138,40.3242
95.1592,40.2515
95.1046,40.1788
95.05,40.1061
94.9954,40.0334
94.9408,39.9607
94.8863,39.888
94.8317,39.8153
94.7771,39.7426
94.7225,39.6699
94.8062,39.7268
94.89,39.7838
94.9737,39.8407
95.0574,39.8977
95.1411,39.9546
95.2248,40.0116
95.3086,40.0685
95.3923,40.1255
95.3377,40.0528
95.2831,39.9801
95.2285,39.9074
95.1739,39.8347
95.1194,39.762
95.0648,39.6893
95.0102,39.6166
94.9556,39.5439
95.0393,39.6008
95.123,39.6577
95.2067,39.7146
95.2904,39.7715
95.3741,39.8284
95.4578,39.8854
95.5415,39.9423
95.6252,39.9992
95.5707,39.9265
95.5161,39.8538
95.4615,39.7811
95.4069,39.7084
95.3523,39.6357
95.2977,39.563
95.2431,39.4903
95.1885,39.4176
95.1339,39.3449
95.0793,39.2722
95.0248,39.1995
94.9702,39.1268
94.9156,39.0542
94.861,38.9815
94.8064,38.9088
94.7518,38.8361
94.8355,38.893
94.9192,38.9498
95.0029,39.0067
95.0866,39.0635
95.1702,39.1204
95.2539,39.1773
95.3376,39.2341
95.4213,39.291
95.3667,39.2183
95.3121,39.1456
95.2575,39.0729
95.2029,39.0002
95.1483,38.9275
95.0938,38.8549
95.0392,38.7822
94.9846,38.7095
95.0682,38.7663
95.1519,38.8231
95.2356,38.88
95.3192,38.9368
95.4029,38.9936
95.4866,39.0504
95.5703,39.1072
95.6539,39.1641
95.5993,39.0914
95.5447,39.0187
95.4901,38.946
95.4355,38.8733
95.381,38.8006
95.3264,38.7279
95.2718,38.6552
95.2172,38.5825
95.1626,38.5099
95.108,38.4372
95.0534,38.3645
94.9988,38.2918
94.9442,38.2191
94.8896,38.1465
94.8351,38.0738
94.7805,38.0011
94.8641,38.0579
94.9478,38.1146
95.0314,38.1714
95.115,38.2282
95.1987,38.2849
95.2823,38.3417
95.366,38.3985
95.4496,38.4553
95.395,38.3826
95.3404,38.3099
95.2858,38.2372
95.2312,38.1645
95.1766,38.0918
95.1221,38.0192
95.0675,37.9465
95.0129,37.8738
94.9583,37.8011
94.9037,37.7284
94.8491,37.6558
94.7945,37.5831
94.7399,37.5104
94.6853,37.4377
94.6307,37.3651
94.5762,37.2924
94.6598,37.3491
94.7434,37.4058
94.827,37.4625
94.9106,37.5193
94.9942,37.576
95.0779,37.6327
95.1615,37.6894
95.2451,37.7461
95.1905,37.6735
95.1359,37.6008
95.0813,37.5281
95.0267,37.4554
94.9721,37.3827
94.9175,37.3101
94.863,37.2374
94.8084,37.1647
94.892,37.2214
94.9756,37.2781
95.0592,37.3347
95.1427,37.3914
95.2263,37.4481
95.3099,37.5047
95.3935,37.5614
95.4771,37.6181
95.4225,37.5454
95.3679,37.4727
95.3134,37.4001
95.2588,37.3274
95.2042,37.2547
95.1496,37.182
95.095,37.1093
95.0404,37.0367
94.9858,36.964
94.9312,36.8913
94.8766,36.8187
94.822,36.746
94.7674,36.6733
94.7128,36.6006
94.6582,36.528
94.6036,36.4553
94.6872,36.5119
94.7708,36.5685
94.8543,36.6251
94.9379,36.6818
95.0215,36.7384
95.105,36.795
95.1886,36.8516
95.2722,36.9082
95.2176,36.8355
95.163,36.7628
95.1084,36.6902
95.0538,36.6175
94.9992,36.5448
94.9446,36.4722
94.89,36.3995
94.8354,36.3268
94.919,36.3834
95.0025,36.4399
95.0861,36.4965
95.1696,36.5531
95.2531,36.6096
95.3367,36.6662
95.4202,36.7227
95.5038,36.7793
95.4492,36.7066
95.3946,36.6339
95.34,36.5613
95.2854,36.4886
95.2308,36.4159
95.1762,36.3433
95.1216,36.2706
95.067,36.1979
95.0124,36.1253
94.9578,36.0526
94.9032,35.9799
94.8486,35.9073
94.794,35.8346
94.7394,35.7619
94.6848,35.6893
94.6302,35.6166
94.7137,35.6731
94.7973,35.7296
94.8808,35.7861
94.9643,35.8426
95.0478,35.8991
95.1313,35.9556
95.2148,36.012
95.2983,36.0685
95.2437,35.9959
95.1891,35.9232
95.1345,35.8505
95.0799,35.7779
95.0253,35.7052
94.9707,35.6326
94.9161,35.5599
94.8615,35.4872
94.945,35.5437
95.0285,35.6001
95.112,35.6565
95.1955,35.7129
95.279,35.7694
95.3624,35.8258
95.4459,35.8822
95.5294,35.9387
95.4748,35.866
95.4202,35.7933
95.3656,35.7207
95.311,35.648
95.2564,35.5753
95.2018,35.5027
95.1472,35.43
95.0926,35.3573
95.038,35.2847
94.9834,35.212
94.9288,35.1394
94.8742,35.0667
94.8196,34.9941
94.765,34.9214
94.7104,34.8488
94.6558,34.7761
94.7393,34.8325
94.8227,34.8888
94.9062,34.9452
94.9896,35.0015
95.0731,35.0579
95.1565,35.1142
95.2399,35.1706
95.3234,35.2269
95.2688,35.1543
95.2142,35.0816
95.1596,35.0089
95.105,34.9363
95.0504,34.8636
94.9958,34.791
94.9412,34.7183
94.8866,34.6457
94.97,34.702
95.0534,34.7582
95.1368,34.8145
95.2202,34.8708
95.3037,34.9271
95.3871,34.9834
95.4705,35.0397
95.5539,35.0959
95.4993,35.0233
95.4447,34.9506
95.3901,34.878
95.3355,34.8053
95.2809,34.7327
95.2263,34.66
95.1717,34.5873
95.1171,34.5147
95.0625,34.442
95.0079,34.3694
94.9533,34.2968
94.8987,34.2241
94.8441,34.1515
94.7895,34.0788
94.7349,34.0062
94.6803,33.9335
94.7636,33.9897
94.847,34.0459
94.9304,34.1021
95.0138,34.1583
95.0971,34.2145
95.1805,34.2707
95.2639,34.3269
95.3472,34.3831
95.2926,34.3104
95.238,34.2378
95.1834,34.1651
95.1288,34.0925
95.0742,34.0198
95.0196,33.9472
94.965,33.8745
94.9104,33.8019
94.9937,33.858
95.0771,33.9141
95.1604,33.9702
95.2438,34.0263
95.3271,34.0825
95.4104,34.1386
95.4938,34.1947
95.5771,34.2508
95.5225,34.1782
95.4679,34.1055
95.4133,34.0329
95.3587,33.9602
95.3041,33.8876
95.2495,33.8149
95.1949,33.7423
95.1402,33.6696
95.0856,33.597
95.031,33.5244
94.9764,33.4517
94.9218,33.3791
94.8672,33.3064
94.8126,33.2338
94.758,33.1612
94.7034,33.0885
94.7867,33.1445
94.87,33.2005
94.9532,33.2566
95.0365,33.3126
95.1198,33.3686
95.2031,33.4246
95.2864,33.4806
95.3697,33.5366
95.3151,33.464
95.2605,33.3913
95.2059,33.3187
95.1513,33.2461
95.0966,33.1734
95.042,33.1008
94.9874,33.0281
94.9328,32.9555
95.0161,33.0114
95.0993,33.0673
95.1826,33.1233
95.2658,33.1792
95.3491,33.2351
95.4323,33.291
95.5156,33.347
95.5988,33.4029
95.5442,33.3302
95.4896,33.2576
95.435,33.185
95.3803,33.1123
95.3257,33.0397
95.2711,32.967
95.2165,32.8944
95.1619,32.8218
95.1073,32.7491
95.0527,32.6765
94.9981,32.6039
94.9434,32.5313
94.8888,32.4586
94.8342,32.386
94.7796,32.3134
94.725,32.2408
94.8082,32.2965
94.8914,32.3523
94.9746,32.4081
95.0577,32.4639
95.1409,32.5197
95.2241,32.5755
95.3073,32.6313
95.3905,32.6871
95.3359,32.6145
95.2813,32.5419
95.2267,32.4692
95.172,32.3966
95.1174,32.324
95.0628,32.2514
95.0082,32.1787
94.9536,32.1061
95.0367,32.1618
95.1199,32.2175
95.203,32.2732
95.2862,32.3289
95.3693,32.3846
95.4524,32.4403
95.5356,32.496
95.6187,32.5516
95.5641,32.479
95.5095,32.4064
95.4549,32.3338
95.4002,32.2611
95.3456,32.1885
95.291,32.1159
95.2364,32.0432
95.1818,31.9706
95.1272,31.898
95.0725,31.8254
95.0179,31.7528
94.9633,31.6802
94.9087,31.6075
94.854,31.5349
94.7994,31.4623
94.7448,31.3897
94.8279,31.4452
94.911,31.5008
94.994,31.5563
95.0771,31.6119
95.1602,31.6674
95.2433,31.723
95.3263,31.7785
95.4094,31.834
95.3548,31.7614
95.3002,31.6888
95.2455,31.6162
95.1909,31.5436
95.1363,31.471
95.0817,31.3983
95.027,31.3257
94.9724,31.2531
95.0554,31.3085
95.1385,31.364
95.2215,31.4194
95.3045,31.4748
95.3875,31.5302
95.4705,31.5856
95.5536,31.6411
95.6366,31.6965
95.5819,31.6239
95.5273,31.5513
95.4727,31.4786
95.4181,31.406
95.3634,31.3334
95.3088,31.2608
95.2542,31.1882
95.1996,31.1156
95.1449,31.043
95.0903,30.9704
95.0357,30.8977
94.981,30.8251
94.9264,30.7525
94.8718,30.6799
94.8172,30.6073
94.7625,30.5347
94.8455,30.59
94.9284,30.6452
95.0113,30.7005
95.0943,30.7557
95.1772,30.8109
95.2601,30.8662
95.3431,30.9214
95.426,30.9767
95.3714,30.9041
95.3167,30.8315
95.2621,30.7588
95.2075,30.6862
95.1529,30.6136
95.0982,30.541
95.0436,30.4684
94.989,30.3958
95.0718,30.4509
95.1547,30.506
95.2376,30.5611
95.3204,30.6162
95.4033,30.6713
95.4862,30.7264
95.569,30.7815
95.6519,30.8366
95.5973,30.764
95.5426,30.6914
95.488,30.6188
95.4334,30.5462
95.3787,30.4736
95.3241,30.401
95.2695,30.3284
95.2148,30.2557
95.1602,30.1832
95.1056,30.1106
95.0509,30.038
94.9963,29.9654
94.9416,29.8928
94.887,29.8202
94.8324,29.7476
94.7777,29.675
94.8612,29.7327
94.9447,29.7903
95.0282,29.8479
95.1117,29.9055
95.1952,29.9631
95.2787,30.0207
95.3622,30.0784
95.4457,30.136
95.3729,30.0392
95.3,29.9424
95.2271,29.8456
95.1543,29.7488
95.0814,29.652
95.0086,29.5553
94.9382,29.5332
94.8678,29.5111
94.7974,29.489
94.727,29.4669
94.6566,29.4449
94.5862,29.4228
94.5159,29.4007
94.4455,29.3786
94.5568,29.4554
94.6681,29.5323
94.7795,29.6091
94.8908,29.6859
95.0021,29.7627
95.1135,29.8396
95.0431,29.8175
94.9727,29.7954
94.9023,29.7733
94.8319,29.7512
94.7615,29.7291
94.6911,29.707
94.6208,29.6849
94.5504,29.6628
94.6339,29.7204
94.7174,29.7781
94.8009,29.8357
94.8844,29.8934
94.9679,29.951
95.0514,30.0086
95.1349,30.0663
95.2185,30.1239
95.1638,30.0513
95.1092,29.9787
95.0545,29.9062
94.9999,29.8336
94.9453,29.761
94.8906,29.6884
94.836,29.6158
94.7813,29.5432
94.8648,29.6008
94.9483,29.6584
95.0318,29.716
95.1153,29.7736
95.1988,29.8312
95.2823,29.8888
95.3658,29.9464
95.4493,30.004
95.3764,29.9073
95.3035,29.8105
95.2307,29.7137
95.1578,29.6169
95.085,29.5201
95.0121,29.4233
94.9417,29.4013
94.8713,29.3792
94.8009,29.3571
94.7306,29.335
94.6602,29.313
94.5898,29.2909
94.5194,29.2688
94.449,29.2467
94.5603,29.3235
94.6716,29.4003
94.783,29.4771
94.8943,29.5539
95.0056,29.6307
95.1169,29.7075
95.0466,29.6855
94.9762,29.6634
94.9058,29.6413
94.8354,29.6192
94.765,29.5971
94.6946,29.575
94.6242,29.5529
94.5538,29.5308
94.6652,29.6077
94.7765,29.6845
94.8878,29.7613
94.9992,29.8382
95.1105,29.915
95.2219,29.9918
95.1515,29.9697
95.0811,29.9476
95.0107,29.9255
94.9403,29.9034
94.8699,29.8813
94.7995,29.8592
94.7291,29.8371
94.6587,29.815
94.7423,29.8726
94.8258,29.9303
94.9093,29.9879
94.9928,30.0456
95.0763,30.1032
95.1598,30.1609
95.2433,30.2185
95.3269,30.2762
95.2722,30.2036
95.2176,30.131
95.1629,30.0584
95.1083,29.9858
95.0537,29.9132
94.999,29.8406
94.9444,29.768
94.8897,29.6954
94.9732,29.753
95.0567,29.8107
95.1402,29.8683
95.2237,29.9259
95.3072,29.9835
95.3907,30.0411
95.4742,30.0987
95.5577,30.1563
95.4848,30.0595
95.412,29.9627
95.3391,29.8659
95.2663,29.7692
95.1934,29.6724
95.1206,29.5756
95.0502,29.5535
94.9798,29.5314
94.9094,29.5093
94.839,29.4872
94.7686,29.4652
94.6982,29.4431
94.6278,29.421
94.5574,29.3989
94.6688,29.4757
94.7801,29.5525
94.8914,29.6293
95.0027,29.7061
95.1141,29.783
95.2254,29.8598
95.155,29.8377
95.0846,29.8156
95.0142,29.7935
94.9438,29.7714
94.8734,29.7493
94.8031,29.7272
94.7327,29.7051
94.6623,29.683
94.7458,29.7406
94.8293,29.7982
94.9128,29.8559
94.9963,29.9135
95.0798,29.9711
95.1633,30.0288
95.2468,30.0864
95.3303,30.144
95.2757,30.0714
95.221,29.9988
95.1664,29.9263
95.1118,29.8537
95.0571,29.7811
95.0025,29.7085
94.9478,29.6359
94.8932,29.5633
94.9767,29.6209
95.0602,29.6785
95.1437,29.7361
95.2271,29.7937
95.3106,29.8513
95.3941,29.9089
95.4776,29.9665
95.5611,30.0241
95.4882,29.9273
95.4154,29.8305
95.3425,29.7337
95.2697,29.6369
95.1968,29.5401
95.1239,29.4433
95.0535,29.4213
94.9832,29.3992
94.9128,29.3771
94.8424,29.355
94.772,29.3329
94.7016,29.3109
94.6312,29.2888
94.5608,29.2667
94.6721,29.3435
94.7834,29.4203
94.8948,29.4971
95.0061,29.5739
95.1174,29.6506
95.2287,29.7274
95.1583,29.7053
95.0879,29.6833
95.0175,29.6612
94.9472,29.6391
94.8768,29.617
94.8064,29.5949
94.736,29.5728
94.6656,29.5507
94.7491,29.6083
94.8326,29.6659
94.9161,29.7235
94.9996,29.7811
95.0831,29.8388
95.1666,29.8964
95.2501,29.954
95.3336,30.0116
95.2789,29.939
95.2243,29.8664
95.1696,29.7939
95.115,29.7213
95.0604,29.6487
95.0057,29.5761
94.9511,29.5035
94.8964,29.4309
95.0077,29.5077
95.119,29.5845
95.2303,29.6612
95.3417,29.738
95.453,29.8148
95.5643,29.8915
95.4704,29.8621
95.3765,29.8326
95.2827,29.8031
95.1888,29.7736
95.095,29.7441
95.0011,29.7147
94.9307,29.6926
94.8603,29.6705
94.7899,29.6484
94.7196,29.6263
94.6492,29.6042
94.5788,29.5821
94.5084,29.5601
94.438,29.538
94.5493,29.6148
94.6607,29.6917
94.772,29.7685
94.8834,29.8454
94.9947,29.9222
95.1061,29.9991
95.0357,29.977
94.9653,29.9549
94.8949,29.9328
94.8245,29.9107
94.7541,29.8886
94.6838,29.8665
94.6134,29.8444
94.543,29.8223
94.6265,29.8799
94.71,29.9376
94.7935,29.9952
94.8771,30.0529
94.9606,30.1106
95.0441,30.1682
95.1276,30.2259
95.2112,30.2835
95.1565,30.211
95.1019,30.1384
95.0472,30.0658
94.9926,29.9932
94.938,29.9206
94.8833,29.848
94.8287,29.7754
94.774,29.7028
94.8575,29.7604
94.941,29.8181
95.0245,29.8757
95.108,29.9333
95.1915,29.9909
95.2751,30.0486
95.3586,30.1062
95.4421,30.1638
95.3692,30.067
95.2963,29.9702
95.2235,29.8734
95.1506,29.7767
95.0778,29.6799
95.0049,29.5831
94.9345,29.561
94.8641,29.5389
94.7938,29.5168
94.7234,29.4947
94.653,29.4727
94.5826,29.4506
94.5122,29.4285
94.4418,29.4064
94.5531,29.4832
94.6645,29.5601
94.7758,29.6369
94.8872,29.7137
94.9985,29.7906
95.1098,29.8674
95.0394,29.8453
94.9691,29.8232
94.8987,29.8011
94.8283,29.779
94.7579,29.7569
94.6875,29.7348
94.6171,29.7127
94.5467,29.6906
94.6302,29.7483
94.7137,29.8059
94.7973,29.8636
94.8808,29.9212
94.9643,29.9788
95.0478,30.0365
95.1313,30.0941
95.2148,30.1518
95.1602,30.0792
95.1056,30.0066
95.0509,29.934
94.9963,29.8614
94.9416,29.7888
94.887,29.7163
94.8324,29.6437
94.7777,29.5711
94.8612,29.6287
94.9447,29.6863
95.0282,29.7439
95.1117,29.8015
95.1952,29.8591
95.2787,29.9167
95.3622,29.9743
95.4457,30.0319
95.3728,29.9351
95.2999,29.8384
95.2271,29.7416
95.1542,29.6448
95.0814,29.548
95.0085,29.4512
94.9381,29.4291
94.8677,29.4071
94.7973,29.385
94.727,29.3629
94.6566,29.3408
94.5862,29.3188
94.5158,29.2967
94.4454,29.2746
94.5567,29.3514
94.668,29.4282
94.7794,29.505
94.8907,29.5818
95.002,29.6586
95.1134,29.7354
95.043,29.7134
94.9726,29.6913
94.9022,29.6692
94.8318,29.6471
94.7614,29.625
94.691,29.6029
94.6206,29.5808
94.5502,29.5587
94.6337,29.6163
94.7173,29.674
94.8008,29.7316
94.8843,29.7892
94.9678,29.8469
95.0513,29.9045
95.1348,29.9621
95.2183,30.0197
95.1636,29.9472
95.109,29.8746
95.0544,29.802
94.9997,29.7294
94.9451,29.6568
94.8904,29.5842
94.8358,29.5116
94.7812,29.4391
94.8925,29.5158
95.0038,29.5926
95.1151,29.6694
95.2264,29.7462
95.3377,29.823
95.449,29.8998
95.3786,29.8777
95.3082,29.8556
95.2379,29.8335
95.1675,29.8114
95.0971,29.7892
95.0267,29.7671
94.9563,29.745
94.8859,29.7229
94.9694,29.7805
95.0529,29.8382
95.1364,29.8958
95.2199,29.9534
95.3034,30.011
95.3869,30.0686
95.4704,30.1262
95.5539,30.1838
95.481,30.0871
95.4082,29.9903
95.3353,29.8935
95.2624,29.7967
95.1896,29.6999
95.1167,29.6031
95.0463,29.581
94.9759,29.5589
94.9056,29.5368
94.8352,29.5148
94.7648,29.4927
94.6944,29.4706
94.624,29.4485
94.5536,29.4264
94.6649,29.5032
94.7763,29.58
94.8876,29.6569
94.9989,29.7337
95.1103,29.8105
95.2216,29.8873
95.1512,29.8652
95.0808,29.8431
95.0104,29.821
94.94,29.7989
94.8696,29.7768
94.7992,29.7547
94.7289,29.7326
94.6585,29.7105
94.742,29.7682
94.8255,29.8258
94.909,29.8834
94.9925,29.9411
95.076,29.9987
95.1595,30.0563
95.243,30.114
95.3265,30.1716
95.2719,30.099
95.2173,30.0264
95.1626,29.9538
95.108,29.8812
95.0533,29.8086
94.9987,29.7361
94.944,29.6635
94.8894,29.5909
94.9729,29.6485
95.0564,29.7061
95.1399,29.7637
95.2234,29.8213
95.3068,29.8789
95.3903,29.9365
95.4738,29.9941
95.5573,30.0517
95.4845,29.9549
95.4116,29.8581
95.3387,29.7613
95.2659,29.6645
95.193,29.5677
95.1202,29.4709
95.0498,29.4489
94.9794,29.4268
94.909,29.4047
94.8386,29.3826
94.7682,29.3605
94.6978,29.3385
94.6274,29.3164
94.557,29.2943
94.6684,29.3711
94.7797,29.4479
94.891,29.5247
95.0023,29.6015
95.1136,29.6783
95.225,29.7551
95.1546,29.733
95.0842,29.7109
95.0138,29.6888
94.9434,29.6667
94.873,29.6446
94.8026,29.6225
94.7322,29.6004
94.6618,29.5783
94.7453,29.6359
94.8288,29.6935
94.9123,29.7512
94.9958,29.8088
95.0793,29.8664
95.1628,29.924
95.2463,29.9816
95.3298,30.0392
95.2752,29.9667
95.2205,29.8941
95.1659,29.8215
95.1113,29.7489
95.0566,29.6763
95.002,29.6037
94.9473,29.5311
94.8927,29.4586
95.004,29.5353
95.1153,29.6121
95.2266,29.6889
95.3379,29.7656
95.4492,29.8424
95.5605,29.9192
95.4901,29.8971
95.4197,29.875
95.3494,29.8529
95.279,29.8308
95.2086,29.8087
95.1382,29.7865
95.0678,29.7644
94.9974,29.7423
95.0809,29.7999
95.1644,29.8575
95.2479,29.9151
95.3314,29.9728
95.4148,30.0304
95.4983,30.088
95.5818,30.1456
95.6653,30.2032
95.5925,30.1064
95.5196,30.0096
95.4467,29.9128
95.3739,29.816
95.301,29.7192
95.2282,29.6224
95.1578,29.6003
95.0874,29.5782
95.017,29.5562
94.9466,29.5341
94.8762,29.512
94.8058,29.4899
94.7354,29.4678
94.665,29.4457
94.7764,29.5225
94.8877,29.5993
94.999,29.6761
95.1103,29.7529
95.2217,29.8297
95.333,29.9065
95.2626,29.8844
95.1922,29.8623
95.1218,29.8402
95.0514,29.8181
94.981,29.796
94.9106,29.7739
94.8402,29.7518
94.7699,29.7297
94.8534,29.7873
94.9369,29.845
95.0204,29.9026
95.1039,29.9602
95.1874,30.0178
95.2709,30.0755
95.3544,30.1331
95.4379,30.1907
95.365,30.0939
95.2922,29.9971
95.2193,29.9003
95.1465,29.8036
95.0736,29.7068
95.0008,29.61
94.9304,29.5879
94.86,29.5658
94.7896,29.5437
94.7192,29.5216
94.6488,29.4996
94.5784,29.4775
94.508,29.4554
94.4376,29.4333
94.549,29.5101
94.6603,29.587
94.7717,29.6638
94.883,29.7406
94.9943,29.8175
95.1057,29.8943
95.0353,29.8722
94.9649,29.8501
94.8945,29.828
94.8241,29.8059
94.7537,29.7838
94.6833,29.7617
94.613,29.7396
94.5426,29.7175
94.6261,29.7752
94.7096,29.8328
94.7931,29.8905
94.8766,29.9481
94.9601,30.0058
95.0437,30.0634
95.1272,30.1211
95.2107,30.1787
95.1561,30.1061
95.1014,30.0335
95.0468,29.961
94.9921,29.8884
94.9375,29.8158
94.8829,29.7432
94.8282,29.6706
94.7736,29.598
94.8571,29.6556
94.9406,29.7132
95.0241,29.7708
95.1076,29.8285
95.191,29.8861
95.2745,29.9437
95.358,30.0013
95.4415,30.0589
95.3687,29.9621
95.2958,29.8653
95.223,29.7685
95.1501,29.6718
95.0772,29.575
95.0044,29.4782
94.934,29.4561
94.8636,29.434
94.7932,29.412
94.7228,29.3899
94.6524,29.3678
94.5821,29.3457
94.5117,29.3236
94.4413,29.3016
94.5526,29.3784
94.6639,29.4552
94.7753,29.532
94.8866,29.6088
94.9979,29.6856
95.1093,29.7624
95.0389,29.7403
94.9685,29.7183
94.8981,29.6962
94.8277,29.6741
94.7573,29.652
94.6869,29.6299
94.6165,29.6078
94.5461,29.5857
94.6296,29.6433
94.7132,29.701
94.7967,29.7586
94.8802,29.8162
94.9637,29.8739
95.0472,29.9315
95.1307,29.9891
95.2142,30.0468
95.1596,29.9742
95.1049,29.9016
95.0503,29.829
94.9956,29.7564
94.941,29.6838
94.8864,29.6112
94.8317,29.5387
94.7771,29.4661
94.8884,29.5429
94.9997,29.6197
95.111,29.6964
95.2223,29.7732
95.3336,29.85
95.445,29.9268
95.3746,29.9047
95.3042,29.8826
95.2338,29.8605
95.1634,29.8384
95.093,29.8163
95.0226,29.7942
94.9522,29.7721
94.8818,29.75
94.9653,29.8076
95.0488,29.8652
95.1323,29.9228
95.2158,29.9804
95.2993,30.0381
95.3828,30.0957
95.4663,30.1533
95.5498,30.2109
95.477,30.1141
95.4041,30.0173
95.3312,29.9205
95.2584,29.8237
95.1855,29.727
95.1127,29.6302
95.0423,29.6081
94.9719,29.586
94.9015,29.5639
94.8311,29.5418
94.7607,29.5197
94.6903,29.4976
94.6199,29.4756
94.5496,29.4535
94.6609,29.5303
94.7722,29.6071
94.8836,29.6839
94.9949,29.7608
95.1062,29.8376
95.2176,29.9144
95.1472,29.8923
95.0768,29.8702
95.0064,29.8481
94.936,29.826
94.8656,29.8039
94.7952,29.7818
94.7248,29.7597
94.6544,29.7376
94.7379,29.7952
94.8214,29.8529
94.905,29.9105
94.9885,29.9681
95.072,30.0258
95.1555,30.0834
95.239,30.1411
95.3225,30.1987
95.2679,30.1261
95.2132,30.0535
95.1586,29.9809
95.104,29.9083
95.0493,29.8357
94.9947,29.7632
94.94,29.6906
94.8854,29.618
94.9689,29.6756
95.0524,29.7332
95.1359,29.7908
95.2193,29.8484
95.3028,29.906
95.3863,29.9636
95.4698,30.0212
95.5533,30.0788
95.4805,29.982
95.4076,29.8852
95.3347,29.7884
95.2619,29.6916
95.189,29.5949
95.1162,29.4981
95.0458,29.476
94.9754,29.4539
94.905,29.4318
94.8346,29.4097
94.7642,29.3877
94.6938,29.3656
94.6234,29.3435
94.553,29.3214
94.6644,29.3982
94.7757,29.475
94.887,29.5518
94.9983,29.6286
95.1096,29.7054
95.221,29.7822
95.1506,29.7601
95.0802,29.738
95.0098,29.7159
94.9394,29.6938
94.869,29.6717
94.7986,29.6496
94.7282,29.6275
94.6578,29.6054
94.7413,29.6631
94.8248,29.7207
94.9084,29.7783
94.9919,29.8359
95.0754,29.8935
95.1589,29.9512
95.2424,30.0088
95.3259,30.0664
95.2712,29.9938
95.2166,29.9212
95.1619,29.8487
95.1073,29.7761
95.0527,29.7035
94.998,29.6309
94.9434,29.5583
94.8887,29.4857
95,29.5625
95.1113,29.6393
95.2227,29.7161
95.334,29.7928
95.4453,29.8696
95.5566,29.9464
95.4862,29.9243
95.4158,29.9022
95.3454,29.8801
95.275,29.858
95.2046,29.8358
95.1342,29.8137
95.0638,29.7916
94.9934,29.7695
95.0769,29.8271
95.1604,29.8847
95.2439,29.9423
95.3274,30
95.4109,30.0576
95.4944,30.1152
95.5779,30.1728
95.6614,30.2304
95.5885,30.1336
95.5157,30.0368
95.4428,29.94
95.37,29.8432
95.2971,29.7464
95.2242,29.6496
95.1539,29.6275
95.0835,29.6055
95.0131,29.5834
94.9427,29.5613
94.8723,29.5392
94.8019,29.5171
94.7315,29.495
94.6611,29.4729
94.7724,29.5497
94.8838,29.6265
94.9951,29.7033
95.1064,29.7801
95.2177,29.857
95.3291,29.9338
95.2587,29.9117
95.1883,29.8896
95.1179,29.8674
95.0475,29.8453
94.9771,29.8232
94.9067,29.8011
94.8363,29.779
94.7659,29.7569
94.8494,29.8146
94.933,29.8722
95.0165,29.9298
95.1,29.9874
95.1835,30.0451
95.267,30.1027
95.3505,30.1603
95.434,30.218
95.3793,30.1454
95.3247,30.0728
95.2701,30.0002
95.2154,29.9276
95.1608,29.855
95.1061,29.7824
95.0515,29.7098
94.9969,29.6372
95.0803,29.6948
95.1638,29.7524
95.2473,29.81
95.3308,29.8676
95.4143,29.9252
95.4978,29.9828
95.5813,30.0404
95.6647,30.098
95.5919,30.0012
95.519,29.9044
95.4462,29.8076
95.3733,29.7108
95.3004,29.614
95.2276,29.5172
95.1572,29.4952
95.0868,29.4731
95.0164,29.451
94.946,29.4289
94.8756,29.4068
94.8052,29.3847
94.7348,29.3626
94.6645,29.3406
94.7758,29.4173
94.8871,29.4941
94.9984,29.5709
95.1097,29.6477
95.221,29.7245
95.3323,29.8013
95.2619,29.7792
95.1916,29.7571
95.1212,29.735
95.0508,29.7129
94.9804,29.6908
94.91,29.6687
94.8396,29.6466
94.7692,29.6245
94.8527,29.6821
94.9362,29.7397
95.0197,29.7973
95.1032,29.8549
95.1867,29.9125
95.2702,29.9702
95.3537,30.0278
95.4372,30.0854
95.3643,29.9886
95.2915,29.8918
95.2186,29.795
95.1458,29.6982
95.0729,29.6015
95,29.5047
94.9297,29.4826
94.8593,29.4605
94.7889,29.4384
94.7185,29.4164
94.6481,29.3943
94.5777,29.3722
94.5073,29.3501
94.4369,29.328
94.5483,29.4049
94.6596,29.4817
94.7709,29.5585
94.8823,29.6353
94.9936,29.7121
95.1049,29.7889
95.0345,29.7669
94.9641,29.7448
94.8938,29.7227
94.8234,29.7006
94.753,29.6785
94.6826,29.6564
94.6122,29.6343
94.5418,29.6122
94.6253,29.6698
94.7088,29.7275
94.7923,29.7851
94.8758,29.8427
94.9594,29.9004
95.0429,29.958
95.1264,30.0156
95.2099,30.0733
95.1552,30.0007
95.1006,29.9281
95.046,29.8555
94.9913,29.7829
94.9367,29.7104
94.882,29.6378
94.8274,29.5652
94.7728,29.4926
94.8841,29.5694
94.9954,29.6462
95.1067,29.723
95.218,29.7998
95.3293,29.8766
95.4407,29.9534
95.3703,29.9313
95.2999,29.9092
95.2295,29.8871
95.1591,29.8649
95.0887,29.8428
95.0183,29.8207
94.9479,29.7986
94.8775,29.7765
94.961,29.8341
95.0445,29.8918
95.128,29.9494
95.2115,30.007
95.295,30.0646
95.3785,30.1222
95.462,30.1799
95.5455,30.2375
95.4727,30.1407
95.3998,30.0439
95.327,29.9471
95.2541,29.8503
95.1813,29.7535
95.1084,29.6567
95.038,29.6347
94.9676,29.6126
94.8972,29.5905
94.8268,29.5684
94.7564,29.5463
94.6861,29.5242
94.6157,29.5021
94.5453,29.48
94.6566,29.5569
94.7679,29.6337
94.8793,29.7105
94.9906,29.7873
95.102,29.8642
95.2133,29.941
95.1429,29.9189
95.0725,29.8968
95.0021,29.8747
94.9317,29.8526
94.8613,29.8305
94.7909,29.8084
94.7206,29.7863
94.6502,29.7642
94.7337,29.8218
94.8172,29.8795
94.9007,29.9371
94.9842,29.9947
95.0677,30.0524
95.1512,30.11
95.2347,30.1677
95.3183,30.2253
95.2636,30.1527
95.209,30.0801
95.1543,30.0075
95.0997,29.935
95.0451,29.8624
94.9904,29.7898
94.9358,29.7172
94.8811,29.6446
94.9646,29.7022
95.0481,29.7598
95.1316,29.8174
95.2151,29.875
95.2986,29.9326
95.3821,29.9902
95.4656,30.0478
95.5491,30.1054
95.4762,30.0086
95.4034,29.9119
95.3305,29.8151
95.2576,29.7183
95.1848,29.6215
95.1119,29.5247
95.0415,29.5026
94.9712,29.4805
94.9008,29.4585
94.8304,29.4364
94.76,29.4143
94.6896,29.3922
94.6192,29.3701
94.5488,29.348
94.6601,29.4248
94.7715,29.5016
94.8828,29.5785
94.9941,29.6553
95.1054,29.7321
95.2168,29.8089
95.1464,29.7868
95.076,29.7647
95.0056,29.7426
94.9352,29.7205
94.8648,29.6984
94.7944,29.6763
94.724,29.6542
94.6536,29.6321
94.7371,29.6897
94.8206,29.7473
94.9041,29.805
94.9876,29.8626
95.0712,29.9202
95.1547,29.9778
95.2382,30.0355
95.3217,30.0931
95.267,30.0205
95.2124,29.9479
95.1577,29.8753
95.1031,29.8027
95.0485,29.7302
94.9938,29.6576
94.9392,29.585
94.8845,29.5124
94.9958,29.5892
95.1072,29.666
95.2185,29.7428
95.3298,29.8195
95.4411,29.8963
95.5524,29.9731
95.482,29.951
95.4116,29.9289
95.3412,29.9068
95.2708,29.8847
95.2004,29.8625
95.13,29.8404
95.0596,29.8183
94.9893,29.7962
95.0728,29.8538
95.1562,29.9114
95.2397,29.9691
95.3232,30.0267
95.4067,30.0843
95.4902,30.1419
95.5737,30.1995
95.6572,30.2571
95.5844,30.1603
95.5115,30.0635
95.4387,29.9667
95.3658,29.87
95.2929,29.7732
95.2201,29.6764
95.1497,29.6543
95.0793,29.6322
95.0089,29.6101
94.9385,29.588
94.8681,29.5659
94.7977,29.5438
94.7273,29.5217
94.657,29.4996
94.7683,29.5764
94.8796,29.6533
94.9909,29.7301
95.1023,29.8069
95.2136,29.8837
95.3249,29.9605
95.2545,29.9384
95.1841,29.9163
95.1137,29.8942
95.0434,29.8721
94.973,29.85
94.9026,29.8279
94.8322,29.8058
94.7618,29.7837
94.8453,29.8413
94.9288,29.8989
95.0123,29.9566
95.0958,30.0142
95.1793,30.0718
95.2628,30.1295
95.3463,30.1871
95.4298,30.2447
95.3752,30.1721
95.3206,30.0996
95.2659,30.027
95.2113,29.9544
95.1566,29.8818
95.102,29.8092
95.0474,29.7366
94.9927,29.664
95.0762,29.7216
95.1597,29.7792
95.2432,29.8368
95.3267,29.8944
95.4102,29.952
95.4936,30.0096
95.5771,30.0672
95.6606,30.1248
95.5878,30.028
95.5149,29.9312
95.442,29.8344
95.3692,29.7376
95.2963,29.6408
95.2235,29.544
95.1531,29.522
95.0827,29.4999
95.0123,29.4778
94.9419,29.4557
94.8715,29.4336
94.8011,29.4115
94.7307,29.3894
94.6603,29.3673
94.7717,29.4441
94.883,29.5209
94.9943,29.5977
95.1056,29.6745
95.2169,29.7513
95.3282,29.8281
95.2579,29.806
95.1875,29.7839
95.1171,29.7618
95.0467,29.7397
94.9763,29.7176
94.9059,29.6955
94.8355,29.6734
94.7651,29.6513
94.8486,29.7089
94.9321,29.7665
95.0156,29.8241
95.0991,29.8818
95.1826,29.9394
95.2661,29.997
95.3496,30.0546
95.4331,30.1122
95.3785,30.0396
95.3238,29.967
95.2692,29.8945
95.2145,29.8219
95.1599,29.7493
95.1052,29.6767
95.0506,29.6041
94.996,29.5315
95.1073,29.6083
95.2186,29.6851
95.3299,29.7618
95.4412,29.8386
95.5525,29.9154
95.6638,29.9921
95.5699,29.9627
95.4761,29.9332
95.3822,29.9037
95.2884,29.8742
95.1945,29.8447
95.1006,29.8152
95.0303,29.7931
94.9599,29.7711
94.8895,29.749
94.8191,29.7269
94.7487,29.7048
94.6783,29.6827
94.6079,29.6606
94.5375,29.6385
94.621,29.6961
94.7045,29.7538
94.7881,29.8114
94.8716,29.869
94.9551,29.9267
95.0386,29.9843
95.1221,30.042
95.2056,30.0996
95.151,30.027
95.0963,29.9544
95.0417,29.8818
94.9871,29.8093
94.9324,29.7367
94.8778,29.6641
94.8231,29.5915
94.7685,29.5189
94.8798,29.5957
94.9911,29.6725
95.1025,29.7493
95.2138,29.8261
95.3251,29.9029
95.4364,29.9797
95.366,29.9576
95.2956,29.9355
95.2252,29.9134
95.1548,29.8913
95.0845,29.8692
95.0141,29.8471
94.9437,29.825
94.8733,29.8028
94.9568,29.8605
95.0403,29.9181
95.1238,29.9757
95.2073,30.0333
95.2908,30.091
95.3743,30.1486
95.4578,30.2062
95.5413,30.2638
95.4684,30.1671
95.3956,30.0703
95.3227,29.9735
95.2499,29.8767
95.177,29.7799
95.1042,29.6831
95.0338,29.661
94.9634,29.6389
94.893,29.6168
94.8226,29.5947
94.7522,29.5727
94.6818,29.5506
94.6114,29.5285
94.541,29.5064
94.6524,29.5832
94.7637,29.66
94.8751,29.7369
94.9864,29.8137
95.0977,29.8905
95.2091,29.9674
95.1387,29.9453
95.0683,29.9232
94.9979,29.9011
94.9275,29.879
94.8571,29.8569
94.7867,29.8348
94.7163,29.8127
94.646,29.7906
94.7295,29.8482
94.813,29.9058
94.8965,29.9635
94.98,30.0211
95.0635,30.0788
95.147,30.1364
95.2305,30.1941
95.3141,30.2517
95.2594,30.1791
95.2048,30.1065
95.1501,30.0339
95.0955,29.9613
95.0409,29.8888
94.9862,29.8162
94.9316,29.7436
94.8769,29.671
94.9604,29.7286
95.0439,29.7862
95.1274,29.8438
95.2109,29.9014
95.2944,29.959
95.3779,30.0166
95.4614,30.0742
95.5449,30.1319
95.472,30.0351
95.3992,29.9383
95.3263,29.8415
95.2535,29.7447
95.1806,29.6479
95.1078,29.5511
95.0374,29.529
94.967,29.507
94.8966,29.4849
94.8262,29.4628
94.7558,29.4407
94.6854,29.4186
94.615,29.3965
94.5446,29.3745
94.656,29.4513
94.7673,29.5281
94.8786,29.6049
94.9899,29.6817
95.1013,29.7585
95.2126,29.8353
95.1422,29.8132
95.0718,29.7911
95.0014,29.769
94.931,29.7469
94.8606,29.7248
94.7903,29.7027
94.7199,29.6806
94.6495,29.6585
94.733,29.7162
94.8165,29.7738
94.9,29.8314
94.9835,29.889
95.067,29.9467
95.1505,30.0043
95.234,30.0619
95.3175,30.1196
95.2629,30.047
95.2082,29.9744
95.1536,29.9018
95.099,29.8292
95.0443,29.7566
94.9897,29.684
94.935,29.6114
94.8804,29.5389
94.9917,29.6156
95.103,29.6924
95.2143,29.7692
95.3256,29.846
95.437,29.9228
95.5483,29.9996
95.4779,29.9775
95.4075,29.9554
95.3371,29.9333
95.2667,29.9111
95.1963,29.889
95.1259,29.8669
95.0555,29.8448
94.9851,29.8227
95.0686,29.8803
95.1521,29.9379
95.2356,29.9956
95.3191,30.0532
95.4026,30.1108
95.4861,30.1684
95.5696,30.226
95.6531,30.2836
95.5802,30.1868
95.5074,30.09
95.4345,29.9933
95.3617,29.8965
95.2888,29.7997
95.216,29.7029
95.1456,29.6808
95.0752,29.6587
95.0048,29.6366
94.9344,29.6145
94.864,29.5924
94.7936,29.5703
94.7232,29.5482
94.6528,29.5261
94.7642,29.603
94.8755,29.6798
94.9868,29.7566
95.0982,29.8334
95.2095,29.9102
95.3208,29.987
95.2504,29.9649
95.18,29.9428
95.1097,29.9207
95.0393,29.8986
94.9689,29.8765
94.8985,29.8544
94.8281,29.8323
94.7577,29.8102
94.8412,29.8678
94.9247,29.9255
95.0082,29.9831
95.0917,30.0407
95.1752,30.0984
95.2588,30.156
95.3423,30.2137
95.4258,30.2713
95.3711,30.1987
95.3165,30.1261
95.2618,30.0535
95.2072,29.9809
95.1526,29.9083
95.0979,29.8357
95.0433,29.7631
94.9886,29.6906
95.0721,29.7482
95.1556,29.8058
95.2391,29.8634
95.3226,29.921
95.4061,29.9786
95.4896,30.0362
95.5731,30.0938
95.6566,30.1514
95.5837,30.0546
95.5108,29.9578
95.438,29.861
95.3651,29.7642
95.2923,29.6674
95.2194,29.5706
95.149,29.5485
95.0786,29.5264
95.0082,29.5043
94.9378,29.4823
94.8675,29.4602
94.7971,29.4381
94.7267,29.416
94.6563,29.3939
94.7676,29.4707
94.8789,29.5475
94.9902,29.6243
95.1016,29.7011
95.2129,29.7779
95.3242,29.8547
95.2538,29.8326
95.1834,29.8105
95.113,29.7884
95.0426,29.7663
94.9722,29.7442
94.9019,29.7221
94.8315,29.7
94.7611,29.6779
94.8446,29.7355
94.9281,29.7931
95.0116,29.8507
95.0951,29.9084
95.1786,29.966
95.2621,30.0236
95.3456,30.0812
95.4291,30.1388
95.3744,30.0663
95.3198,29.9937
95.2651,29.9211
95.2105,29.8485
95.1559,29.7759
95.1012,29.7033
95.0466,29.6307
94.9919,29.5581
95.0754,29.6157
95.1589,29.6733
95.2424,29.7309
95.3259,29.7885
95.4093,29.846
95.4928,29.9036
95.5763,29.9612
95.6598,30.0188
95.5869,29.922
95.5141,29.8252
95.4412,29.7284
95.3683,29.6316
95.2955,29.5349
95.2226,29.4381
95.1522,29.416
95.0818,29.3939
95.0115,29.3718
94.9411,29.3497
94.8707,29.3277
94.8003,29.3056
94.7299,29.2835
94.6595,29.2614
94.7708,29.3382
94.8821,29.415
94.9934,29.4917
95.1047,29.5685
95.216,29.6453
95.3273,29.722
95.257,29.7
95.1866,29.6779
95.1162,29.6558
95.0458,29.6337
94.9754,29.6116
94.905,29.5895
94.8346,29.5674
94.7642,29.5453
94.8477,29.6029
94.9312,29.6605
95.0147,29.7181
95.0982,29.7757
95.1817,29.8333
95.2652,29.8909
95.3487,29.9485
95.4321,30.0061
95.3775,29.9335
95.3229,29.8609
95.2682,29.7884
95.2136,29.7158
95.1589,29.6432
95.1043,29.5706
95.0496,29.498
94.995,29.4254
95.1063,29.5022
95.2176,29.5789
95.3289,29.6557
95.4402,29.7324
95.5515,29.8092
95.6628,29.8859
95.5689,29.8565
95.4751,29.827
95.3812,29.7975
95.2873,29.768
95.1935,29.7385
95.0996,29.7091
95.0292,29.687
94.9588,29.6649
94.8885,29.6428
94.8181,29.6207
94.7477,29.5986
94.6773,29.5765
94.6069,29.5544
94.5365,29.5324
94.6478,29.6092
94.7592,29.686
94.8705,29.7629
94.9819,29.8397
95.0932,29.9165
95.2045,29.9934
95.1342,29.9713
95.0638,29.9492
94.9934,29.9271
94.923,29.905
94.8526,29.8828
94.7822,29.8607
94.7118,29.8386
94.6414,29.8165
94.7249,29.8742
94.8085,29.9318
94.892,29.9895
94.9755,30.0471
95.059,30.1048
95.1425,30.1624
95.226,30.2201
95.3096,30.2777
95.2549,30.2051
95.2003,30.1325
95.1456,30.06
95.091,29.9874
95.0364,29.9148
94.9817,29.8422
94.9271,29.7696
94.8724,29.697
94.9559,29.7546
95.0394,29.8122
95.1229,29.8698
95.2064,29.9274
95.2899,29.9851
95.3734,30.0427
95.4569,30.1003
95.5404,30.1579
95.4675,30.0611
95.3947,29.9643
95.3218,29.8675
95.249,29.7707
95.1761,29.674
95.1033,29.5772
95.0329,29.5551
94.9625,29.533
94.8921,29.5109
94.8217,29.4888
94.7513,29.4667
94.6809,29.4447
94.6105,29.4226
94.5401,29.4005
94.6515,29.4773
94.7628,29.5541
94.8741,29.6309
94.9855,29.7077
95.0968,29.7846
95.2081,29.8614
95.1377,29.8393
95.0673,29.8172
94.9969,29.7951
94.9266,29.773
94.8562,29.7509
94.7858,29.7288
94.7154,29.7067
94.645,29.6846
94.7285,29.7422
94.812,29.7998
94.8955,29.8575
94.979,29.9151
95.0625,29.9727
95.146,30.0304
95.2295,30.088
95.3131,30.1456
95.2584,30.0731
95.2038,30.0005
95.1491,29.9279
95.0945,29.8553
95.0399,29.7827
94.9852,29.7101
94.9306,29.6375
94.8759,29.5649
94.9594,29.6225
95.0429,29.6801
95.1264,29.7377
95.2099,29.7953
95.2934,29.8529
95.3769,29.9105
95.4603,29.9681
95.5438,30.0257
95.471,29.9289
95.3981,29.8321
95.3253,29.7353
95.2524,29.6386
95.1795,29.5418
95.1067,29.445
95.0363,29.4229
94.9659,29.4008
94.8955,29.3787
94.8251,29.3567
94.7547,29.3346
94.6843,29.3125
94.6139,29.2904
94.5436,29.2683
94.6549,29.3451
94.7662,29.4219
94.8775,29.4987
94.9888,29.5755
95.1001,29.6523
95.2115,29.7291
95.1411,29.707
95.0707,29.6849
95.0003,29.6628
94.9299,29.6407
94.8595,29.6186
94.7891,29.5965
94.7187,29.5744
94.6483,29.5524
94.7318,29.61
94.8153,29.6676
94.8988,29.7252
94.9823,29.7828
95.0658,29.8404
95.1493,29.8981
95.2328,29.9557
95.3163,30.0133
95.2617,29.9407
95.2071,29.8681
95.1524,29.7955
95.0978,29.7229
95.0431,29.6504
94.9885,29.5778
94.9338,29.5052
94.8792,29.4326
94.9905,29.5094
95.1018,29.5861
95.2131,29.6629
95.3244,29.7397
95.4357,29.8165
95.547,29.8932
95.4766,29.8711
95.4062,29.849
95.3358,29.8269
95.2655,29.8048
95.1951,29.7827
95.1247,29.7606
95.0543,29.7385
94.9839,29.7164
95.0674,29.774
95.1509,29.8316
95.2344,29.8892
95.3178,29.9468
95.4013,30.0044
95.4848,30.062
95.5683,30.1196
95.6518,30.1772
95.579,30.0804
95.5061,29.9836
95.4332,29.8868
95.3604,29.79
95.2875,29.6932
95.2147,29.5965
95.1443,29.5744
95.0739,29.5523
95.0035,29.5302
94.9331,29.5081
94.8627,29.486
94.7923,29.4639
94.7219,29.4418
94.6515,29.4197
94.7629,29.4965
94.8742,29.5733
94.9855,29.6501
95.0968,29.727
95.2081,29.8038
95.3195,29.8806
95.2491,29.8585
95.1787,29.8363
95.1083,29.8142
95.0379,29.7921
94.9675,29.77
94.8971,29.7479
94.8267,29.7258
94.7563,29.7037
94.8398,29.7614
94.9233,29.819
95.0068,29.8766
95.0903,29.9342
95.1738,29.9919
95.2574,30.0495
95.3409,30.1071
95.4244,30.1647
95.3697,30.0921
95.3151,30.0196
95.2604,29.947
95.2058,29.8744
95.1511,29.8018
95.0965,29.7292
95.0419,29.6566
94.9872,29.584
95.0707,29.6416
95.1542,29.6992
95.2377,29.7568
95.3212,29.8144
95.4046,29.8719
95.4881,29.9295
95.5716,29.9871
95.6551,30.0447
95.5822,29.9479
95.5094,29.8511
95.4365,29.7543
95.3636,29.6576
95.2908,29.5608
95.2179,29.464
95.1475,29.4419
95.0771,29.4198
95.0068,29.3977
94.9364,29.3756
94.866,29.3536
94.7956,29.3315
94.7252,29.3094
94.6548,29.2873
94.7661,29.3641
94.8774,29.4409
94.9887,29.5176
95.1,29.5944
95.2114,29.6712
95.3227,29.748
95.2523,29.7259
95.1819,29.7038
95.1115,29.6817
95.0411,29.6596
94.9707,29.6375
94.9003,29.6154
94.8299,29.5933
94.7595,29.5712
94.843,29.6288
94.9265,29.6864
95.01,29.744
95.0935,29.8016
95.177,29.8592
95.2605,29.9169
95.344,29.9745
95.4275,30.0321
95.3728,29.9595
95.3182,29.8869
95.2636,29.8143
95.2089,29.7417
95.1543,29.6691
95.0996,29.5965
95.045,29.524
94.9903,29.4514
95.1016,29.5281
95.2129,29.6049
95.3242,29.6817
95.4355,29.7584
95.5468,29.8352
95.6581,29.9119
95.5643,29.8825
95.4704,29.853
95.3766,29.8235
95.2827,29.794
95.1888,29.7645
95.095,29.735
95.0246,29.713
94.9542,29.6909
94.8838,29.6688
94.8134,29.6467
94.743,29.6246
94.6726,29.6025
94.6022,29.5804
94.5319,29.5583
94.6154,29.6159
94.6989,29.6736
94.7824,29.7312
94.8659,29.7888
94.9494,29.8465
95.0329,29.9041
95.1164,29.9617
95.1999,30.0194
95.1453,29.9468
95.0906,29.8742
95.036,29.8016
94.9814,29.729
94.9267,29.6564
94.8721,29.5839
94.8174,29.5113
94.7628,29.4387
94.8741,29.5155
94.9854,29.5923
95.0967,29.669
95.208,29.7458
95.3194,29.8226
95.4307,29.8994
95.3603,29.8773
95.2899,29.8552
95.2195,29.8331
95.1491,29.811
95.0787,29.7889
95.0083,29.7668
94.9379,29.7447
94.8675,29.7226
94.951,29.7802
95.0345,29.8378
95.118,29.8954
95.2015,29.953
95.285,30.0106
95.3685,30.0683
95.452,30.1259
95.5355,30.1835
95.4627,30.0867
95.3898,29.9899
95.3169,29.8931
95.2441,29.7963
95.1712,29.6996
95.0984,29.6028
95.028,29.5807
94.9576,29.5586
94.8872,29.5365
94.8168,29.5144
94.7464,29.4923
94.676,29.4702
94.6056,29.4482
94.5353,29.4261
94.6466,29.5029
94.7579,29.5797
94.8693,29.6565
94.9806,29.7333
95.0919,29.8102
95.2032,29.887
95.1329,29.8649
95.0625,29.8428
94.9921,29.8207
94.9217,29.7986
94.8513,29.7765
94.7809,29.7544
94.7105,29.7323
94.6401,29.7102
94.7236,29.7678
94.8071,29.8255
94.8907,29.8831
94.9742,29.9407
95.0577,29.9984
95.1412,30.056
95.2247,30.1136
95.3082,30.1713
95.2536,30.0987
95.1989,30.0261
95.1443,29.9535
95.0896,29.8809
95.035,29.8083
94.9804,29.7358
94.9257,29.6632
94.8711,29.5906
94.9546,29.6482
95.0381,29.7058
95.1215,29.7634
95.205,29.821
95.2885,29.8786
95.372,29.9362
95.4555,29.9938
95.539,30.0514
95.4661,29.9546
95.3933,29.8578
95.3204,29.761
95.2476,29.6642
95.1747,29.5674
95.1018,29.4707
95.0315,29.4486
94.9611,29.4265
94.8907,29.4044
94.8203,29.3823
94.7499,29.3602
94.6795,29.3382
94.6091,29.3161
94.5387,29.294
94.65,29.3708
94.7614,29.4476
94.8727,29.5244
94.984,29.6012
95.0953,29.678
95.2066,29.7548
95.1363,29.7327
95.0659,29.7106
94.9955,29.6885
94.9251,29.6664
94.8547,29.6443
94.7843,29.6222
94.7139,29.6001
94.6435,29.578
94.727,29.6357
94.8105,29.6933
94.894,29.7509
94.9775,29.8085
95.061,29.8661
95.1445,29.9238
95.228,29.9814
95.3115,30.039
95.2569,29.9664
95.2022,29.8938
95.1476,29.8212
95.093,29.7486
95.0383,29.6761
94.9837,29.6035
94.929,29.5309
94.8744,29.4583
94.9857,29.5351
95.097,29.6119
95.2083,29.6886
95.3196,29.7654
95.4309,29.8422
95.5422,29.919
95.4718,29.8969
95.4015,29.8747
95.3311,29.8526
95.2607,29.8305
95.1903,29.8084
95.1199,29.7863
95.0495,29.7642
94.9791,29.7421
95.0626,29.7997
95.1461,29.8573
95.2296,29.9149
95.3131,29.9725
95.3966,30.0301
95.4801,30.0877
95.5635,30.1453
95.647,30.203
95.5742,30.1062
95.5013,30.0094
95.4285,29.9126
95.3556,29.8158
95.2828,29.719
95.2099,29.6222
95.1395,29.6001
95.0691,29.578
94.9987,29.5559
94.9283,29.5339
94.8579,29.5118
94.7876,29.4897
94.7172,29.4676
94.6468,29.4455
94.7581,29.5223
94.8694,29.5991
94.9807,29.6759
95.0921,29.7527
95.2034,29.8295
95.3147,29.9063
95.2443,29.8842
95.1739,29.8621
95.1035,29.84
95.0332,29.8179
94.9628,29.7958
94.8924,29.7737
94.822,29.7516
94.7516,29.7295
94.8351,29.7871
94.9186,29.8448
95.0021,29.9024
95.0856,29.96
95.1691,30.0176
95.2526,30.0753
95.3361,30.1329
95.4196,30.1905
95.365,30.1179
95.3103,30.0453
95.2557,29.9728
95.2011,29.9002
95.1464,29.8276
95.0918,29.755
95.0371,29.6824
94.9825,29.6098
95.066,29.6674
95.1495,29.725
95.2329,29.7826
95.3164,29.8402
95.3999,29.8978
95.4834,29.9553
95.5669,30.0129
95.6504,30.0705
95.5775,29.9737
95.5046,29.877
95.4318,29.7802
95.3589,29.6834
95.2861,29.5866
95.2132,29.4898
95.1428,29.4677
95.0724,29.4456
95.002,29.4235
94.9316,29.4015
94.8613,29.3794
94.7909,29.3573
94.7205,29.3352
94.6501,29.3131
94.7614,29.3899
94.8727,29.4667
94.984,29.5435
95.0953,29.6203
95.2066,29.697
95.318,29.7738
95.2476,29.7517
95.1772,29.7296
95.1068,29.7075
95.0364,29.6854
94.966,29.6633
94.8956,29.6412
94.8252,29.6191
94.7548,29.597
94.8383,29.6547
94.9218,29.7123
95.0053,29.7699
95.0888,29.8275
95.1723,29.8851
95.2558,29.9427
95.3393,30.0003
95.4228,30.0579
95.3682,29.9853
95.3135,29.9128
95.2589,29.8402
95.2042,29.7676
95.1496,29.695
95.0949,29.6224
95.0403,29.5498
94.9857,29.4772
95.097,29.554
95.2083,29.6308
95.3196,29.7075
95.4309,29.7843
95.5422,29.8611
95.6535,29.9378
95.5596,29.9083
95.4657,29.8789
95.3719,29.8494
95.278,29.8199
95.1842,29.7904
95.0903,29.7609
95.0199,29.7388
94.9495,29.7167
94.8791,29.6947
94.8088,29.6726
94.7384,29.6505
94.668,29.6284
94.5976,29.6063
94.5272,29.5842
94.6107,29.6418
94.6942,29.6995
94.7777,29.7571
94.8612,29.8147
94.9447,29.8724
95.0282,29.93
95.1118,29.9876
95.1953,30.0453
95.1406,29.9727
95.086,29.9001
95.0313,29.8275
94.9767,29.7549
94.9221,29.6823
94.8674,29.6098
94.8128,29.5372
94.7581,29.4646
94.8695,29.5414
94.9808,29.6182
95.0921,29.695
95.2034,29.7718
95.3147,29.8485
95.426,29.9253
95.3556,29.9032
95.2853,29.8811
95.2149,29.859
95.1445,29.8369
95.0741,29.8148
95.0037,29.7927
94.9333,29.7706
94.8629,29.7485
94.9464,29.8061
95.0299,29.8637
95.1134,29.9214
95.1969,29.979
95.2804,30.0366
95.3639,30.0942
95.4474,30.1518
95.5309,30.2094
95.458,30.1127
95.3852,30.0159
95.3123,29.9191
95.2395,29.8223
95.1666,29.7255
95.0938,29.6287
95.0234,29.6066
94.953,29.5845
94.8826,29.5625
94.8122,29.5404
94.7418,29.5183
94.6714,29.4962
94.601,29.4741
94.5306,29.452
94.642,29.5288
94.7533,29.6057
94.8646,29.6825
94.976,29.7593
95.0873,29.8361
95.1986,29.913
95.1283,29.8909
95.0579,29.8688
94.9875,29.8467
94.9171,29.8246
94.8467,29.8025
94.7763,29.7804
94.7059,29.7583
94.6355,29.7362
94.719,29.7938
94.8025,29.8514
94.8861,29.9091
94.9696,29.9667
95.0531,30.0244
95.1366,30.082
95.2201,30.1396
95.3036,30.1973
95.249,30.1247
95.1943,30.0521
95.1397,29.9795
95.0851,29.9069
95.0304,29.8343
94.9758,29.7617
94.9211,29.6892
94.8665,29.6166
94.95,29.6742
95.0335,29.7318
95.117,29.7894
95.2005,29.847
95.2839,29.9046
95.3674,29.9622
95.4509,30.0198
95.5344,30.0774
95.4616,29.9806
95.3887,29.8838
95.3159,29.787
95.243,29.6902
95.1701,29.5935
95.0973,29.4967
95.0269,29.4746
94.9565,29.4525
94.8861,29.4304
94.8157,29.4083
94.7453,29.3863
94.6749,29.3642
94.6045,29.3421
94.5342,29.32
94.6455,29.3968
94.7568,29.4736
94.8681,29.5504
94.9794,29.6272
95.0908,29.704
95.2021,29.7808
95.1317,29.7587
95.0613,29.7366
94.9909,29.7145
94.9205,29.6924
94.8501,29.6703
94.7798,29.6483
94.7094,29.6262
94.639,29.6041
94.7225,29.6617
94.806,29.7193
94.8895,29.7769
94.973,29.8346
95.0565,29.8922
95.14,29.9498
95.2235,30.0074
95.307,30.0651
95.2524,29.9925
95.1977,29.9199
95.1431,29.8473
95.0884,29.7747
95.0338,29.7021
94.9791,29.6295
94.9245,29.5569
94.8699,29.4844
94.9812,29.5611
95.0925,29.6379
95.2038,29.7147
95.3151,29.7915
95.4264,29.8683
95.5377,29.945
95.4673,29.9229
95.3969,29.9008
95.3265,29.8787
95.2562,29.8566
95.1858,29.8345
95.1154,29.8124
95.045,29.7903
94.9746,29.7682
95.0581,29.8258
95.1416,29.8834
95.2251,29.941
95.3086,29.9986
95.3921,30.0562
95.4755,30.1138
95.559,30.1715
95.6425,30.2291
95.5697,30.1323
95.4968,30.0355
95.424,29.9387
95.3511,29.8419
95.2783,29.7451
95.2054,29.6483
95.135,29.6262
95.0646,29.6041
94.9942,29.582
94.9238,29.56
94.8534,29.5379
94.7831,29.5158
94.7127,29.4937
94.6423,29.4716
94.7536,29.5484
94.8649,29.6252
94.9763,29.702
95.0876,29.7788
95.1989,29.8556
95.3102,29.9325
95.2398,29.9103
95.1694,29.8882
95.0991,29.8661
95.0287,29.844
94.9583,29.8219
94.8879,29.7998
94.8175,29.7777
94.7471,29.7556
94.8306,29.8133
94.9141,29.8709
94.9976,29.9285
95.0811,29.9862
95.1646,30.0438
95.2481,30.1014
95.3316,30.159
95.4151,30.2167
95.3605,30.1441
95.3059,30.0715
95.2512,29.9989
95.1966,29.9263
95.1419,29.8537
95.0873,29.7811
95.0327,29.7085
94.978,29.6359
95.0615,29.6935
95.145,29.7511
95.2285,29.8087
95.312,29.8663
95.3955,29.9239
95.4789,29.9815
95.5624,30.0391
95.6459,30.0967
95.5731,29.9999
95.5002,29.9031
95.4273,29.8063
95.3545,29.7095
95.2816,29.6128
95.2088,29.516
95.1384,29.4939
95.068,29.4718
94.9976,29.4497
94.9272,29.4276
94.8568,29.4055
94.7864,29.3835
94.716,29.3614
94.6456,29.3393
94.7569,29.4161
94.8683,29.4929
94.9796,29.5697
95.0909,29.6464
95.2022,29.7232
95.3135,29.8
95.2431,29.7779
95.1727,29.7558
95.1024,29.7337
95.032,29.7116
94.9616,29.6895
94.8912,29.6674
94.8208,29.6453
94.7504,29.6232
94.8339,29.6808
94.9174,29.7385
95.0009,29.7961
95.0844,29.8537
95.1679,29.9113
95.2514,29.9689
95.3349,30.0265
95.4184,30.0841
95.3637,30.0116
95.3091,29.939
95.2545,29.8664
95.1998,29.7938
95.1452,29.7212
95.0905,29.6486
95.0359,29.576
94.9812,29.5034
95.0925,29.5802
95.2039,29.657
95.3152,29.7338
95.4265,29.8105
95.5378,29.8873
95.6491,29.9641
95.5552,29.9346
95.4613,29.9051
95.3675,29.8756
95.2736,29.8461
95.1798,29.8166
95.0859,29.7872
95.0155,29.7651
94.9451,29.743
94.8747,29.7209
94.8044,29.6988
94.734,29.6767
94.6636,29.6546
94.5932,29.6325
94.5228,29.6104
94.6063,29.6681
94.6898,29.7257
94.7733,29.7833
94.8568,29.841
94.9403,29.8986
95.0239,29.9562
95.1074,30.0139
95.1909,30.0715
95.1362,29.9989
95.0816,29.9263
95.027,29.8538
94.9723,29.7812
94.9177,29.7086
94.863,29.636
94.8084,29.5634
94.7538,29.4908
94.8651,29.5676
94.9764,29.6444
95.0877,29.7212
95.199,29.798
95.3104,29.8748
95.4217,29.9516
95.3513,29.9295
95.2809,29.9074
95.2105,29.8853
95.1401,29.8632
95.0697,29.8411
94.9993,29.819
94.9289,29.7969
94.8585,29.7748
94.942,29.8324
95.0255,29.89
95.109,29.9476
95.1925,30.0053
95.276,30.0629
95.3595,30.1205
95.443,30.1781
95.5265,30.2357
95.4537,30.139
95.3808,30.0422
95.308,29.9454
95.2351,29.8486
95.1623,29.7518
95.0894,29.655
95.019,29.6329
94.9486,29.6108
94.8782,29.5887
94.8079,29.5667
94.7375,29.5446
94.6671,29.5225
94.5967,29.5004
94.5263,29.4783
94.6376,29.5551
94.749,29.632
94.8603,29.7088
94.9716,29.7856
95.083,29.8625
95.1943,29.9393
95.1239,29.9172
95.0535,29.8951
94.9831,29.873
94.9128,29.8509
94.8424,29.8288
94.772,29.8067
94.7016,29.7846
94.6312,29.7625
94.7147,29.8201
94.7982,29.8778
94.8817,29.9354
94.9652,29.993
95.0488,30.0507
95.1323,30.1083
95.2158,30.166
95.2993,30.2236
95.2447,30.151
95.19,30.0784
95.1354,30.0059
95.0807,29.9333
95.0261,29.8607
94.9715,29.7881
94.9168,29.7155
94.8622,29.6429
94.9457,29.7005
95.0292,29.7581
95.1127,29.8157
95.1962,29.8733
95.2796,29.9309
95.3631,29.9885
95.4466,30.0461
95.5301,30.1038
95.4573,30.007
95.3844,29.9102
95.3116,29.8134
95.2387,29.7166
95.1658,29.6198
95.093,29.523
95.0226,29.5009
94.9522,29.4789
94.8818,29.4568
94.8114,29.4347
94.741,29.4126
94.6706,29.3905
94.6002,29.3684
94.5299,29.3464
94.6412,29.4232
94.7525,29.5
94.8638,29.5768
94.9752,29.6536
95.0865,29.7304
95.1978,29.8072
95.1274,29.7851
95.057,29.763
94.9866,29.7409
94.9163,29.7188
94.8459,29.6967
94.7755,29.6746
94.7051,29.6525
94.6347,29.6304
94.7182,29.6881
94.8017,29.7457
94.8852,29.8033
94.9687,29.861
95.0522,29.9186
95.1357,29.9762
95.2192,30.0338
95.3027,30.0915
95.2481,30.0189
95.1934,29.9463
95.1388,29.8737
95.0842,29.8011
95.0295,29.7285
94.9749,29.6559
94.9202,29.5834
94.8656,29.5108
94.9769,29.5875
95.0882,29.6643
95.1995,29.7411
95.3109,29.8179
95.4222,29.8947
95.5335,29.9715
95.4631,29.9494
95.3927,29.9273
95.3223,29.9052
95.2519,29.883
95.1815,29.8609
95.1111,29.8388
95.0407,29.8167
94.9703,29.7946
95.0538,29.8522
95.1373,29.9098
95.2208,29.9674
95.3043,30.0251
95.3878,30.0827
95.4713,30.1403
95.5548,30.1979
95.6383,30.2555
95.5654,30.1587
95.4926,30.0619
95.4197,29.9651
95.3469,29.8683
95.274,29.7716
95.2012,29.6748
95.1308,29.6527
95.0604,29.6306
94.99,29.6085
94.9196,29.5864
94.8492,29.5643
94.7788,29.5422
94.7084,29.5201
94.638,29.498
94.7494,29.5748
94.8607,29.6517
94.972,29.7285
95.0834,29.8053
95.1947,29.8821
95.306,29.9589
95.2356,29.9368
95.1652,29.9147
95.0948,29.8926
95.0245,29.8705
94.9541,29.8484
94.8837,29.8263
94.8133,29.8042
94.7429,29.7821
94.8264,29.8397
94.9099,29.8974
94.9934,29.955
95.0769,30.0126
95.1604,30.0703
95.2439,30.1279
95.3274,30.1855
95.411,30.2432
95.3563,30.1706
95.3017,30.098
95.247,30.0254
95.1924,29.9528
95.1377,29.8802
95.0831,29.8076
95.0285,29.735
94.9738,29.6624
95.0573,29.72
95.1408,29.7776
95.2243,29.8352
95.3078,29.8928
95.3913,29.9504
95.4748,30.008
95.5582,30.0656
95.6417,30.1232
95.5689,30.0264
95.496,29.9296
95.4232,29.8329
95.3503,29.7361
95.2774,29.6393
95.2046,29.5425
95.1342,29.5204
95.0638,29.4983
94.9934,29.4762
94.923,29.4541
94.8526,29.4321
94.7822,29.41
94.7118,29.3879
94.6415,29.3658
94.7528,29.4426
94.8641,29.5194
94.9754,29.5962
95.0867,29.673
95.198,29.7498
95.3094,29.8266
95.239,29.8045
95.1686,29.7824
95.0982,29.7603
95.0278,29.7382
94.9574,29.7161
94.887,29.694
94.8166,29.6719
94.7462,29.6498
94.8297,29.7074
94.9132,29.765
94.9967,29.8226
95.0802,29.8802
95.1637,29.9379
95.2472,29.9955
95.3307,30.0531
95.4142,30.1107
95.3596,30.0381
95.3049,29.9655
95.2503,29.8929
95.1957,29.8204
95.141,29.7478
95.0864,29.6752
95.0317,29.6026
94.9771,29.53
95.0884,29.6068
95.1997,29.6835
95.311,29.7603
95.4223,29.8371
95.5336,29.9139
95.6449,29.9907
95.5511,29.9612
95.4572,29.9317
95.3634,29.9022
95.2695,29.8727
95.1756,29.8432
95.0818,29.8137
95.0114,29.7916
94.941,29.7696
94.8706,29.7475
94.8002,29.7254
94.7298,29.7033
94.6594,29.6812
94.5891,29.6591
94.5187,29.637
94.6022,29.6946
94.6857,29.7523
94.7692,29.8099
94.8527,29.8676
94.9362,29.9252
95.0197,29.9828
95.1033,30.0405
95.1868,30.0981
95.1321,30.0255
95.0775,29.9529
95.0228,29.8804
94.9682,29.8078
94.9136,29.7352
94.8589,29.6626
94.8043,29.59
94.7496,29.5174
94.861,29.5942
94.9723,29.671
95.0836,29.7478
95.1949,29.8246
95.3063,29.9014
95.4176,29.9783
95.3472,29.9561
95.2768,29.934
95.2064,29.9119
95.136,29.8898
95.0656,29.8677
94.9952,29.8456
94.9248,29.8235
94.8544,29.8014
94.9379,29.859
95.0214,29.9166
95.1049,29.9743
95.1885,30.0319
95.272,30.0895
95.3555,30.1471
95.439,30.2048
95.5225,30.2624
95.4496,30.1656
95.3768,30.0688
95.3039,29.972
95.231,29.8752
95.1582,29.7784
95.0853,29.6817
95.0149,29.6596
94.9446,29.6375
94.8742,29.6154
94.8038,29.5933
94.7334,29.5712
94.663,29.5491
94.5926,29.527
94.5222,29.5049
94.6336,29.5818
94.7449,29.6586
94.8562,29.7354
94.9676,29.8123
95.0789,29.8891
95.1903,29.9659
95.1199,29.9438
95.0495,29.9217
94.9791,29.8996
94.9087,29.8775
94.8383,29.8554
94.7679,29.8333
94.6975,29.8112
94.6271,29.7891
94.7106,29.8468
94.7942,29.9044
94.8777,29.9621
94.9612,30.0197
95.0447,30.0774
95.1282,30.135
95.2117,30.1927
95.2953,30.2503
95.2406,30.1777
95.186,30.1051
95.1313,30.0325
95.0767,29.9599
95.0221,29.8874
94.9674,29.8148
94.9128,29.7422
94.8581,29.6696
94.9416,29.7272
95.0251,29.7848
95.1086,29.8424
95.1921,29.9
95.2756,29.9576
95.3591,30.0152
95.4426,30.0729
95.5261,30.1305
95.4532,30.0337
95.3804,29.9369
95.3075,29.8401
95.2347,29.7433
95.1618,29.6465
95.089,29.5497
95.0186,29.5277
94.9482,29.5056
94.8778,29.4835
94.8074,29.4614
94.737,29.4393
94.6666,29.4172
94.5962,29.3952
94.5258,29.3731
94.6372,29.4499
94.7485,29.5267
94.8598,29.6035
94.9711,29.6803
95.0825,29.7571
95.1938,29.8339
95.1234,29.8118
95.053,29.7897
94.9826,29.7676
94.9122,29.7456
94.8419,29.7235
94.7715,29.7014
94.7011,29.6793
94.6307,29.6572
94.7142,29.7148
94.7977,29.7724
94.8812,29.8301
94.9647,29.8877
95.0482,29.9453
95.1317,30.003
95.2152,30.0606
95.2987,30.1182
95.2441,30.0456
95.1895,29.973
95.1348,29.9005
95.0802,29.8279
95.0255,29.7553
94.9709,29.6827
94.9162,29.6101
94.8616,29.5375
94.9729,29.6143
95.0842,29.6911
95.1956,29.7679
95.3069,29.8447
95.4182,29.9215
95.5295,29.9983
95.4591,29.9761
95.3887,29.954
95.3183,29.9319
95.2479,29.9098
95.1775,29.8877
95.1071,29.8656
95.0367,29.8435
94.9664,29.8214
95.0499,29.879
95.1334,29.9366
95.2168,29.9942
95.3003,30.0518
95.3838,30.1095
95.4673,30.1671
95.5508,30.2247
95.6343,30.2823
95.5615,30.1855
95.4886,30.0887
95.4158,29.9919
95.3429,29.8951
95.2701,29.7984
95.1972,29.7016
95.1268,29.6795
95.0564,29.6574
94.986,29.6353
94.9156,29.6132
94.8453,29.5911
94.7749,29.569
94.7045,29.5469
94.6341,29.5248
94.7454,29.6016
94.8567,29.6785
94.9681,29.7553
95.0794,29.8321
95.1907,29.9089
95.3021,29.9857
95.2317,29.9636
95.1613,29.9415
95.0909,29.9194
95.0205,29.8973
94.9501,29.8752
94.8797,29.8531
94.8093,29.831
94.7389,29.8089
94.8225,29.8665
94.906,29.9242
94.9895,29.9818
95.073,30.0395
95.1565,30.0971
95.24,30.1547
95.3235,30.2124
95.407,30.27
95.3524,30.1974
95.2977,30.1248
95.2431,30.0522
95.1885,29.9796
95.1338,29.907
95.0792,29.8345
95.0245,29.7619
94.9699,29.6893
95.0534,29.7469
95.1369,29.8045
95.2204,29.8621
95.3039,29.9197
95.3874,29.9773
95.4708,30.0349
95.5543,30.0925
95.6378,30.1501
95.565,30.0533
95.4921,29.9565
95.4192,29.8597
95.3464,29.7629
95.2735,29.6661
95.2007,29.5693
95.1303,29.5473
95.0599,29.5252
94.9895,29.5031
94.9191,29.481
94.8487,29.4589
94.7783,29.4368
94.7079,29.4147
94.6375,29.3926
94.7489,29.4694
94.8602,29.5462
94.9715,29.623
95.0828,29.6998
95.1942,29.7766
95.3055,29.8534
95.2351,29.8313
95.1647,29.8092
95.0943,29.7871
95.0239,29.765
94.9535,29.7429
94.8831,29.7208
94.8127,29.6987
94.7423,29.6766
94.8258,29.7343
94.9093,29.7919
94.9928,29.8495
95.0763,29.9071
95.1599,29.9647
95.2434,30.0224
95.3269,30.08
95.4104,30.1376
95.3557,30.065
95.3011,29.9924
95.2464,29.9198
95.1918,29.8473
95.1371,29.7747
95.0825,29.7021
95.0279,29.6295
94.9732,29.5569
95.0567,29.6145
95.1402,29.6721
95.2237,29.7297
95.3071,29.7872
95.3906,29.8448
95.4741,29.9024
95.5576,29.96
95.6411,30.0176
95.5682,29.9208
95.4954,29.824
95.4225,29.7272
95.3496,29.6304
95.2768,29.5336
95.2039,29.4369
95.1335,29.4148
95.0631,29.3927
94.9927,29.3706
94.9224,29.3485
94.852,29.3264
94.7816,29.3044
94.7112,29.2823
94.6408,29.2602
94.7521,29.337
94.8634,29.4138
94.9747,29.4905
95.086,29.5673
95.1973,29.6441
95.3086,29.7209
95.2383,29.6988
95.1679,29.6767
95.0975,29.6546
95.0271,29.6325
94.9567,29.6104
94.8863,29.5883
94.8159,29.5662
94.7455,29.5441
94.829,29.6017
94.9125,29.6593
94.996,29.7169
95.0795,29.7745
95.163,29.8321
95.2465,29.8897
95.33,29.9473
95.4135,30.0049
95.3588,29.9324
95.3042,29.8598
95.2495,29.7872
95.1949,29.7146
95.1402,29.642
95.0856,29.5694
95.031,29.4968
94.9763,29.4242
95.0876,29.501
95.1989,29.5778
95.3102,29.6545
95.4215,29.7313
95.5328,29.808
95.6441,29.8848
95.5502,29.8553
95.4564,29.8258
95.3625,29.7964
95.2687,29.7669
95.1748,29.7374
95.0809,29.7079
95.0106,29.6858
94.9402,29.6637
94.8698,29.6416
94.7994,29.6196
94.729,29.5975
94.6586,29.5754
94.5882,29.5533
94.5178,29.5312
94.6292,29.608
94.7405,29.6849
94.8519,29.7617
94.9632,29.8386
95.0745,29.9154
95.1859,29.9922
95.1155,29.9701
95.0451,29.948
94.9747,29.9259
94.9043,29.9038
94.8339,29.8817
94.7635,29.8596
94.6931,29.8375
94.6228,29.8154
94.7063,29.8731
94.7898,29.9307
94.8733,29.9884
94.9568,30.046
95.0403,30.1037
95.1239,30.1613
95.2074,30.219
95.2909,30.2766
95.2363,30.204
95.1816,30.1314
95.127,30.0588
95.0723,29.9862
95.0177,29.9137
94.9631,29.8411
94.9084,29.7685
94.8538,29.6959
94.9373,29.7535
95.0208,29.8111
95.1043,29.8687
95.1878,29.9263
95.2713,29.984
95.3548,30.0416
95.4383,30.0992
95.5217,30.1568
95.4489,30.06
95.376,29.9632
95.3032,29.8664
95.2303,29.7696
95.1575,29.6729
95.0846,29.5761
95.0142,29.554
94.9438,29.5319
94.8734,29.5098
94.8031,29.4877
94.7327,29.4656
94.6623,29.4436
94.5919,29.4215
94.5215,29.3994
94.6328,29.4762
94.7442,29.553
94.8555,29.6298
94.9668,29.7067
95.0781,29.7835
95.1895,29.8603
95.1191,29.8382
95.0487,29.8161
94.9783,29.794
94.9079,29.7719
94.8375,29.7498
94.7671,29.7277
94.6967,29.7056
94.6264,29.6835
94.7099,29.7411
94.7934,29.7988
94.8769,29.8564
94.9604,29.914
95.0439,29.9717
95.1274,30.0293
95.2109,30.0869
95.2944,30.1446
95.2398,30.072
95.1851,29.9994
95.1305,29.9268
95.0759,29.8542
95.0212,29.7816
94.9666,29.7091
94.9119,29.6365
94.8573,29.5639
94.9408,29.6215
95.0243,29.6791
95.1078,29.7367
95.1913,29.7943
95.2747,29.8519
95.3582,29.9095
95.4417,29.9671
95.5252,30.0247
95.4523,29.9279
95.3795,29.8311
95.3066,29.7343
95.2338,29.6375
95.1609,29.5407
95.0881,29.4439
95.0177,29.4219
94.9473,29.3998
94.8769,29.3777
94.8065,29.3556
94.7361,29.3335
94.6657,29.3115
94.5953,29.2894
94.5249,29.2673
94.6363,29.3441
94.7476,29.4209
94.8589,29.4977
94.9702,29.5745
95.0815,29.6513
95.1929,29.7281
95.1225,29.706
95.0521,29.6839
94.9817,29.6618
94.9113,29.6397
94.8409,29.6176
94.7705,29.5955
94.7001,29.5734
94.6297,29.5513
94.7132,29.609
94.7967,29.6666
94.8802,29.7242
94.9637,29.7818
95.0472,29.8394
95.1307,29.897
95.2142,29.9547
95.2977,30.0123
95.2431,29.9397
95.1884,29.8671
95.1338,29.7945
95.0792,29.7219
95.0245,29.6494
94.9699,29.5768
94.9152,29.5042
94.8606,29.4316
94.9719,29.5084
95.0832,29.5851
95.1945,29.6619
95.3058,29.7387
95.4171,29.8155
95.5284,29.8922
95.458,29.8701
95.3876,29.848
95.3173,29.8259
95.2469,29.8038
95.1765,29.7817
95.1061,29.7596
95.0357,29.7375
94.9653,29.7154
95.0488,29.773
95.1323,29.8306
95.2158,29.8882
95.2993,29.9458
95.3827,30.0034
95.4662,30.061
95.5497,30.1186
95.6332,30.1762
95.5604,30.0794
95.4875,29.9826
95.4147,29.8859
95.3418,29.7891
95.2689,29.6923
95.1961,29.5955
95.1257,29.5734
95.0553,29.5513
94.9849,29.5292
94.9145,29.5071
94.8441,29.485
94.7737,29.463
94.7033,29.4409
94.633,29.4188
94.7443,29.4956
94.8556,29.5724
94.9669,29.6492
95.0782,29.726
95.1896,29.8028
95.3009,29.8796
95.2305,29.8575
95.1601,29.8354
95.0897,29.8133
95.0193,29.7912
94.9489,29.7691
94.8785,29.747
94.8082,29.7249
94.7378,29.7028
94.8213,29.7604
94.9048,29.818
94.9883,29.8757
95.0718,29.9333
95.1553,29.9909
95.2388,30.0485
95.3223,30.1062
95.4058,30.1638
95.3511,30.0912
95.2965,30.0186
95.2419,29.946
95.1872,29.8734
95.1326,29.8008
95.0779,29.7283
95.0233,29.6557
94.9687,29.5831
95.0521,29.6407
95.1356,29.6983
95.2191,29.7558
95.3026,29.8134
95.3861,29.871
95.4696,29.9286
95.553,29.9862
95.6365,30.0438
95.5637,29.947
95.4908,29.8502
95.418,29.7534
95.3451,29.6566
95.2722,29.5599
95.1994,29.4631
95.129,29.441
95.0586,29.4189
94.9882,29.3968
94.9178,29.3747
94.8474,29.3526
94.777,29.3306
94.7066,29.3085
94.6362,29.2864
94.7476,29.3632
94.8589,29.44
94.9702,29.5167
95.0815,29.5935
95.1928,29.6703
95.3041,29.7471
95.2337,29.725
95.1633,29.7029
95.0929,29.6808
95.0226,29.6587
94.9522,29.6366
94.8818,29.6145
94.8114,29.5924
94.741,29.5703
94.8245,29.6279
94.908,29.6855
94.9915,29.7431
95.075,29.8008
95.1585,29.8584
95.242,29.916
95.3255,29.9736
95.4089,30.0312
95.3543,29.9586
95.2997,29.886
95.245,29.8134
95.1904,29.7408
95.1357,29.6683
95.0811,29.5957
95.0264,29.5231
94.9718,29.4505
95.0831,29.5273
95.1944,29.604
95.3057,29.6808
95.417,29.7575
95.5283,29.8343
95.6396,29.9111
95.5457,29.8816
95.4519,29.8521
95.358,29.8226
95.2642,29.7931
95.1703,29.7637
95.0765,29.7342
95.0061,29.7121
94.9357,29.69
94.8653,29.6679
94.7949,29.6458
94.7245,29.6237
94.6541,29.6016
94.5837,29.5796
94.5133,29.5575
94.5968,29.6151
94.6804,29.6727
94.7639,29.7304
94.8474,29.788
94.9309,29.8456
95.0144,29.9033
95.0979,29.9609
95.1814,30.0185
95.1268,29.9459
95.0721,29.8733
95.0175,29.8008
94.9628,29.7282
94.9082,29.6556
94.8536,29.583
94.7989,29.5104
94.7443,29.4378
94.8556,29.5146
94.9669,29.5914
95.0782,29.6682
95.1895,29.745
95.3008,29.8218
95.4122,29.8986
95.3418,29.8765
95.2714,29.8544
95.201,29.8323
95.1306,29.8102
95.0602,29.7881
94.9898,29.766
94.9194,29.7439
94.849,29.7218
94.9325,29.7794
95.016,29.837
95.0995,29.8946
95.183,29.9522
95.2665,30.0098
95.35,30.0675
95.4335,30.1251
95.517,30.1827
95.4442,30.0859
95.3713,29.9891
95.2984,29.8923
95.2256,29.7955
95.1527,29.6987
95.0799,29.602
95.0095,29.5799
94.9391,29.5578
94.8687,29.5357
94.7983,29.5136
94.7279,29.4915
94.6575,29.4694
94.5871,29.4474
94.5168,29.4253
94.6281,29.5021
94.7394,29.5789
94.8508,29.6557
94.9621,29.7326
95.0734,29.8094
95.1848,29.8862
95.1144,29.8641
95.044,29.842
94.9736,29.8199
94.9032,29.7978
94.8328,29.7757
94.7624,29.7536
94.692,29.7315
94.6216,29.7094
94.7051,29.7671
94.7887,29.8247
94.8722,29.8823
94.9557,29.94
95.0392,29.9976
95.1227,30.0552
95.2062,30.1129
95.2897,30.1705
95.2351,30.0979
95.1804,30.0253
95.1258,29.9528
95.0712,29.8802
95.0165,29.8076
94.9619,29.735
94.9072,29.6624
94.8526,29.5898
94.9361,29.6474
95.0196,29.705
95.1031,29.7626
95.1866,29.8202
95.2701,29.8778
95.3535,29.9354
95.437,29.993
95.5205,30.0506
95.4477,29.9538
95.3748,29.857
95.3019,29.7603
95.2291,29.6635
95.1562,29.5667
95.0834,29.4699
95.013,29.4478
94.9426,29.4257
94.8722,29.4037
94.8018,29.3816
94.7314,29.3595
94.661,29.3374
94.5906,29.3153
94.5202,29.2933
94.6316,29.3701
94.7429,29.4469
94.8542,29.5237
94.9655,29.6005
95.0769,29.6773
95.1882,29.7541
95.1178,29.732
95.0474,29.7099
94.977,29.6878
94.9066,29.6657
94.8362,29.6436
94.7658,29.6215
94.6955,29.5994
94.6251,29.5773
94.7086,29.6349
94.7921,29.6925
94.8756,29.7502
94.9591,29.8078
95.0426,29.8654
95.1261,29.923
95.2096,29.9807
95.2931,30.0383
95.2384,29.9657
95.1838,29.8931
95.1292,29.8205
95.0745,29.7479
95.0199,29.6754
94.9652,29.6028
94.9106,29.5302
94.8559,29.4576
94.9673,29.5344
95.0786,29.6112
95.1899,29.6879
95.3012,29.7647
95.4125,29.8415
95.5238,29.9183
95.4534,29.8962
95.383,29.8741
95.3126,29.8519
95.2422,29.8298
95.1718,29.8077
95.1014,29.7856
95.0311,29.7635
94.9607,29.7414
95.0442,29.799
95.1276,29.8566
95.2111,29.9142
95.2946,29.9718
95.3781,30.0294
95.4616,30.0871
95.5451,30.1447
95.6286,30.2023
95.5557,30.1055
95.4829,30.0087
95.41,29.9119
95.3372,29.8151
95.2643,29.7183
95.1915,29.6215
95.1211,29.5994
95.0507,29.5774
94.9803,29.5553
94.9099,29.5332
94.8395,29.5111
94.7691,29.489
94.6987,29.4669
94.6283,29.4448
94.7397,29.5216
94.851,29.5984
94.9623,29.6752
95.0736,29.7521
95.185,29.8289
95.2963,29.9057
95.2259,29.8836
95.1555,29.8615
95.0851,29.8394
95.0147,29.8173
94.9443,29.7952
94.8739,29.7731
94.8036,29.751
94.7332,29.7289
94.8167,29.7865
94.9002,29.8441
94.9837,29.9017
95.0672,29.9594
95.1507,30.017
95.2342,30.0746
95.3177,30.1323
95.4012,30.1899
95.3466,30.1173
95.2919,30.0447
95.2373,29.9721
95.1826,29.8995
95.128,29.8269
95.0734,29.7543
95.0187,29.6818
94.9641,29.6092
95.0476,29.6668
95.1311,29.7243
95.2145,29.7819
95.298,29.8395
95.3815,29.8971
95.465,29.9547
95.5485,30.0123
95.632,30.0699
95.5591,29.9731
95.4862,29.8763
95.4134,29.7795
95.3405,29.6828
95.2677,29.586
95.1948,29.4892
95.1244,29.4671
95.054,29.445
94.9836,29.4229
94.9132,29.4008
94.8429,29.3788
94.7725,29.3567
94.7021,29.3346
94.6317,29.3125
94.743,29.3893
94.8543,29.4661
94.9656,29.5429
95.0769,29.6196
95.1883,29.6964
95.2996,29.7732
95.2292,29.7511
95.1588,29.729
95.0884,29.7069
95.018,29.6848
94.9476,29.6627
94.8772,29.6406
94.8068,29.6185
94.7364,29.5964
94.8199,29.6541
94.9034,29.7117
94.9869,29.7693
95.0704,29.8269
95.1539,29.8845
95.2374,29.9421
95.3209,29.9997
95.4044,30.0573
95.3498,29.9848
95.2951,29.9122
95.2405,29.8396
95.1858,29.767
95.1312,29.6944
95.0766,29.6218
95.0219,29.5492
94.9673,29.4766
95.0786,29.5534
95.1899,29.6302
95.3012,29.7069
95.4125,29.7837
95.5238,29.8605
95.6351,29.9372
95.5412,29.9078
95.4474,29.8783
95.3535,29.8488
95.2597,29.8193
95.1658,29.7898
95.0719,29.7604
95.0016,29.7383
94.9312,29.7162
94.8608,29.6941
94.7904,29.672
94.72,29.6499
94.6496,29.6278
94.5792,29.6057
94.5088,29.5836
94.5923,29.6413
94.6758,29.6989
94.7594,29.7565
94.8429,29.8142
94.9264,29.8718
95.0099,29.9294
95.0934,29.9871
95.1769,30.0447
95.1223,29.9721
95.0676,29.8995
95.013,29.827
94.9583,29.7544
94.9037,29.6818
94.8491,29.6092
94.7944,29.5366
94.7398,29.464
94.8511,29.5408
94.9624,29.6176
95.0737,29.6944
95.185,29.7712
95.2964,29.848
95.4077,29.9248
95.3373,29.9027
95.2669,29.8806
95.1965,29.8585
95.1261,29.8364
95.0557,29.8143
94.9853,29.7922
94.9149,29.7701
94.8445,29.748
94.928,29.8056
95.0115,29.8632
95.095,29.9208
95.1785,29.9784
95.262,30.0361
95.3455,30.0937
95.429,30.1513
95.5125,30.2089
95.4397,30.1121
95.3668,30.0154
95.294,29.9186
95.2211,29.8218
95.1483,29.725
95.0754,29.6282
95.005,29.6061
94.9346,29.584
94.8642,29.5619
94.7939,29.5399
94.7235,29.5178
94.6531,29.4957
94.5827,29.4736
94.5123,29.4515
94.6236,29.5283
94.735,29.6052
94.8463,29.682
94.9576,29.7588
95.069,29.8356
95.1803,29.9125
95.1099,29.8904
95.0395,29.8683
94.9691,29.8462
94.8988,29.8241
94.8284,29.802
94.758,29.7799
94.6876,29.7578
94.6172,29.7357
94.7007,29.7933
94.7842,29.851
94.8677,29.9086
94.9512,29.9662
95.0348,30.0239
95.1183,30.0815
95.2018,30.1392
95.2853,30.1968
95.2307,30.1242
95.176,30.0516
95.1214,29.979
95.0667,29.9064
95.0121,29.8339
94.9575,29.7613
94.9028,29.6887
94.8482,29.6161
94.9317,29.6737
95.0152,29.7313
95.0986,29.7889
95.1821,29.8465
95.2656,29.9041
95.3491,29.9617
95.4326,30.0193
95.5161,30.0769
95.4433,29.9801
95.3704,29.8834
95.2975,29.7866
95.2247,29.6898
95.1518,29.593
95.079,29.4962
95.0086,29.4741
94.9382,29.452
94.8678,29.43
94.7974,29.4079
94.727,29.3858
94.6566,29.3637
94.5862,29.3416
94.5158,29.3196
94.6272,29.3964
94.7385,29.4732
94.8498,29.55
94.9611,29.6268
95.0725,29.7036
95.1838,29.7804
95.1134,29.7583
95.043,29.7362
94.9726,29.7141
94.9022,29.692
94.8318,29.6699
94.7614,29.6478
94.6911,29.6257
94.6207,29.6036
94.7042,29.6613
94.7877,29.7189
94.8712,29.7765
94.9547,29.8341
95.0382,29.8918
95.1217,29.9494
95.2052,30.007
95.2887,30.0646
95.2341,29.992
95.1794,29.9195
95.1248,29.8469
95.0701,29.7743
95.0155,29.7017
94.9609,29.6291
94.9062,29.5565
94.8516,29.4839
94.9629,29.5607
95.0742,29.6375
95.1855,29.7143
95.2968,29.7911
95.4081,29.8679
95.5194,29.9446
95.449,29.9225
95.3787,29.9004
95.3083,29.8783
95.2379,29.8562
95.1675,29.8341
95.0971,29.812
95.0267,29.7899
94.9563,29.7678
95.0398,29.8254
95.1233,29.883
95.2068,29.9406
95.2903,29.9982
95.3738,30.0558
95.4573,30.1134
95.5408,30.1711
95.6243,30.2287
95.5514,30.1319
95.4785,30.0351
95.4057,29.9383
95.3328,29.8415
95.26,29.7447
95.1871,29.6479
95.1167,29.6258
95.0463,29.6037
94.976,29.5817
94.9056,29.5596
94.8352,29.5375
94.7648,29.5154
94.6944,29.4933
94.624,29.4712
94.7353,29.548
94.8467,29.6248
94.958,29.7016
95.0693,29.7785
95.1806,29.8553
95.292,29.9321
95.2216,29.91
95.1512,29.8879
95.0808,29.8658
95.0104,29.8437
94.94,29.8216
94.8696,29.7995
94.7992,29.7774
94.7288,29.7553
94.8123,29.8129
94.8959,29.8705
94.9794,29.9282
95.0629,29.9858
95.1464,30.0434
95.2299,30.1011
95.3134,30.1587
95.3969,30.2163
95.3423,30.1437
95.2876,30.0711
95.233,29.9986
95.1783,29.926
95.1237,29.8534
95.0691,29.7808
95.0144,29.7082
94.9598,29.6356
95.0433,29.6932
95.1267,29.7508
95.2102,29.8084
95.2937,29.866
95.3772,29.9236
95.4607,29.9812
95.5442,30.0388
95.6277,30.0964
95.5548,29.9996
95.482,29.9028
95.4091,29.806
95.3362,29.7092
95.2634,29.6124
95.1905,29.5156
95.1201,29.4936
95.0497,29.4715
94.9793,29.4494
94.909,29.4273
94.8386,29.4052
94.7682,29.3831
94.6978,29.361
94.6274,29.339
94.7387,29.4157
94.85,29.4925
94.9613,29.5693
95.0727,29.6461
95.184,29.7229
95.2953,29.7997
95.2249,29.7776
95.1545,29.7555
95.0841,29.7334
95.0137,29.7113
94.9433,29.6892
94.8729,29.6671
94.8026,29.645
94.7322,29.6229
94.8157,29.6805
94.8992,29.7382
94.9827,29.7958
95.0662,29.8534
95.1497,29.911
95.2332,29.9686
95.3167,30.0262
95.4002,30.0839
95.3455,30.0113
95.2909,29.9387
95.2362,29.8661
95.1816,29.7935
95.1269,29.7209
95.0723,29.6483
95.0177,29.5757
94.963,29.5031
95.0743,29.5799
95.1856,29.6567
95.2969,29.7335
95.4082,29.8102
95.5195,29.887
95.6308,29.9638
95.537,29.9343
95.4431,29.9048
95.3493,29.8753
95.2554,29.8459
95.1616,29.8164
95.0677,29.7869
94.9973,29.7648
94.9269,29.7427
94.8565,29.7206
94.7861,29.6985
94.7157,29.6764
94.6454,29.6543
94.575,29.6322
94.5046,29.6102
94.5881,29.6678
94.6716,29.7254
94.7551,29.7831
94.8386,29.8407
94.9221,29.8983
95.0057,29.956
95.0892,30.0136
95.1727,30.0713
95.118,29.9987
95.0634,29.9261
95.0088,29.8535
94.9541,29.7809
94.8995,29.7083
94.8448,29.6358
94.7902,29.5632
94.7355,29.4906
94.8469,29.5674
94.9582,29.6442
95.0695,29.721
95.1808,29.7978
95.2922,29.8746
95.4035,29.9514
95.3331,29.9293
95.2627,29.9072
95.1923,29.8851
95.1219,29.863
95.0515,29.8409
94.9811,29.8187
94.9107,29.7966
94.8403,29.7745
94.9238,29.8322
95.0073,29.8898
95.0908,29.9474
95.1743,30.005
95.2579,30.0627
95.3414,30.1203
95.4249,30.1779
95.5084,30.2355
95.4355,30.1387
95.3626,30.0419
95.2898,29.9452
95.2169,29.8484
95.1441,29.7516
95.0712,29.6548
95.0008,29.6327
94.9304,29.6106
94.8601,29.5885
94.7897,29.5664
94.7193,29.5444
94.6489,29.5223
94.5785,29.5002
94.5081,29.4781
94.6194,29.5549
94.7308,29.6318
94.8421,29.7086
94.9535,29.7854
95.0648,29.8622
95.1761,29.9391
95.1057,29.917
95.0354,29.8949
94.965,29.8728
94.8946,29.8507
94.8242,29.8286
94.7538,29.8065
94.6834,29.7844
94.613,29.7623
94.6965,29.8199
94.78,29.8776
94.8636,29.9352
94.9471,29.9929
95.0306,30.0505
95.1141,30.1081
95.1976,30.1658
95.2811,30.2234
95.2265,30.1508
95.1719,30.0783
95.1172,30.0057
95.0626,29.9331
95.0079,29.8605
94.9533,29.7879
94.8987,29.7153
94.844,29.6427
94.9275,29.7003
95.011,29.7579
95.0945,29.8155
95.178,29.8732
95.2615,29.9308
95.345,29.9884
95.4285,30.046
95.512,30.1036
95.4391,30.0068
95.3663,29.91
95.2934,29.8132
95.2205,29.7164
95.1477,29.6196
95.0748,29.5229
95.0044,29.5008
94.934,29.4787
94.8637,29.4566
94.7933,29.4345
94.7229,29.4125
94.6525,29.3904
94.5821,29.3683
94.5117,29.3462
94.623,29.423
94.7344,29.4998
94.8457,29.5766
94.957,29.6534
95.0683,29.7303
95.1797,29.8071
95.1093,29.785
95.0389,29.7629
94.9685,29.7408
94.8981,29.7187
94.8277,29.6966
94.7573,29.6745
94.6869,29.6524
94.6165,29.6303
94.7001,29.6879
94.7836,29.7456
94.8671,29.8032
94.9506,29.8608
95.0341,29.9184
95.1176,29.9761
95.2011,30.0337
95.2846,30.0913
95.23,30.0187
95.1753,29.9462
95.1207,29.8736
95.066,29.801
95.0114,29.7284
94.9567,29.6558
94.9021,29.5832
94.8475,29.5106
94.9588,29.5874
95.0701,29.6642
95.1814,29.741
95.2927,29.8178
95.404,29.8946
95.5153,29.9714
95.445,29.9493
95.3746,29.9271
95.3042,29.905
95.2338,29.8829
95.1634,29.8608
95.093,29.8387
95.0226,29.8166
94.9522,29.7945
95.0357,29.8521
95.1192,29.9097
95.2027,29.9673
95.2862,30.025
95.3697,30.0826
95.4532,30.1402
95.5367,30.1978
95.6202,30.2554
95.5473,30.1586
95.4745,30.0618
95.4016,29.965
95.3288,29.8683
95.2559,29.7715
95.1831,29.6747
95.1127,29.6526
95.0423,29.6305
94.9719,29.6084
94.9015,29.5863
94.8311,29.5642
94.7607,29.5421
94.6903,29.52
94.6199,29.4979
94.7313,29.5748
94.8426,29.6516
94.9539,29.7284
95.0652,29.8052
95.1766,29.882
95.2879,29.9589
95.2175,29.9367
95.1471,29.9146
95.0767,29.8925
95.0063,29.8704
94.936,29.8483
94.8656,29.8262
94.7952,29.8041
94.7248,29.782
94.8083,29.8397
94.8918,29.8973
94.9753,29.9549
95.0588,30.0126
95.1423,30.0702
95.2258,30.1278
95.3093,30.1855
95.3929,30.2431
95.3382,30.1705
95.2836,30.0979
95.2289,30.0253
95.1743,29.9527
95.1197,29.8802
95.065,29.8076
95.0104,29.735
94.9557,29.6624
95.0392,29.72
95.1227,29.7776
95.2062,29.8352
95.2897,29.8928
95.3732,29.9504
95.4567,30.008
95.5402,30.0656
95.6236,30.1232
95.5508,30.0264
95.4779,29.9296
95.4051,29.8328
95.3322,29.736
95.2594,29.6392
95.1865,29.5424
95.1161,29.5204
95.0457,29.4983
94.9753,29.4762
94.9049,29.4541
94.8345,29.432
94.7641,29.4099
94.6938,29.3878
94.6234,29.3658
94.7347,29.4426
94.846,29.5194
94.9573,29.5961
95.0686,29.6729
95.18,29.7497
95.2913,29.8265
95.2209,29.8044
95.1505,29.7823
95.0801,29.7602
95.0097,29.7381
94.9393,29.716
94.8689,29.6939
94.7985,29.6718
94.7282,29.6497
94.8117,29.7074
94.8952,29.765
94.9787,29.8226
95.0622,29.8802
95.1457,29.9378
95.2292,29.9955
95.3127,30.0531
95.3962,30.1107
95.3415,30.0381
95.2869,29.9655
95.2322,29.8929
95.1776,29.8204
95.123,29.7478
95.0683,29.6752
95.0137,29.6026
94.959,29.53
95.0703,29.6068
95.1816,29.6836
95.293,29.7603
95.4043,29.8371
95.5156,29.9139
95.6269,29.9907
95.533,29.9612
95.4392,29.9317
95.3453,29.9022
95.2514,29.8727
95.1576,29.8432
95.0637,29.8138
94.9933,29.7917
94.9229,29.7696
94.8526,29.7475
94.7822,29.7254
94.7118,29.7033
94.6414,29.6812
94.571,29.6591
94.5006,29.637
94.5841,29.6947
94.6676,29.7523
94.7512,29.8099
94.8347,29.8676
94.9182,29.9252
95.0017,29.9829
95.0852,30.0405
95.1687,30.0982
95.1141,30.0256
95.0594,29.953
95.0048,29.8804
94.9502,29.8078
94.8955,29.7352
94.8409,29.6626
94.7862,29.5901
94.7316,29.5175
94.8429,29.5943
94.9542,29.6711
95.0656,29.7479
95.1769,29.8247
95.2882,29.9015
95.3995,29.9783
95.3291,29.9562
95.2588,29.9341
95.1884,29.912
95.118,29.8899
95.0476,29.8678
94.9772,29.8457
94.9068,29.8236
94.8364,29.8014
94.9199,29.8591
95.0034,29.9167
95.0869,29.9743
95.1704,30.032
95.2539,30.0896
95.3374,30.1472
95.4209,30.2048
95.5044,30.2625
95.4316,30.1657
95.3587,30.0689
95.2859,29.9721
95.213,29.8753
95.1402,29.7785
95.0673,29.6817
94.9969,29.6596
94.9265,29.6375
94.8561,29.6155
94.7857,29.5934
94.7154,29.5713
94.645,29.5492
94.5746,29.5271
94.5042,29.505
94.6155,29.5819
94.7269,29.6587
94.8382,29.7355
94.9496,29.8124
95.0609,29.8892
95.1722,29.966
95.1018,29.9439
95.0315,29.9218
94.9611,29.8997
94.8907,29.8776
94.8203,29.8555
94.7499,29.8334
94.6795,29.8113
94.6091,29.7892
94.6926,29.8469
94.7761,29.9045
94.8597,29.9622
94.9432,30.0198
95.0267,30.0775
95.1102,30.1351
95.1937,30.1928
95.2772,30.2504
95.2226,30.1778
95.168,30.1052
95.1133,30.0326
95.0587,29.9601
95.004,29.8875
94.9494,29.8149
94.8948,29.7423
94.8401,29.6697
94.9236,29.7273
95.0071,29.7849
95.0906,29.8425
95.1741,29.9001
95.2576,29.9578
95.3411,30.0154
95.4246,30.073
95.5081,30.1306
95.4352,30.0338
95.3624,29.937
95.2895,29.8402
95.2167,29.7434
95.1438,29.6467
95.071,29.5499
95.0006,29.5278
94.9302,29.5057
94.8598,29.4836
94.7894,29.4615
94.719,29.4394
94.6486,29.4174
94.5782,29.3953
94.5078,29.3732
94.6192,29.45
94.7305,29.5268
94.8418,29.6036
94.9532,29.6805
95.0645,29.7573
95.1758,29.8341
95.1054,29.812
95.035,29.7899
94.9646,29.7678
94.8943,29.7457
94.8239,29.7236
94.7535,29.7015
94.6831,29.6794
94.6127,29.6573
94.6962,29.7149
94.7797,29.7726
94.8632,29.8302
94.9467,29.8878
95.0302,29.9455
95.1137,30.0031
95.1972,30.0607
95.2808,30.1184
95.2261,30.0458
95.1715,29.9732
95.1168,29.9006
95.0622,29.828
95.0076,29.7554
94.9529,29.6829
94.8983,29.6103
94.8436,29.5377
94.9549,29.6145
95.0663,29.6913
95.1776,29.7681
95.2889,29.8449
95.4002,29.9216
95.5115,29.9984
95.4411,29.9763
95.3707,29.9542
95.3003,29.9321
95.23,29.91
95.1596,29.8879
95.0892,29.8658
95.0188,29.8437
94.9484,29.8216
95.0319,29.8792
95.1154,29.9368
95.1989,29.9944
95.2824,30.052
95.3659,30.1097
95.4494,30.1673
95.5329,30.2249
95.6164,30.2825
95.5435,30.1857
95.4707,30.0889
95.3978,29.9921
95.325,29.8953
95.2521,29.7985
95.1792,29.7018
95.1089,29.6797
95.0385,29.6576
94.9681,29.6355
94.8977,29.6134
94.8273,29.5913
94.7569,29.5692
94.6865,29.5471
94.6161,29.525
94.7275,29.6018
94.8388,29.6787
94.9501,29.7555
95.0615,29.8323
95.1728,29.9091
95.2841,29.986
95.2137,29.9639
95.1433,29.9418
95.0729,29.9196
95.0026,29.8975
94.9322,29.8754
94.8618,29.8533
94.7914,29.8312
94.721,29.8091
94.8045,29.8668
94.888,29.9244
94.9715,29.982
95.055,30.0397
95.1385,30.0973
95.2221,30.155
95.3056,30.2126
95.3891,30.2702
95.3344,30.1976
95.2798,30.1251
95.2252,30.0525
95.1705,29.9799
95.1159,29.9073
95.0612,29.8347
95.0066,29.7621
94.952,29.6895
95.0355,29.7471
95.1189,29.8047
95.2024,29.8623
95.2859,29.9199
95.3694,29.9775
95.4529,30.0351
95.5364,30.0927
95.6199,30.1503
95.547,30.0535
95.4742,29.9568
95.4013,29.86
95.3285,29.7632
95.2556,29.6664
95.1827,29.5696
95.1124,29.5475
95.042,29.5254
94.9716,29.5033
94.9012,29.4813
94.8308,29.4592
94.7604,29.4371
94.69,29.415
94.6196,29.3929
94.7309,29.4697
94.8423,29.5465
94.9536,29.6233
95.0649,29.7001
95.1762,29.7769
95.2876,29.8537
95.2172,29.8316
95.1468,29.8095
95.0764,29.7874
95.006,29.7653
94.9356,29.7432
94.8652,29.7211
94.7948,29.699
94.7244,29.6769
94.8079,29.7345
94.8914,29.7922
94.9749,29.8498
95.0584,29.9074
95.1419,29.965
95.2254,30.0227
95.3089,30.0803
95.3924,30.1379
95.3378,30.0653
95.2832,29.9927
95.2285,29.9201
95.1739,29.8475
95.1192,29.775
95.0646,29.7024
95.01,29.6298
94.9553,29.5572
95.0388,29.6148
95.1223,29.6724
95.2058,29.73
95.2892,29.7875
95.3727,29.8451
95.4562,29.9027
95.5397,29.9603
95.6232,30.0179
95.5503,29.9211
95.4775,29.8243
95.4046,29.7275
95.3317,29.6307
95.2589,29.534
95.186,29.4372
95.1156,29.4151
95.0452,29.393
94.9748,29.3709
94.9045,29.3488
94.8341,29.3268
94.7637,29.3047
94.6933,29.2826
94.6229,29.2605
94.7342,29.3373
94.8455,29.4141
94.9568,29.4908
95.0681,29.5676
95.1794,29.6444
95.2908,29.7212
95.2204,29.6991
95.15,29.677
95.0796,29.6549
95.0092,29.6328
94.9388,29.6107
94.8684,29.5886
94.798,29.5665
94.7276,29.5444
