x,y
2,0
2.07719,0.0449901
2.15439,0.0899803
2.23158,0.13497
2.30877,0.179961
2.38597,0.224951
2.46316,0.269941
2.54035,0.314931
2.61755,0.359921
2.69474,0.404911
2.77193,0.449901
2.84912,0.494891
2.92632,0.53988
3.00351,0.58487
3.0807,0.62986
3.15789,0.67485
3.23508,0.719839
3.31227,0.764829
3.38947,0.809819
3.46666,0.854808
3.54385,0.899798
3.62104,0.944787
3.69823,0.989777
3.77542,1.03477
3.85261,1.07976
3.9298,1.12474
4.00699,1.16973
4.08418,1.21472
4.16136,1.25971
4.23855,1.3047
4.31574,1.34969
4.39293,1.39468
4.47012,1.43967
4.54731,1.48466
4.62449,1.52965
4.70168,1.57464
4.77887,1.61963
4.85606,1.66461
4.93324,1.7096
5.01043,1.75459
5.08762,1.79958
5.16481,1.84457
5.24199,1.88956
5.31916,1.93457
5.39633,1.97958
5.47349,2.02459
5.55066,2.0696
5.62783,2.1146
5.70499,2.15961
5.78216,2.20462
5.85932,2.24963
5.93649,2.29464
6.01365,2.33965
6.09082,2.38466
6.16798,2.42967
6.24515,2.47468
6.32231,2.51968
6.39948,2.56469
6.47664,2.6097
6.55381,2.65471
6.63097,2.69972
6.70813,2.74473
6.7853,2.78974
6.86246,2.83474
6.93962,2.87975
7.01679,2.92476
7.09395,2.96977
7.17111,3.01478
7.24827,3.05979
7.32543,3.10479
7.4026,3.1498
7.47976,3.19481
7.55692,3.23982
7.63408,3.28483
7.71124,3.32983
7.7884,3.37484
7.86556,3.41985
7.94272,3.46486
8.01988,3.50987
8.09704,3.55487
8.1742,3.59988
8.25136,3.64489
8.32852,3.6899
8.40568,3.7349
8.48284,3.77991
8.56,3.82492
8.63716,3.86993
8.71431,3.91493
8.79147,3.95994
8.86863,4.00495
8.94579,4.04996
9.02294,4.09496
9.1001,4.13997
9.17726,4.18498
9.25441,4.22998
9.33157,4.27499
9.40873,4.32
9.48588,4.36501
9.56304,4.41001
9.64019,4.45502
9.71735,4.50003
9.79451,4.54503
9.87166,4.59004
9.94882,4.63505
10.026,4.68005
10.1031,4.72506
10.1803,4.77007
10.2574,4.81507
10.3346,4.86008
10.4117,4.90509
10.4889,4.95009
10.566,4.9951
10.6432,5.04011
10.7203,5.08511
10.7975,5.13012
10.8746,5.17522
10.9517,5.22032
11.0288,5.26542
11.1059,5.31052
11.183,5.35562
11.2601,5.40072
11.3373,5.44582
11.4144,5.49092
11.4915,5.53602
11.5686,5.58112
11.6457,5.62622
11.7228,5.67132
11.7999,5.71642
11.877,5.76152
11.9541,5.80662
12.0312,5.85173
12.1083,5.89683
12.1854,5.94193
12.2625,5.98703
12.3396,6.03213
12.4167,6.07723
12.4938,6.12233
12.5709,6.16743
12.648,6.21253
12.7251,6.25763
12.8022,6.30273
12.8793,6.34783
12.9564,6.39293
13.0335,6.43803
13.1106,6.48313
13.1877,6.52823
13.2648,6.57333
13.3419,6.61843
13.419,6.66353
13.4961,6.70863
13.5732,6.75373
13.6503,6.79883
13.7274,6.84393
13.8045,6.88903
13.8816,6.93413
13.9587,6.97923
14.0358,7.02433
14.1129,7.06943
14.19,7.11453
14.2671,7.15963
14.3442,7.20473
14.4213,7.24983
14.4984,7.29493
14.5755,7.34003
14.6526,7.38513
14.7297,7.43023
14.8068,7.47533
14.8839,7.52043
14.961,7.56553
15.0381,7.61063
15.1152,7.65573
15.1923,7.70083
15.2694,7.74593
15.3465,7.79103
15.4235,7.83613
15.5006,7.88123
15.5777,7.92633
15.6548,7.97143
15.7319,8.01653
15.809,8.06164
15.8861,8.10674
15.9632,8.15184
16.0403,8.19694
16.1174,8.24204
16.1945,8.28714
16.2715,8.33224
16.3486,8.37734
16.4257,8.42244
16.5028,8.46754
16.5799,8.51265
16.657,8.55775
16.7341,8.60285
16.8112,8.64795
16.8882,8.69305
16.9653,8.73815
17.0424,8.78326
17.1195,8.82836
17.1966,8.87346
17.2737,8.91856
17.3508,8.96366
17.4278,9.00876
17.5049,9.05387
17.582,9.09897
17.6591,9.14407
17.7362,9.18917
17.8133,9.23428
17.8903,9.27938
17.9674,9.32448
18.0445,9.36958
18.1216,9.41469
18.1987,9.45979
18.2757,9.50489
18.3528,9.55
18.4299,9.5951
18.507,9.6402
18.5841,9.6853
18.6611,9.73041
18.7382,9.77551
18.8153,9.82062
18.8924,9.86572
18.9694,9.91082
19.0465,9.95593
19.1236,10.001
19.2007,10.0461
19.2777,10.0912
19.3548,10.1363
19.4319,10.1814
19.509,10.2266
19.586,10.2717
19.6631,10.3168
19.7402,10.3619
19.8173,10.407
19.8943,10.4521
19.9714,10.4972
20.0485,10.5423
20.1246,10.5888
20.2007,10.6354
20.2768,10.6819
20.3529,10.7284
20.429,10.775
20.5052,10.8215
20.5812,10.8681
20.6573,10.9147
20.7334,10.9613
20.8095,11.0078
20.8856,11.0544
20.9617,11.101
21.0377,11.1476
21.1138,11.1943
21.1898,11.2409
21.2659,11.2875
21.3419,11.3341
21.418,11.3808
21.494,11.4274
21.57,11.4741
21.646,11.5208
21.722,11.5675
21.7981,11.6142
21.8741,11.6608
21.931,11.6959
21.988,11.7309
22.045,11.766
22.102,11.8011
22.159,11.8361
22.216,11.8712
22.2729,11.9062
22.3299,11.9413
22.2621,12.0465
22.1943,12.1518
22.1265,12.257
22.0586,12.3623
21.9908,12.4675
21.923,12.5728
21.98,12.6078
22.037,12.6428
22.094,12.6778
22.151,12.7129
22.208,12.7479
22.265,12.7829
22.322,12.8179
22.379,12.853
22.3113,12.9581
22.2436,13.0632
22.1759,13.1684
22.1082,13.2735
22.0405,13.3787
21.9728,13.4838
22.0299,13.5188
22.0869,13.5538
22.1439,13.5888
22.2009,13.6238
22.2579,13.6588
22.3149,13.6938
22.3719,13.7288
22.429,13.7638
22.3783,13.8425
22.3276,13.9213
22.277,14.0001
22.2263,14.0788
22.1757,14.1576
22.125,14.2364
22.0744,14.3151
22.0237,14.3939
21.956,14.4991
21.8883,14.6042
21.8206,14.7094
21.7529,14.8145
21.6852,14.9197
21.6175,15.0249
21.6745,15.0598
21.7316,15.0947
21.7887,15.1296
21.8458,15.1645
21.9028,15.1994
21.9599,15.2343
22.017,15.2692
22.074,15.3041
22.0065,15.4091
21.9389,15.5142
21.8713,15.6192
21.8038,15.7243
21.7362,15.8293
21.6686,15.9343
21.7257,15.9692
21.7828,16.0041
21.8399,16.039
21.8969,16.0739
21.954,16.1088
22.0111,16.1437
22.0682,16.1786
22.1252,16.2135
22.0578,16.3184
21.9904,16.4233
21.9231,16.5282
21.8557,16.6331
21.7883,16.738
21.7209,16.8429
21.7779,16.8777
21.835,16.9126
21.8921,16.9475
21.9492,16.9824
22.0063,17.0172
22.0633,17.0521
22.1204,17.087
22.1775,17.1219
22.1103,17.2266
22.0431,17.3313
21.9759,17.4361
21.9087,17.5408
21.8415,17.6455
21.7743,17.7503
21.8314,17.7851
21.8885,17.82
21.9456,17.8549
22.0026,17.8897
22.0597,17.9246
22.1168,17.9594
22.1739,17.9943
22.231,18.0292
22.164,18.1337
22.0971,18.2382
22.0301,18.3428
21.9631,18.4473
21.8962,18.5518
21.8292,18.6564
21.8863,18.6912
21.9434,18.7261
22.0005,18.761
22.0576,18.7958
22.1146,18.8307
22.1717,18.8655
22.2288,18.9004
22.2859,18.9353
22.2192,19.0395
22.1525,19.1438
22.0859,19.2481
22.0192,19.3524
21.9525,19.4567
21.8859,19.561
21.943,19.5958
22,19.6307
22.0571,19.6655
22.1142,19.7004
22.1713,19.7353
22.2284,19.7701
22.2854,19.805
22.3425,19.8398
22.2762,19.9438
22.2099,20.0478
22.1436,20.1518
22.0773,20.2557
22.011,20.3597
21.9447,20.4637
22.0018,20.4986
22.0588,20.5334
22.1159,20.5683
22.173,20.6031
22.2301,20.638
22.2872,20.6729
22.3442,20.7077
22.4013,20.7426
22.3519,20.8203
22.3025,20.898
22.2532,20.9756
22.2038,21.0533
22.1544,21.131
22.105,21.2087
22.0556,21.2864
22.0062,21.3641
21.9397,21.4683
21.8731,21.5725
21.8066,21.6766
21.74,21.7808
21.6735,21.885
21.6069,21.9892
21.6722,22.029
21.7374,22.0688
21.8027,22.1086
21.868,22.1484
21.9332,22.1882
21.9985,22.228
22.0638,22.2677
22.0126,22.3523
21.9614,22.4368
21.9102,22.5213
21.859,22.6059
21.8078,22.6904
21.7566,22.7749
21.7054,22.8595
21.6542,22.944
21.6029,23.0285
21.5517,23.113
21.5004,23.1975
21.4492,23.282
21.3979,23.3665
21.3466,23.451
21.2954,23.5355
21.2441,23.62
21.1929,23.7045
21.1416,23.789
21.0904,23.8736
21.0391,23.9581
20.9879,24.0426
20.9366,24.1271
20.8854,24.2116
20.8341,24.2961
20.7829,24.3806
20.7317,24.4651
20.6804,24.5496
20.6292,24.6341
20.5779,24.7186
20.5267,24.8031
20.4754,24.8876
20.4242,24.9721
20.3729,25.0566
20.3217,25.1411
20.2705,25.2256
20.2119,25.3237
20.1534,25.4218
20.0948,25.5199
20.0363,25.618
19.9777,25.716
19.9192,25.8141
19.9903,25.8248
20.0613,25.8355
20.1324,25.8461
20.2035,25.8568
20.2745,25.8675
20.3456,25.8781
20.4167,25.8888
20.3665,25.9729
20.3163,26.0569
20.2661,26.141
20.2159,26.2251
20.1658,26.3092
20.1156,26.3932
20.0654,26.4773
20.0068,26.5754
19.9482,26.6735
19.8896,26.7716
19.8311,26.8697
19.7725,26.9678
19.7139,27.0659
19.785,27.0758
19.8562,27.0857
19.9274,27.0955
19.9985,27.1054
20.0697,27.1152
20.1408,27.1251
20.212,27.1349
20.1534,27.233
20.0948,27.3311
20.0363,27.4292
19.9777,27.5273
19.9191,27.6254
19.8605,27.7235
19.9317,27.733
20.0029,27.7424
20.0742,27.7518
20.1454,27.7612
20.2166,27.7706
20.2878,27.7801
20.359,27.7895
20.3088,27.8736
20.2586,27.9577
20.2084,28.0417
20.1582,28.1258
20.108,28.2099
20.0578,28.294
20.0076,28.3781
19.949,28.4762
19.8904,28.5743
19.8318,28.6724
19.7732,28.7705
19.7146,28.8686
19.656,28.9667
19.7272,28.9758
19.7985,28.9848
19.8697,28.9939
19.941,29.0029
20.0122,29.012
20.0834,29.021
20.1547,29.0301
20.0961,29.1282
20.0375,29.2263
19.9789,29.3244
19.9203,29.4225
19.8618,29.5206
19.8032,29.6187
19.8744,29.6275
19.9457,29.6363
20.017,29.6451
20.0882,29.6539
20.1595,29.6628
20.2308,29.6716
20.302,29.6804
20.2435,29.7785
20.1849,29.8766
20.1263,29.9747
20.0678,30.0728
20.0092,30.1709
19.9506,30.269
20.0218,30.2776
20.093,30.2862
20.1641,30.2948
20.2353,30.3034
20.3065,30.312
20.3776,30.3206
20.4488,30.3292
20.3981,30.4134
20.3474,30.4977
20.2967,30.5819
20.246,30.6662
20.1953,30.7505
20.1446,30.8347
20.094,30.919
20.0348,31.0173
19.9756,31.1156
19.9165,31.2139
19.8573,31.3122
19.7981,31.4105
19.739,31.5088
19.8101,31.5175
19.8812,31.5262
19.9523,31.5349
20.0234,31.5437
20.0945,31.5524
20.1656,31.5611
20.2367,31.5698
20.1776,31.6681
20.1184,31.7664
20.0593,31.8647
20.0001,31.963
19.941,32.0613
19.8818,32.1596
19.9529,32.1684
20.024,32.1771
20.0951,32.1859
20.1662,32.1946
20.2373,32.2034
20.3083,32.2121
20.3794,32.2209
20.3287,32.3051
20.2781,32.3894
20.2274,32.4736
20.1767,32.5579
20.126,32.6421
20.0753,32.7264
20.0246,32.8106
19.9655,32.9089
19.9063,33.0072
19.8471,33.1055
19.788,33.2038
19.7288,33.3021
19.6697,33.4004
19.7407,33.4094
19.8117,33.4183
19.8827,33.4273
19.9537,33.4363
20.0247,33.4452
20.0957,33.4542
20.1667,33.4631
20.1075,33.5614
20.0484,33.6597
19.9892,33.758
19.9301,33.8563
19.871,33.9546
19.8118,34.0529
19.8828,34.062
19.9538,34.071
20.0247,34.08
20.0957,34.089
20.1667,34.0981
20.2376,34.1071
20.3086,34.1161
20.2377,34.2341
20.1667,34.352
20.0957,34.47
20.0248,34.5879
19.9538,34.7059
20.0247,34.715
20.0957,34.7241
20.1666,34.7332
20.2376,34.7423
20.3085,34.7514
20.3794,34.7606
20.4504,34.7697
20.3997,34.8539
20.349,34.9382
20.2983,35.0224
20.2477,35.1067
20.197,35.1909
20.1463,35.2752
20.0956,35.3594
20.0246,35.4774
19.9537,35.5953
19.8827,35.7133
19.8117,35.8312
19.7407,35.9492
19.8115,35.9587
19.8823,35.9682
19.9531,35.9777
20.0239,35.9872
20.0947,35.9967
20.1655,36.0063
20.2363,36.0158
20.1654,36.1337
20.0944,36.2517
20.0234,36.3696
19.9525,36.4876
19.8815,36.6055
19.9522,36.6152
20.023,36.6249
20.0937,36.6345
20.1644,36.6442
20.2352,36.6539
20.3059,36.6636
20.3767,36.6732
20.326,36.7575
20.2753,36.8417
20.2246,36.926
20.1739,37.0102
20.1233,37.0945
20.0726,37.1787
20.0219,37.263
19.9509,37.3809
19.8799,37.4989
19.809,37.6168
19.738,37.7348
19.667,37.8528
19.7375,37.8631
19.808,37.8734
19.8786,37.8837
19.9491,37.894
20.0196,37.9043
20.0901,37.9147
20.1606,37.925
20.0897,38.0429
20.0187,38.1609
19.9477,38.2788
19.8767,38.3968
19.8058,38.5147
19.8762,38.5253
19.9466,38.536
20.017,38.5466
20.0874,38.5572
20.1578,38.5678
20.2283,38.5784
20.2987,38.589
20.2277,38.707
20.1567,38.8249
20.0858,38.9429
20.0148,39.0608
19.9439,39.1788
20.0142,39.1897
20.0845,39.2007
20.1547,39.2117
20.225,39.2226
20.2953,39.2336
20.3656,39.2446
20.4359,39.2555
20.3852,39.3398
20.3345,39.424
20.2839,39.5083
20.2332,39.5925
20.1825,39.6768
20.1318,39.761
20.0812,39.8453
20.0102,39.9632
19.9392,40.0812
19.8682,40.1991
19.7973,40.3171
19.7263,40.4351
19.7961,40.4474
19.8659,40.4597
19.9357,40.472
20.0056,40.4843
20.0754,40.4967
20.1452,40.509
20.215,40.5213
20.1441,40.6392
20.0731,40.7572
20.0021,40.8751
19.9312,40.9931
19.8602,41.1111
19.9298,41.1241
19.9993,41.1372
20.0689,41.1502
20.1384,41.1633
20.2079,41.1764
20.2775,41.1894
20.347,41.2025
20.2761,41.3205
20.2051,41.4384
20.1342,41.5564
20.0632,41.6743
19.9923,41.7923
20.0615,41.8063
20.1307,41.8203
20.1999,41.8344
20.2691,41.8484
20.3382,41.8624
20.4074,41.8765
20.4766,41.8905
20.426,41.9748
20.3753,42.059
20.3246,42.1433
20.2739,42.2275
20.2233,42.3118
20.1726,42.396
20.1219,42.4803
20.0509,42.5982
19.98,42.7162
19.909,42.8341
19.838,42.9521
19.7671,43.07
19.8346,43.0883
19.9022,43.1065
19.9698,43.1247
20.0374,43.1429
20.1049,43.1612
20.1725,43.1794
20.2401,43.1976
20.1691,43.3156
20.0981,43.4335
20.0272,43.5515
19.9562,43.6694
19.8853,43.7874
19.9513,43.8091
20.0174,43.8308
20.0835,43.8526
20.1495,43.8743
20.2156,43.896
20.2817,43.9177
20.3477,43.9395
20.2768,44.0574
20.2058,44.1754
20.1349,44.2933
20.0639,44.4113
19.993,44.5292
20.0557,44.5576
20.1185,44.5861
20.1812,44.6145
20.2439,44.6429
20.3067,44.6713
20.3694,44.6997
20.4322,44.7281
20.3815,44.8124
20.3308,44.8966
20.2801,44.9809
20.2295,45.0651
20.1788,45.1494
20.1281,45.2336
20.0774,45.3179
20.0183,45.4162
19.9592,45.5145
19.9,45.6128
19.8409,45.7111
19.7817,45.8094
19.7226,45.9077
19.6937,45.9848
19.6649,46.0619
19.636,46.139
19.6071,46.2162
19.5782,46.2933
19.5494,46.3704
19.5205,46.4476
19.4813,46.5279
19.4421,46.6082
19.4029,46.6885
19.3637,46.7689
19.3245,46.8492
19.2853,46.9295
19.2461,47.0099
19.2028,47.0916
19.1594,47.1733
19.1161,47.2549
19.0728,47.3366
19.0295,47.4183
18.9862,47.5
18.9428,47.5817
18.8974,47.6641
18.852,47.7465
18.8066,47.829
18.7611,47.9114
18.7157,47.9938
18.6703,48.0762
18.6249,48.1586
18.5782,48.2414
18.5315,48.3243
18.4848,48.4071
18.4381,48.49
18.3914,48.5728
18.3448,48.6557
18.2981,48.7385
18.2506,48.8217
18.203,48.9048
18.1555,48.9879
18.108,49.0711
18.0605,49.1542
18.013,49.2373
17.9655,49.3205
17.9174,49.4038
17.8692,49.4872
17.8211,49.5705
17.773,49.6538
17.7249,49.7372
17.6768,49.8205
17.6287,49.9039
17.5802,49.9874
17.5317,50.0709
17.4831,50.1544
17.4346,50.2379
17.386,50.3214
17.3375,50.4049
17.289,50.4884
17.2381,50.5727
17.1872,50.6571
17.1363,50.7414
17.0854,50.8258
17.0345,50.9101
16.9837,50.9945
16.9328,51.0789
16.8819,51.1632
16.831,51.2476
16.7801,51.332
16.7292,51.4163
16.6783,51.5007
16.6274,51.5851
16.5765,51.6694
16.5256,51.7538
16.4746,51.8382
16.4237,51.9226
16.3728,52.0069
16.3219,52.0913
16.271,52.1757
16.22,52.26
16.1691,52.3444
16.1182,52.4288
16.0672,52.5132
16.0163,52.5976
15.9654,52.682
15.9144,52.7663
15.8635,52.8507
15.8125,52.9351
15.7616,53.0195
15.7107,53.1039
15.6597,53.1883
15.6088,53.2727
15.5578,53.3571
15.5069,53.4414
15.4559,53.5258
15.4049,53.6102
15.354,53.6946
15.303,53.779
15.252,53.8634
15.2011,53.9478
15.1501,54.0322
15.0992,54.1166
15.0482,54.201
14.9972,54.2854
14.9462,54.3698
14.8953,54.4542
14.8443,54.5386
14.7933,54.623
14.7423,54.7074
14.6913,54.7918
14.6404,54.8762
14.5894,54.9606
14.5384,55.045
14.4874,55.1294
14.4364,55.2139
14.3854,55.2983
14.3344,55.3827
14.2835,55.4671
14.2325,55.5515
14.1815,55.6359
14.1305,55.7203
14.0795,55.8047
14.0285,55.8891
13.9775,55.9736
13.9265,56.058
13.8755,56.1424
13.8245,56.2268
13.7735,56.3112
13.7225,56.3956
13.6715,56.4801
13.6205,56.5645
13.5694,56.6489
13.5184,56.7333
13.4674,56.8178
13.4164,56.9022
13.3654,56.9866
13.3144,57.071
13.2634,57.1554
13.2124,57.2399
13.1613,57.3243
13.1103,57.4087
13.0593,57.4931
13.0083,57.5776
12.9573,57.662
12.9062,57.7464
12.8552,57.8309
12.8042,57.9153
12.7532,57.9997
12.7022,58.0842
12.6511,58.1686
12.6001,58.253
12.5491,58.3374
12.4981,58.4219
12.447,58.5063
12.396,58.5908
12.345,58.6752
12.2939,58.7596
12.2429,58.8441
12.1919,58.9285
12.1408,59.0129
12.0898,59.0974
12.0388,59.1818
11.9877,59.2662
11.9367,59.3507
11.8857,59.4351
11.8346,59.5196
11.7836,59.604
11.7326,59.6884
11.6815,59.7729
11.6305,59.8573
11.5795,59.9418
11.5284,60.0262
11.4774,60.1107
11.4263,60.1951
11.3753,60.2795
11.3243,60.364
11.2732,60.4484
11.2222,60.5329
11.1722,60.6175
11.1223,60.7021
11.0723,60.7866
11.0224,60.8712
10.9725,60.9558
10.9225,61.0404
10.8726,61.125
10.8227,61.2096
10.7729,61.2942
10.723,61.3788
10.6732,61.4634
10.6233,61.548
10.5735,61.6326
10.5237,61.7172
10.4739,61.8018
10.4242,61.8864
10.3744,61.971
10.3247,62.0555
10.275,62.1401
10.2252,62.2247
10.1755,62.3093
10.1259,62.3939
10.0763,62.4785
10.0267,62.5631
9.97704,62.6477
9.92743,62.7323
9.87782,62.8169
9.8282,62.9015
9.77872,62.9861
9.72924,63.0707
9.67977,63.1553
9.63029,63.2399
9.58081,63.3245
9.53133,63.4091
9.48185,63.4937
9.43253,63.5783
9.3832,63.663
9.33387,63.7476
9.28455,63.8322
9.23522,63.9168
9.1859,64.0014
9.13657,64.086
9.08742,64.1706
9.03826,64.2552
8.98911,64.3398
8.93996,64.4244
8.89081,64.509
8.84165,64.5936
8.7925,64.6782
8.75823,64.7375
8.72396,64.7967
8.68969,64.8559
8.65542,64.9151
8.62116,64.9744
8.58689,65.0336
8.55262,65.0928
8.51835,65.152
8.48408,65.2113
8.44981,65.2705
8.52263,65.3315
8.59545,65.3924
8.66827,65.4534
8.74109,65.5144
8.81391,65.5753
8.88672,65.6363
8.95954,65.6973
9.03236,65.7582
9.10518,65.8192
9.178,65.8801
9.25083,65.9411
9.32366,66.0021
9.39649,66.0631
9.46932,66.124
9.54215,66.185
9.61498,66.246
9.68781,66.307
9.76064,66.3679
9.83347,66.4289
9.9063,66.4899
9.97914,66.5509
10.052,66.6118
10.1248,66.6728
10.1977,66.7338
10.2705,66.7948
10.3433,66.8558
10.4162,66.9168
10.489,66.9777
10.5619,67.0387
10.6347,67.0997
10.7075,67.1607
10.7804,67.2217
10.8532,67.2827
10.9261,67.3437
10.9989,67.4047
11.0718,67.4657
11.1446,67.5267
11.2175,67.5876
11.2903,67.6486
11.3632,67.7096
11.436,67.7706
11.5089,67.8316
11.5817,67.8926
11.6546,67.9536
11.7275,68.0147
11.8003,68.0757
11.8732,68.1367
11.946,68.1977
12.0189,68.2587
12.0917,68.3197
12.1646,68.3807
12.2375,68.4417
12.3103,68.5027
12.3832,68.5637
12.4561,68.6248
12.5289,68.6858
12.6018,68.7468
12.6747,68.8078
12.7475,68.8688
12.8204,68.9298
12.8932,68.9909
12.9661,69.0519
13.039,69.1129
13.1119,69.1739
13.1847,69.235
13.2576,69.296
13.3305,69.357
13.4033,69.4181
13.4762,69.4791
13.5491,69.5401
13.622,69.6012
13.6948,69.6622
13.7677,69.7233
13.8406,69.7843
13.9135,69.8453
13.9863,69.9064
14.0592,69.9674
14.1321,70.0285
14.205,70.0895
14.2778,70.1506
14.3507,70.2116
14.4236,70.2727
14.4965,70.3337
14.5694,70.3948
14.6423,70.4559
14.7151,70.5169
14.788,70.578
14.8609,70.6391
14.9338,70.7001
15.0067,70.7612
15.0795,70.8223
15.1524,70.8833
15.2253,70.9444
15.2982,71.0055
15.3711,71.0666
15.444,71.1277
15.5169,71.1887
15.5898,71.2498
15.6626,71.3109
15.7355,71.372
15.8084,71.4331
15.8813,71.4942
15.9542,71.5553
16.0271,71.6164
16.1,71.6775
16.1729,71.7386
16.2458,71.7997
16.3187,71.8608
16.3915,71.9219
16.4644,71.983
16.5373,72.0441
16.6102,72.1052
16.6831,72.1664
16.756,72.2275
16.8289,72.2886
16.9018,72.3497
16.9747,72.4109
17.0476,72.472
17.1205,72.5331
17.1934,72.5942
17.2663,72.6554
17.3392,72.7165
17.4121,72.7777
17.485,72.8388
17.5579,72.9
17.6308,72.9611
17.7037,73.0223
17.7766,73.0835
17.8495,73.1446
17.9224,73.2058
17.9953,73.2669
18.0682,73.3281
18.1411,73.3893
18.214,73.4505
18.2869,73.5117
18.3598,73.5729
18.4327,73.6341
18.5056,73.6953
18.5785,73.7564
18.6514,73.8176
18.7243,73.8789
18.7972,73.9401
18.8701,74.0013
18.943,74.0625
19.0159,74.1238
19.0888,74.185
19.1617,74.2462
19.2346,74.3074
19.3075,74.3687
19.3804,74.4299
19.4533,74.4912
19.5262,74.5524
19.5991,74.6137
19.672,74.675
19.7449,74.7363
19.8178,74.7975
19.8907,74.8588
19.9636,74.9201
20.0366,74.9814
20.1095,75.0426
20.1824,75.1039
20.2553,75.1652
20.3282,75.2265
20.4011,75.2877
20.474,75.349
20.5469,75.4103
20.6198,75.4716
20.6927,75.5329
20.7657,75.5941
20.8386,75.6554
20.9115,75.7168
20.9844,75.7781
21.0573,75.8395
21.1302,75.9008
21.2031,75.9622
21.276,76.0235
21.3489,76.0849
21.4218,76.1463
21.4948,76.2076
21.5677,76.269
21.6339,76.3249
21.7002,76.3807
21.7665,76.4366
21.8328,76.4925
21.8991,76.5484
21.9653,76.6043
22.0316,76.6601
22.0979,76.716
22.1642,76.7719
22.2305,76.8278
22.2967,76.8837
22.3622,76.9544
22.4277,77.0252
22.4932,77.0959
22.5586,77.1667
22.6241,77.2374
22.6896,77.3082
22.7551,77.3789
22.8205,77.4497
22.886,77.5204
22.9515,77.5911
23.017,77.6619
23.0824,77.7325
23.1479,77.8032
23.2134,77.8738
23.2789,77.9445
23.3444,78.0151
23.4099,78.0858
23.4753,78.1564
23.5408,78.2271
23.6063,78.2977
23.6718,78.3683
23.7373,78.439
23.8028,78.5095
23.8683,78.58
23.9338,78.6505
23.9993,78.721
24.0648,78.7915
24.1303,78.862
24.1958,78.9325
24.2612,79.003
24.3267,79.0735
24.3922,79.144
24.4577,79.2145
24.5233,79.2847
24.5888,79.355
24.6543,79.4253
24.7198,79.4956
24.7853,79.5658
24.8508,79.6361
24.9163,79.7064
24.9819,79.7767
25.0474,79.8469
25.1129,79.9172
25.1784,79.9875
25.2439,80.0574
25.3095,80.1273
25.375,80.1972
25.4406,80.2671
25.5061,80.3371
25.5717,80.407
25.6372,80.4769
25.7027,80.5468
25.7683,80.6167
25.8338,80.6866
25.8994,80.7565
25.9649,80.8258
26.0305,80.8952
26.0961,80.9645
26.1616,81.0338
26.2272,81.1031
26.2928,81.1724
26.3584,81.2418
26.4239,81.3111
26.4895,81.3804
26.5551,81.4497
26.6206,81.519
26.6859,81.5894
26.7511,81.6598
26.8163,81.7302
26.8816,81.8006
26.9468,81.871
27.0121,81.9414
27.0773,82.0118
27.1425,82.0822
27.2078,82.1526
27.273,82.223
27.3382,82.2934
27.4035,82.3624
27.4689,82.4314
27.5342,82.5003
27.5995,82.5693
27.6648,82.6383
27.7302,82.7072
27.7955,82.7762
27.8608,82.8452
27.9261,82.9142
27.9914,82.9831
28.0568,83.0521
28.1287,83.1272
28.2006,83.2024
28.2725,83.2776
28.3444,83.3527
28.4163,83.4279
28.4882,83.503
28.5601,83.5782
28.632,83.6533
28.7039,83.7285
28.7758,83.8036
28.8477,83.8784
28.9197,83.9532
28.9916,84.0279
29.0635,84.1027
29.1355,84.1775
29.2074,84.2522
29.2793,84.327
29.3513,84.4018
29.4232,84.4765
29.4951,84.5513
29.5671,84.6259
29.639,84.7004
29.711,84.775
29.7829,84.8495
29.8548,84.9241
29.9268,84.9986
29.9987,85.0731
30.0707,85.1477
30.1426,85.2222
30.2146,85.2968
30.2866,85.3695
30.3587,85.4423
30.4308,85.515
30.5029,85.5878
30.575,85.6605
30.647,85.7333
30.7191,85.806
30.7912,85.8788
30.8633,85.9515
30.9353,86.0243
31.0074,86.097
31.0795,86.1698
31.1516,86.2425
31.2236,86.3153
31.2957,86.3881
31.3678,86.4608
31.4399,86.5336
31.5119,86.6063
31.584,86.6791
31.6561,86.7518
31.7282,86.8246
31.8002,86.8974
31.8723,86.9701
31.9444,87.0429
32.0165,87.1157
32.0885,87.1884
32.1606,87.2612
32.2327,87.334
32.3048,87.4067
32.3768,87.4795
32.4489,87.5523
32.521,87.625
32.5931,87.6978
32.6651,87.7706
32.7372,87.8434
32.8093,87.9161
32.8814,87.9889
32.9534,88.0617
33.0255,88.1344
33.0976,88.2072
33.1697,88.28
33.2417,88.3528
33.3138,88.4255
33.3859,88.4983
33.458,88.5711
33.53,88.6439
33.6021,88.7166
33.6742,88.7894
33.7463,88.8622
33.8183,88.935
33.8904,89.0078
33.9625,89.0805
34.0346,89.1533
34.1066,89.2261
34.1787,89.2989
34.2508,89.3717
34.3229,89.4444
34.3949,89.5172
34.467,89.59
34.5391,89.6628
34.6112,89.7356
34.6832,89.8083
34.7553,89.8811
34.8274,89.9539
34.8995,90.0267
34.9715,90.0995
35.0436,90.1723
35.1157,90.245
35.1878,90.3178
35.2598,90.3906
35.3319,90.4634
35.404,90.5362
35.4761,90.609
35.5481,90.6817
35.6202,90.7545
35.6923,90.8273
35.7644,90.9001
35.8365,90.9729
35.9085,91.0457
35.9806,91.1185
36.0527,91.1912
36.1248,91.264
36.1968,91.3368
36.2689,91.4096
36.341,91.4824
36.4131,91.5552
36.4851,91.628
36.5572,91.7008
36.6293,91.7735
36.7014,91.8463
36.7734,91.9191
36.8455,91.9919
36.9176,92.0647
36.9897,92.1375
37.0617,92.2103
37.1338,92.2831
37.2059,92.3559
37.278,92.4286
37.35,92.5014
37.4221,92.5742
37.4942,92.647
37.5663,92.7198
37.6383,92.7926
37.7104,92.8654
37.7825,92.9382
37.8546,93.011
37.9267,93.0838
37.9987,93.1566
38.0708,93.2293
38.1429,93.3021
38.215,93.3749
38.287,93.4477
38.3591,93.5205
38.4312,93.5933
38.5033,93.6661
38.5753,93.7389
38.6474,93.8117
38.7195,93.8845
38.7916,93.9573
38.8636,94.0301
38.9357,94.1029
39.0078,94.1756
39.0799,94.2484
39.152,94.3212
39.224,94.394
39.2961,94.4668
39.3682,94.5396
39.4403,94.6124
39.5123,94.6852
39.5844,94.758
39.6565,94.8308
39.7286,94.9036
39.8007,94.9764
39.8727,95.0492
39.9448,95.122
40.0169,95.1948
40.089,95.2676
40.161,95.3404
40.2331,95.4132
40.3052,95.4859
40.3773,95.5587
40.4493,95.6316
40.5214,95.7044
40.5934,95.7772
40.6655,95.85
40.7375,95.9228
40.8096,95.9956
40.8817,96.0684
40.9537,96.1412
41.0258,96.214
41.0978,96.2868
41.1699,96.3596
41.242,96.4324
41.314,96.5052
41.3861,96.578
41.4581,96.6508
41.5302,96.7236
41.6023,96.7964
41.6743,96.8692
41.7464,96.942
41.8184,97.0148
41.8905,97.0876
41.9626,97.1603
42.0346,97.2331
42.1067,97.3059
42.1787,97.3787
42.2508,97.4515
42.3229,97.5243
42.3949,97.5971
42.467,97.6699
42.5391,97.7427
42.6111,97.8155
42.6832,97.8883
42.7552,97.9611
42.8273,98.0338
42.8994,98.1066
42.9714,98.1794
43.0435,98.2522
43.1156,98.325
43.1876,98.3978
43.2597,98.4706
43.3318,98.5434
43.4038,98.6161
43.4759,98.6889
43.548,98.7617
43.62,98.8345
43.6921,98.9073
43.7642,98.9801
43.8362,99.0528
43.9083,99.1256
43.9804,99.1984
44.0524,99.2712
44.1245,99.344
44.1966,99.4167
44.2686,99.4895
44.3407,99.5623
44.4128,99.6351
44.4848,99.7079
44.5569,99.7806
44.629,99.8534
44.7011,99.9262
44.7731,99.999
44.8452,100.072
44.9173,100.145
44.9893,100.217
45.0614,100.29
45.1335,100.363
45.2056,100.436
45.2776,100.508
45.3497,100.581
45.4218,100.654
45.4939,100.727
45.5659,100.799
45.638,100.872
45.7101,100.945
45.7822,101.018
45.8542,101.091
45.9263,101.163
45.9984,101.236
46.0705,101.309
46.1425,101.382
46.2146,101.454
46.2867,101.527
46.3588,101.6
46.4309,101.673
46.5029,101.745
46.575,101.818
46.6471,101.891
46.7192,101.964
46.7913,102.036
46.8633,102.109
46.9354,102.182
47.0075,102.255
47.0796,102.327
47.1517,102.4
47.2238,102.473
47.2959,102.546
47.3679,102.619
47.44,102.691
47.5121,102.764
47.5842,102.837
47.6563,102.91
47.7284,102.982
47.8005,103.055
47.8726,103.128
47.9446,103.201
48.0167,103.273
48.0888,103.346
48.1609,103.419
48.233,103.492
48.3051,103.564
48.3772,103.637
48.4493,103.71
48.5214,103.783
48.5935,103.855
48.6656,103.928
48.7377,104.001
48.8098,104.073
48.8819,104.146
48.954,104.219
49.0261,104.292
49.0982,104.364
49.1703,104.437
49.2424,104.51
49.3145,104.583
49.3866,104.655
49.4587,104.728
49.5308,104.801
49.6029,104.874
49.675,104.946
49.7471,105.019
49.8192,105.092
49.8913,105.165
49.9634,105.237
50.0355,105.31
50.1076,105.383
50.1797,105.455
50.2518,105.528
50.324,105.601
50.3961,105.674
50.4766,105.729
50.557,105.785
50.6375,105.841
50.718,105.897
50.7985,105.953
50.879,106.008
50.9595,106.064
51.04,106.12
51.1205,106.176
51.201,106.232
51.2815,106.287
51.362,106.343
51.4424,106.399
51.5229,106.455
51.6034,106.511
51.6839,106.566
51.7644,106.622
51.8449,106.678
51.9254,106.734
52.0059,106.79
52.0863,106.845
52.1668,106.901
52.2473,106.957
52.3278,107.013
52.4083,107.068
52.4888,107.124
52.5693,107.18
52.6497,107.236
52.7302,107.292
52.8107,107.347
52.8912,107.403
52.9717,107.459
53.0521,107.515
53.1326,107.57
53.2131,107.626
53.2936,107.682
53.3741,107.738
53.4545,107.793
53.535,107.849
53.6155,107.905
53.696,107.961
53.7765,108.016
53.8569,108.072
53.9374,108.128
54.0179,108.184
54.0984,108.239
54.1788,108.295
54.2593,108.351
54.3398,108.407
54.4203,108.462
54.5007,108.518
54.5812,108.574
54.6617,108.629
54.7421,108.685
54.8226,108.741
54.9031,108.797
54.9836,108.852
55.064,108.908
55.1445,108.964
55.225,109.019
55.3054,109.075
55.3859,109.131
55.4664,109.187
55.5468,109.242
55.6273,109.298
55.7078,109.354
55.7882,109.409
55.8687,109.465
55.9492,109.521
56.0296,109.577
56.1101,109.632
56.1906,109.688
56.271,109.744
56.3515,109.799
56.432,109.855
56.5124,109.911
56.5929,109.966
56.6733,110.022
56.7538,110.078
56.8343,110.134
56.9147,110.189
56.9952,110.245
57.0756,110.301
57.1561,110.356
57.2365,110.412
57.317,110.468
57.3975,110.523
57.4779,110.579
57.5584,110.635
57.6388,110.69
57.7193,110.746
57.7997,110.802
57.8802,110.857
57.9606,110.913
58.0411,110.969
58.1215,111.024
58.202,111.08
58.2824,111.136
58.3629,111.191
58.4434,111.247
58.5238,111.303
58.6042,111.358
58.6847,111.414
58.7651,111.47
58.8456,111.525
58.926,111.581
59.0065,111.637
59.0869,111.692
59.1674,111.748
59.2478,111.803
59.3627,111.883
59.4777,111.962
59.5926,112.042
59.7075,112.121
59.8224,112.201
59.9373,112.28
60.0522,112.36
60.1405,112.392
60.2287,112.424
60.3169,112.456
60.4051,112.488
60.4933,112.519
60.5815,112.551
60.6698,112.583
60.758,112.615
60.8462,112.647
60.9344,112.679
61.0226,112.711
61.1108,112.743
61.199,112.775
61.2872,112.807
61.3754,112.839
61.4636,112.87
61.5518,112.902
61.64,112.934
61.7282,112.966
61.8164,112.998
61.9046,113.03
61.9928,113.062
62.081,113.094
62.1692,113.126
62.2574,113.157
62.3456,113.189
62.4338,113.221
62.5219,113.253
62.6101,113.285
62.6983,113.317
62.7865,113.349
62.8747,113.38
62.9629,113.412
63.0511,113.444
63.1392,113.476
63.2274,113.508
63.3156,113.54
63.4038,113.572
63.4919,113.603
63.5801,113.635
63.6683,113.667
63.7565,113.699
63.8446,113.731
63.9328,113.763
64.021,113.794
64.1091,113.826
64.1973,113.858
64.2855,113.89
64.3737,113.922
64.4618,113.954
64.55,113.985
64.6381,114.017
64.7263,114.049
64.8145,114.081
64.9026,114.113
64.9908,114.144
65.0789,114.176
65.1671,114.208
65.2552,114.24
65.3434,114.272
65.4316,114.303
65.5197,114.335
65.6079,114.367
65.696,114.399
65.7842,114.431
65.8723,114.462
65.9605,114.494
66.0486,114.526
66.1368,114.558
66.2249,114.589
66.313,114.621
66.4012,114.653
66.4893,114.685
66.5775,114.717
66.6656,114.748
66.7538,114.78
66.8419,114.812
66.93,114.844
67.0182,114.875
67.1063,114.907
67.1944,114.939
67.2826,114.971
67.3707,115.002
67.4588,115.034
67.547,115.066
67.6351,115.098
67.7232,115.129
67.8114,115.161
67.8995,115.193
67.9876,115.225
68.0758,115.256
68.1639,115.288
68.252,115.32
68.3401,115.352
68.4282,115.383
68.5164,115.415
68.6045,115.447
68.6926,115.479
68.7807,115.51
68.8689,115.542
68.957,115.574
69.0451,115.605
69.1332,115.637
69.2213,115.669
69.3094,115.701
69.3976,115.732
69.4857,115.764
69.5738,115.796
69.6619,115.827
69.75,115.859
69.8381,115.891
69.9262,115.923
70.0143,115.954
70.1024,115.986
70.1905,116.018
70.2787,116.049
70.3668,116.081
70.4549,116.113
70.543,116.144
70.6311,116.176
70.7192,116.208
70.8073,116.24
70.8954,116.271
70.9835,116.303
71.0716,116.335
71.1597,116.366
71.2478,116.398
71.3359,116.43
71.424,116.461
71.5121,116.493
71.6002,116.525
71.6883,116.556
71.7764,116.588
71.8645,116.62
71.9525,116.651
72.0406,116.683
72.1287,116.715
72.2168,116.746
72.3049,116.778
72.393,116.81
72.4811,116.841
72.5692,116.873
72.6573,116.905
72.7454,116.936
72.8334,116.968
72.9215,117
73.0096,117.031
73.0977,117.063
73.1858,117.095
73.2739,117.126
73.3619,117.158
73.45,117.189
73.5381,117.221
73.6262,117.253
73.7143,117.284
73.8023,117.316
73.8904,117.348
73.9785,117.379
74.0666,117.411
74.1547,117.443
74.2427,117.474
74.3308,117.506
74.4189,117.537
74.507,117.569
74.595,117.601
74.6831,117.632
74.7712,117.664
74.8593,117.696
74.9473,117.727
75.0354,117.759
75.1235,117.79
75.2115,117.822
75.2996,117.854
75.3877,117.885
75.4757,117.917
75.5637,117.948
75.6516,117.98
75.7396,118.011
75.8275,118.042
75.9155,118.073
76.0034,118.105
76.0914,118.136
76.1793,118.167
76.2673,118.199
76.3552,118.23
76.4431,118.261
76.5311,118.292
76.619,118.324
76.707,118.355
76.7949,118.386
76.8829,118.418
76.9708,118.449
77.0587,118.48
77.1467,118.512
77.2346,118.543
77.3226,118.574
77.4105,118.605
77.4984,118.637
77.5864,118.668
77.6743,118.699
77.7623,118.73
77.8502,118.762
77.9381,118.793
78.0261,118.824
78.114,118.856
78.2019,118.887
78.2899,118.918
78.3778,118.949
78.4657,118.981
78.5537,119.012
78.6416,119.043
78.7295,119.074
78.8175,119.106
78.9054,119.137
78.9933,119.168
79.0813,119.2
79.1692,119.231
79.2571,119.262
79.3451,119.293
79.433,119.325
79.5209,119.356
79.6089,119.387
79.6968,119.418
79.7847,119.45
79.8726,119.481
79.9606,119.512
80.0485,119.543
80.1364,119.575
80.2244,119.606
80.3123,119.637
80.4002,119.668
80.4881,119.7
80.5761,119.731
80.664,119.762
80.7519,119.793
80.8398,119.825
80.9278,119.856
81.0157,119.887
81.1036,119.918
81.1915,119.949
81.2795,119.981
81.3674,120.012
81.4553,120.043
81.5432,120.074
81.6312,120.106
81.7191,120.137
81.807,120.168
81.8949,120.199
81.9828,120.231
82.0708,120.262
82.1587,120.293
82.2466,120.324
82.3345,120.355
82.4224,120.387
82.5103,120.418
82.5983,120.449
82.6862,120.48
82.7741,120.512
82.862,120.543
82.9499,120.574
83.0379,120.605
83.1258,120.636
83.2137,120.668
83.3016,120.699
83.3895,120.73
83.4774,120.761
83.5653,120.793
83.6533,120.824
83.7412,120.855
83.8291,120.886
83.917,120.917
84.0049,120.949
84.0928,120.98
84.1807,121.011
84.2686,121.042
84.3566,121.073
84.4445,121.105
84.5324,121.136
84.6203,121.167
84.7082,121.198
84.7961,121.229
84.884,121.261
84.9719,121.292
85.0598,121.323
85.1477,121.354
85.2357,121.385
85.3236,121.417
85.4115,121.448
85.4994,121.479
85.5873,121.51
85.6752,121.541
85.7631,121.573
85.851,121.604
85.9389,121.635
86.0268,121.666
86.1147,121.697
86.2026,121.728
86.2905,121.76
86.3784,121.791
86.4663,121.822
86.5542,121.853
86.6421,121.884
86.7301,121.916
86.818,121.947
86.9059,121.978
86.9938,122.009
87.0817,122.04
87.1696,122.071
87.2575,122.103
87.3454,122.134
87.4333,122.165
87.5212,122.196
87.6091,122.227
87.697,122.259
87.7849,122.29
87.8728,122.321
87.9607,122.352
88.0486,122.383
88.1365,122.414
88.2244,122.446
88.3123,122.477
88.4002,122.508
88.4881,122.539
88.576,122.57
88.6639,122.601
88.7517,122.632
88.8396,122.664
88.9275,122.695
89.0154,122.726
89.1033,122.757
89.1912,122.788
89.2791,122.819
89.367,122.851
89.4549,122.882
89.5428,122.913
89.6307,122.944
89.7186,122.975
89.8065,123.006
89.8944,123.038
89.9823,123.069
90.0702,123.1
90.1581,123.131
90.246,123.162
90.3338,123.193
90.4217,123.224
90.5096,123.256
90.5975,123.287
90.6854,123.318
90.7733,123.349
90.8612,123.38
90.9491,123.411
91.037,123.442
91.1249,123.474
91.2127,123.505
91.3006,123.536
91.3885,123.567
91.4764,123.598
91.5643,123.629
91.6522,123.66
91.7401,123.692
91.828,123.723
91.9159,123.754
92.0037,123.785
92.0916,123.816
92.1795,123.847
92.2674,123.878
92.3553,123.909
92.4432,123.941
92.5311,123.972
92.6189,124.003
92.7068,124.034
92.7947,124.065
92.8826,124.096
92.9705,124.127
93.0584,124.158
93.1463,124.19
93.2341,124.221
93.322,124.252
93.4099,124.283
93.4978,124.314
93.5857,124.345
93.6735,124.376
93.7614,124.407
93.8493,124.439
93.9372,124.47
94.0251,124.501
94.113,124.532
94.2008,124.563
94.2887,124.594
94.3766,124.625
94.4645,124.656
94.5524,124.688
94.6139,124.709
94.6754,124.731
94.7369,124.753
94.7984,124.775
94.8599,124.796
94.9215,124.818
94.983,124.84
95.0445,124.862
95.106,124.884
95.1675,124.905
95.081,124.801
94.9944,124.697
94.9079,124.592
94.8213,124.488
94.7348,124.384
94.6483,124.28
94.5617,124.175
94.6232,124.197
94.6847,124.219
94.7463,124.241
94.8078,124.262
94.8693,124.284
94.9308,124.306
94.9923,124.328
95.0538,124.349
95.1154,124.371
95.1769,124.393
95.0903,124.289
95.0038,124.184
94.9172,124.08
94.8307,123.976
94.7442,123.872
94.6576,123.767
94.5711,123.663
94.6326,123.685
94.6941,123.707
94.7556,123.728
94.8171,123.75
94.8786,123.772
94.9402,123.794
95.0017,123.815
95.0632,123.837
95.1247,123.859
95.1862,123.881
95.0997,123.776
95.0131,123.672
94.9266,123.568
94.84,123.464
94.7535,123.359
94.667,123.255
94.5804,123.151
94.6419,123.173
94.7034,123.194
94.765,123.216
94.8265,123.238
94.888,123.26
94.9495,123.281
95.011,123.303
95.0725,123.325
95.134,123.347
95.1955,123.368
95.109,123.264
95.0225,123.16
94.9359,123.056
94.8494,122.951
94.7628,122.847
94.6763,122.743
94.5898,122.638
94.6513,122.66
94.7128,122.682
94.7743,122.704
94.8358,122.726
94.8973,122.747
94.9588,122.769
95.0203,122.791
95.0819,122.813
95.1434,122.834
95.2049,122.856
95.1183,122.752
95.0318,122.648
94.9453,122.543
94.8587,122.439
94.7722,122.335
94.6856,122.23
94.5991,122.126
94.6606,122.148
94.7221,122.17
94.7836,122.191
94.8451,122.213
94.9066,122.235
94.9682,122.257
95.0297,122.278
95.0912,122.3
95.1527,122.322
95.2142,122.344
95.1277,122.239
95.0411,122.135
94.9546,122.031
94.868,121.927
94.7815,121.822
94.695,121.718
94.6084,121.614
94.6699,121.636
94.7314,121.657
94.793,121.679
94.8545,121.701
94.916,121.723
94.9775,121.744
95.039,121.766
95.1005,121.788
95.162,121.81
95.2235,121.831
95.137,121.727
95.0504,121.623
94.9639,121.518
94.8774,121.414
94.7908,121.31
94.7043,121.206
94.6178,121.101
94.6793,121.123
94.7408,121.145
94.8023,121.167
94.8638,121.188
94.9253,121.21
94.9868,121.232
95.0483,121.254
95.1098,121.275
95.1713,121.297
95.2328,121.319
95.1463,121.215
95.0598,121.11
94.9732,121.006
94.8867,120.902
94.8002,120.797
94.7136,120.693
94.6271,120.589
94.6886,120.611
94.7501,120.632
94.8116,120.654
94.8731,120.676
94.9346,120.698
94.9961,120.719
95.0576,120.741
95.1191,120.763
95.1806,120.785
95.2422,120.806
95.1556,120.702
95.0691,120.598
94.9825,120.494
94.896,120.389
94.8095,120.285
94.7229,120.181
94.6364,120.076
94.6979,120.098
94.7594,120.12
94.8209,120.142
94.8824,120.163
94.9439,120.185
95.0054,120.207
95.0669,120.229
95.1284,120.25
95.19,120.272
95.2515,120.294
95.1649,120.19
95.0784,120.085
94.9918,119.981
94.9053,119.877
94.8188,119.772
94.7322,119.668
94.6457,119.564
94.7072,119.586
94.7687,119.607
94.8302,119.629
94.8917,119.651
94.9532,119.673
95.0147,119.694
95.0762,119.716
95.1377,119.738
95.1993,119.76
95.2608,119.781
95.1742,119.677
95.0877,119.573
95.0011,119.469
94.9146,119.364
94.8281,119.26
94.7415,119.156
94.655,119.051
94.7165,119.073
94.778,119.095
94.8395,119.117
94.901,119.138
94.9625,119.16
95.024,119.182
95.0855,119.204
95.147,119.225
95.2085,119.247
95.2701,119.269
95.1835,119.164
95.097,119.06
95.0104,118.956
94.9239,118.852
94.8374,118.747
94.7508,118.643
94.6643,118.539
94.7258,118.561
94.7873,118.582
94.8488,118.604
94.9103,118.626
94.9718,118.647
95.0333,118.669
95.0948,118.691
95.1563,118.713
95.2178,118.734
95.2793,118.756
95.1928,118.652
95.1063,118.548
95.0197,118.443
94.9332,118.339
94.8467,118.235
94.7601,118.13
94.6736,118.026
94.7351,118.048
94.7966,118.07
94.8581,118.091
94.9196,118.113
94.9811,118.135
95.0426,118.157
95.1041,118.178
95.1656,118.2
95.2271,118.222
95.2886,118.243
95.2021,118.139
95.1155,118.035
95.029,117.931
94.9425,117.826
94.8559,117.722
94.7694,117.618
94.6829,117.513
94.7444,117.535
94.8059,117.557
94.8674,117.579
94.9289,117.6
94.9904,117.622
95.0519,117.644
95.1134,117.666
95.1749,117.687
95.2364,117.709
95.2979,117.731
95.2114,117.626
95.1248,117.522
95.0383,117.418
94.9518,117.314
94.8652,117.209
94.7787,117.105
94.6921,117.001
94.7536,117.022
94.8151,117.044
94.8767,117.066
94.9382,117.088
94.9997,117.109
95.0612,117.131
95.1227,117.153
95.1842,117.175
95.2457,117.196
95.3072,117.218
95.2206,117.114
95.1341,117.009
95.0476,116.905
94.961,116.801
94.8745,116.697
94.788,116.592
94.7014,116.488
94.7629,116.51
94.8244,116.531
94.8859,116.553
94.9474,116.575
95.0089,116.597
95.0704,116.618
95.1319,116.64
95.1934,116.662
95.2549,116.683
95.3164,116.705
95.2299,116.601
95.1433,116.497
95.0568,116.392
94.9703,116.288
94.8837,116.184
94.7972,116.079
94.7107,115.975
94.7722,115.997
94.8337,116.019
94.8952,116.04
94.9567,116.062
95.0182,116.084
95.0797,116.105
95.1412,116.127
95.2027,116.149
95.2642,116.171
95.3257,116.192
95.2391,116.088
95.1526,115.984
95.0661,115.879
94.9795,115.775
94.893,115.671
94.8065,115.567
94.7199,115.462
94.7814,115.484
94.8429,115.506
94.9044,115.527
94.9659,115.549
95.0274,115.571
95.0889,115.593
95.1504,115.614
95.2119,115.636
95.2734,115.658
95.3349,115.679
95.2484,115.575
95.1618,115.471
95.0753,115.367
94.9888,115.262
94.9022,115.158
94.8157,115.054
94.7292,114.949
94.7907,114.971
94.8522,114.993
94.9137,115.014
94.9751,115.036
95.0366,115.058
95.0981,115.08
95.1596,115.101
95.2211,115.123
95.2826,115.145
95.3441,115.166
95.2576,115.062
95.1711,114.958
95.0845,114.854
94.998,114.749
94.9115,114.645
94.8249,114.541
94.7384,114.436
94.7999,114.458
94.8614,114.48
94.9229,114.502
94.9844,114.523
95.0459,114.545
95.1074,114.567
95.1689,114.588
95.2304,114.61
95.2918,114.632
95.3533,114.653
95.2668,114.549
95.1803,114.445
95.0937,114.341
95.0072,114.236
94.9207,114.132
94.8342,114.028
94.7476,113.923
94.8091,113.945
94.8706,113.967
94.9321,113.988
94.9936,114.01
95.0551,114.032
95.1166,114.054
95.1781,114.075
95.2396,114.097
95.3011,114.119
95.3625,114.14
95.276,114.036
95.1895,113.932
95.103,113.827
95.0164,113.723
94.9299,113.619
94.8434,113.515
94.7568,113.41
94.8183,113.432
94.8798,113.454
94.9413,113.475
95.0028,113.497
95.0643,113.519
95.1258,113.54
95.1873,113.562
95.2488,113.584
95.3103,113.605
95.3717,113.627
95.2852,113.523
95.1987,113.419
95.1122,113.314
95.0256,113.21
94.9391,113.106
94.8526,113.001
94.766,112.897
94.8275,112.919
94.889,112.941
94.9505,112.962
95.012,112.984
95.0735,113.006
95.135,113.027
95.1965,113.049
95.2579,113.071
95.3194,113.092
95.3809,113.114
95.2944,113.01
95.2079,112.905
95.1213,112.801
95.0348,112.697
94.9483,112.593
94.8618,112.488
94.7752,112.384
94.8367,112.406
94.8982,112.427
94.9597,112.449
95.0212,112.471
95.0827,112.492
95.1442,112.514
95.2056,112.536
95.2671,112.557
95.3286,112.579
95.3901,112.601
95.3036,112.496
95.217,112.392
95.1305,112.288
95.044,112.184
94.9575,112.079
94.8709,111.975
94.7844,111.871
94.8459,111.892
94.9074,111.914
94.9689,111.936
95.0304,111.957
95.0918,111.979
95.1533,112.001
95.2148,112.022
95.2763,112.044
95.3378,112.066
95.3993,112.087
95.3127,111.983
95.2262,111.879
95.1397,111.775
95.0532,111.67
94.9666,111.566
94.8801,111.462
94.7936,111.357
94.8551,111.379
94.9165,111.401
94.978,111.422
95.0395,111.444
95.101,111.466
95.1625,111.487
95.224,111.509
95.2854,111.531
95.3469,111.552
95.4084,111.574
95.3219,111.47
95.2354,111.365
95.1488,111.261
95.0623,111.157
94.9758,111.053
94.8893,110.948
94.8027,110.844
94.8642,110.866
94.9257,110.887
94.9872,110.909
95.0487,110.931
95.1101,110.952
95.1716,110.974
95.2331,110.996
95.2946,111.017
95.3561,111.039
95.4175,111.061
95.331,110.956
95.2445,110.852
95.158,110.748
95.0714,110.643
94.9849,110.539
94.8984,110.435
94.8119,110.331
94.8733,110.352
94.9348,110.374
94.9963,110.396
95.0578,110.417
95.1193,110.439
95.1807,110.461
95.2422,110.482
95.3037,110.504
95.3652,110.525
95.4267,110.547
95.3401,110.443
95.2536,110.339
95.1671,110.234
95.0806,110.13
94.994,110.026
94.9075,109.921
94.821,109.817
94.8825,109.839
94.944,109.86
95.0054,109.882
95.0669,109.904
95.1284,109.925
95.1899,109.947
95.2513,109.969
95.3128,109.99
95.3743,110.012
95.4358,110.033
95.3492,109.929
95.2627,109.825
95.1762,109.721
95.0897,109.616
95.0032,109.512
94.9166,109.408
94.8301,109.304
94.8916,109.325
94.9531,109.347
95.0145,109.368
95.076,109.39
95.1375,109.412
95.199,109.433
95.2604,109.455
95.3219,109.477
95.3834,109.498
95.4449,109.52
95.3583,109.416
95.2718,109.311
95.1853,109.207
95.0988,109.103
95.0122,108.998
94.9257,108.894
94.8392,108.79
94.9007,108.812
94.9621,108.833
95.0236,108.855
95.0851,108.876
95.1466,108.898
95.208,108.92
95.2695,108.941
95.331,108.963
95.3925,108.984
95.4539,109.006
95.3674,108.902
95.2809,108.798
95.1944,108.693
95.1078,108.589
95.0213,108.485
94.9348,108.38
94.8483,108.276
94.9098,108.298
94.9712,108.319
95.0327,108.341
95.0942,108.363
95.1556,108.384
95.2171,108.406
95.2786,108.427
95.3401,108.449
95.4015,108.471
95.463,108.492
95.3765,108.388
95.29,108.284
95.2034,108.179
95.1169,108.075
95.0304,107.971
94.9439,107.867
94.8573,107.762
94.9188,107.784
94.9803,107.806
95.0418,107.827
95.1032,107.849
95.1647,107.87
95.2262,107.892
95.2876,107.914
95.3491,107.935
95.4106,107.957
95.472,107.978
95.3855,107.874
95.299,107.77
95.2125,107.666
95.126,107.561
95.0394,107.457
94.9529,107.353
94.8664,107.248
94.9279,107.27
94.9893,107.292
95.0508,107.313
95.1123,107.335
95.1737,107.356
95.2352,107.378
95.2967,107.4
95.3581,107.421
95.4196,107.443
95.4811,107.464
95.3945,107.36
95.308,107.256
95.2215,107.152
95.135,107.047
95.0485,106.943
94.9619,106.839
94.8754,106.734
94.9369,106.756
94.9983,106.778
95.0598,106.799
95.1213,106.821
95.1827,106.842
95.2442,106.864
95.3057,106.886
95.3671,106.907
95.4286,106.929
95.4901,106.95
95.4035,106.846
95.317,106.742
95.2305,106.637
95.144,106.533
95.0575,106.429
94.9709,106.325
94.8844,106.22
94.9459,106.242
95.0073,106.264
95.0688,106.285
95.1303,106.307
95.1917,106.328
95.2532,106.35
95.3147,106.371
95.3761,106.393
95.4376,106.415
95.499,106.436
95.4125,106.332
95.326,106.228
95.2395,106.123
95.153,106.019
95.0664,105.915
94.9799,105.81
94.8934,105.706
94.9549,105.728
95.0163,105.749
95.0778,105.771
95.1392,105.792
95.2007,105.814
95.2622,105.836
95.3236,105.857
95.3851,105.879
95.4465,105.9
95.508,105.922
95.4215,105.818
95.335,105.713
95.2484,105.609
95.1619,105.505
95.0754,105.4
94.9889,105.296
94.9024,105.192
94.9638,105.213
95.0253,105.235
95.0867,105.257
95.1482,105.278
95.2097,105.3
95.2711,105.321
95.3326,105.343
95.394,105.364
95.4555,105.386
95.5169,105.407
95.4304,105.303
95.3439,105.199
95.2574,105.095
95.1709,104.99
95.0843,104.886
94.9978,104.782
94.9113,104.678
94.9728,104.699
95.0342,104.721
95.0957,104.742
95.1571,104.764
95.2186,104.785
95.28,104.807
95.3415,104.828
95.4029,104.85
95.4644,104.871
95.5258,104.893
95.4393,104.789
95.3528,104.684
95.2663,104.58
95.1798,104.476
95.0933,104.372
95.0067,104.267
94.9202,104.163
94.9817,104.185
95.0431,104.206
95.1046,104.228
95.166,104.249
95.2275,104.271
95.2889,104.292
95.3504,104.314
95.4118,104.335
95.4733,104.357
95.5347,104.378
95.4482,104.274
95.3617,104.17
95.2752,104.066
95.1887,103.961
95.1022,103.857
95.0156,103.753
94.9291,103.648
94.9906,103.67
95.052,103.691
95.1135,103.713
95.1749,103.735
95.2364,103.756
95.2978,103.778
95.3593,103.799
95.4207,103.821
95.4822,103.842
95.5436,103.864
95.4571,103.759
95.3706,103.655
95.2841,103.551
95.1975,103.447
95.111,103.342
95.0245,103.238
94.938,103.134
94.9994,103.155
95.0609,103.177
95.1223,103.198
95.1838,103.22
95.2452,103.241
95.3067,103.263
95.3681,103.284
95.4295,103.306
95.491,103.327
95.5524,103.349
95.4659,103.245
95.3794,103.14
95.2929,103.036
95.2064,102.932
95.1199,102.827
95.0333,102.723
94.9468,102.619
95.0083,102.64
95.0697,102.662
95.1312,102.683
95.1926,102.705
95.254,102.726
95.3155,102.748
95.3769,102.769
95.4384,102.791
95.4998,102.812
95.5612,102.834
95.4747,102.73
95.3882,102.625
95.3017,102.521
95.2152,102.417
95.1287,102.313
95.0422,102.208
94.9556,102.104
95.0171,102.125
95.0785,102.147
95.14,102.168
95.2014,102.19
95.2628,102.211
95.3243,102.233
95.3857,102.254
95.4471,102.276
95.5086,102.297
95.57,102.319
95.4835,102.214
95.397,102.11
95.3105,102.006
95.224,101.902
95.1375,101.797
95.0509,101.693
94.9644,101.589
95.0259,101.61
95.0873,101.632
95.1487,101.653
95.2102,101.675
95.2716,101.696
95.333,101.718
95.3945,101.739
95.4559,101.761
95.5173,101.782
95.5788,101.804
95.4923,101.699
95.4057,101.595
95.3192,101.491
95.2327,101.386
95.1462,101.282
95.0597,101.178
94.9732,101.074
95.0346,101.095
95.096,101.117
95.1575,101.138
95.2189,101.159
95.2803,101.181
95.3418,101.202
95.4032,101.224
95.4646,101.245
95.526,101.267
95.5875,101.288
95.501,101.184
95.4145,101.08
95.3279,100.975
95.2414,100.871
95.1549,100.767
95.0684,100.663
94.9819,100.558
95.0433,100.58
95.1047,100.601
95.1662,100.623
95.2276,100.644
95.289,100.665
95.3504,100.687
95.4119,100.708
95.4733,100.73
95.5347,100.751
95.5962,100.773
95.5096,100.668
95.4231,100.564
95.3366,100.46
95.2501,100.356
95.1636,100.251
95.0771,100.147
94.9906,100.043
95.052,100.064
95.1134,100.086
95.1748,100.107
95.2363,100.128
95.2977,100.15
95.3591,100.171
95.4205,100.193
95.4819,100.214
95.5434,100.236
95.6048,100.257
95.5183,100.153
95.4318,100.048
95.3453,99.9441
95.2588,99.8399
95.1722,99.7356
95.0857,99.6313
94.9992,99.5271
95.0606,99.5485
95.1221,99.5699
95.1835,99.5913
95.2449,99.6127
95.3063,99.6341
95.3677,99.6555
95.4291,99.6769
95.4906,99.6983
95.552,99.7197
95.6134,99.7411
95.5528,99.6681
95.4923,99.5951
95.4317,99.5221
95.3712,99.4491
95.3106,99.3761
95.2501,99.3032
95.1895,99.2302
95.1289,99.1572
95.0684,99.0842
95.0078,99.0112
94.9213,98.9069
94.8348,98.8027
94.7483,98.6984
94.6618,98.5941
94.5753,98.4899
94.4888,98.3856
94.4023,98.2813
94.4637,98.3027
94.5251,98.3241
94.5865,98.3455
94.6479,98.3668
94.7093,98.3882
94.7707,98.4096
94.8321,98.431
94.8936,98.4523
94.955,98.4737
95.0164,98.4951
94.9299,98.3908
94.8434,98.2866
94.7569,98.1823
94.6704,98.078
94.5838,97.9738
94.4973,97.8695
94.4108,97.7652
94.4722,97.7866
94.5336,97.8079
94.595,97.8293
94.6565,97.8506
94.7179,97.872
94.7793,97.8934
94.8407,97.9147
94.9021,97.9361
94.9635,97.9574
95.0249,97.9788
94.9384,97.8745
94.8519,97.7702
94.7654,97.666
94.6789,97.5617
94.5924,97.4575
94.5058,97.3532
94.4193,97.2489
94.4807,97.2703
94.5421,97.2916
94.6035,97.3129
94.6649,97.3343
94.7263,97.3556
94.7877,97.3769
94.8491,97.3983
94.9105,97.4196
94.9719,97.4409
95.0333,97.4623
94.9468,97.358
94.8603,97.2537
94.7738,97.1495
94.6873,97.0452
94.6008,96.9409
94.5143,96.8367
94.4278,96.7324
94.4892,96.7537
94.5506,96.775
94.612,96.7963
94.6734,96.8177
94.7348,96.839
94.7962,96.8603
94.8576,96.8816
94.919,96.9029
94.9803,96.9242
95.0417,96.9455
94.9552,96.8413
94.8687,96.737
94.7822,96.6327
94.6957,96.5285
94.6092,96.4242
94.5227,96.3199
94.4362,96.2157
94.4976,96.237
94.559,96.2583
94.6204,96.2796
94.6818,96.3008
94.7432,96.3221
94.8045,96.3434
94.8659,96.3647
94.9273,96.386
94.9887,96.4073
95.0501,96.4286
94.9636,96.3243
94.8771,96.2201
94.7906,96.1158
94.7041,96.0115
94.6176,95.9073
94.5311,95.803
94.4446,95.6987
94.506,95.72
94.5673,95.7413
94.6287,95.7625
94.6901,95.7838
94.7515,95.8051
94.8129,95.8263
94.8742,95.8476
94.9356,95.8689
94.997,95.8901
95.0584,95.9114
94.9719,95.8071
94.8854,95.7029
94.7989,95.5986
94.7124,95.4943
94.6259,95.3901
94.5394,95.2858
94.4529,95.1815
94.5142,95.2028
94.5756,95.224
94.637,95.2453
94.6984,95.2665
94.7597,95.2878
94.8211,95.309
94.8825,95.3302
94.9439,95.3515
95.0052,95.3727
95.0666,95.394
95.0061,95.321
94.9455,95.248
94.885,95.175
94.8244,95.102
94.7639,95.029
94.7033,94.956
94.6428,94.8831
94.5822,94.8101
94.5217,94.7371
94.4611,94.6641
94.5416,94.7194
94.6221,94.7747
94.7026,94.83
94.783,94.8853
94.8635,94.9406
94.944,94.9959
95.0245,95.0512
95.105,95.1065
95.1854,95.1618
95.2659,95.2171
95.2054,95.1441
95.1448,95.0712
95.0843,94.9982
95.0237,94.9252
94.9632,94.8522
94.9026,94.7792
94.8421,94.7062
94.7815,94.6333
94.721,94.5603
94.6604,94.4873
94.7409,94.5426
94.8214,94.5979
94.9019,94.6531
94.9823,94.7084
95.0628,94.7637
95.1433,94.819
95.2238,94.8743
95.3042,94.9296
95.3847,94.9849
95.4652,95.0402
95.4047,94.9672
95.3441,94.8942
95.2836,94.8212
95.223,94.7482
95.1624,94.6752
95.1019,94.6023
95.0413,94.5293
94.9808,94.4563
94.9202,94.3833
94.8597,94.3103
94.9402,94.3656
95.0206,94.4209
95.1011,94.4761
95.1816,94.5314
95.2621,94.5867
95.3425,94.642
95.423,94.6972
95.5035,94.7525
95.584,94.8078
95.6645,94.863
95.6047,94.7902
95.5449,94.7173
95.4852,94.6445
95.4254,94.5717
95.3657,94.4988
95.3059,94.426
95.2461,94.3531
95.1864,94.2803
95.1266,94.2074
95.0669,94.1346
95.0071,94.0617
94.9474,93.9889
94.8876,93.9161
94.8279,93.8432
94.7682,93.7704
94.7084,93.6975
94.6487,93.6247
94.5889,93.5518
94.5292,93.479
94.4694,93.4062
94.5499,93.4614
94.6304,93.5166
94.7109,93.5719
94.7913,93.6271
94.8718,93.6823
94.9523,93.7376
95.0327,93.7928
95.1132,93.8481
95.1937,93.9033
95.2741,93.9585
95.2144,93.8857
95.1547,93.8129
95.095,93.74
95.0353,93.6672
94.9756,93.5943
94.9159,93.5215
94.8561,93.4487
94.7964,93.3758
94.7367,93.303
94.677,93.2302
94.7575,93.2854
94.8379,93.3406
94.9184,93.3958
94.9989,93.451
95.0793,93.5063
95.1598,93.5615
95.2403,93.6167
95.3207,93.6719
95.4012,93.7271
95.4817,93.7823
95.422,93.7095
95.3623,93.6367
95.3026,93.5638
95.2429,93.491
95.1833,93.4182
95.1236,93.3454
95.0639,93.2725
95.0042,93.1997
94.9445,93.1269
94.8849,93.054
94.9653,93.1092
95.0458,93.1644
95.1262,93.2196
95.2067,93.2748
95.2872,93.33
95.3676,93.3852
95.4481,93.4404
95.5285,93.4956
95.609,93.5508
95.6895,93.606
95.6298,93.5332
95.5702,93.4604
95.5105,93.3875
95.4509,93.3147
95.3912,93.2419
95.3316,93.169
95.2719,93.0962
95.2123,93.0234
95.1527,92.9506
95.093,92.8777
95.0334,92.8049
94.9738,92.7321
94.9141,92.6593
94.8545,92.5865
94.7949,92.5136
94.7353,92.4408
94.6756,92.368
94.616,92.2952
94.5564,92.2223
94.4968,92.1495
94.5772,92.2047
94.6577,92.2598
94.7381,92.315
94.8186,92.3701
94.899,92.4253
94.9795,92.4804
95.0599,92.5356
95.1404,92.5908
95.2208,92.6459
95.3013,92.7011
95.2417,92.6282
95.1821,92.5554
95.1225,92.4826
95.063,92.4098
95.0034,92.337
94.9438,92.2642
94.8842,92.1914
94.8246,92.1185
94.765,92.0457
94.7054,91.9729
94.7859,92.028
94.8663,92.0832
94.9468,92.1383
95.0272,92.1934
95.1077,92.2485
95.1881,92.3037
95.2686,92.3588
95.349,92.4139
95.4295,92.4691
95.5099,92.5242
95.4504,92.4514
95.3908,92.3786
95.3313,92.3058
95.2717,92.233
95.2122,92.1601
95.1527,92.0873
95.0931,92.0145
95.0336,91.9417
94.974,91.8689
94.9145,91.7961
94.9949,91.8512
95.0754,91.9063
95.1558,91.9614
95.2363,92.0165
95.3167,92.0716
95.3971,92.1267
95.4776,92.1818
95.558,92.2369
95.6385,92.292
95.7189,92.3471
95.6594,92.2743
95.5999,92.2015
95.5404,92.1287
95.4809,92.0559
95.4214,91.9831
95.3619,91.9103
95.3024,91.8375
95.2429,91.7647
95.1834,91.6919
95.1239,91.6191
95.0645,91.5463
95.005,91.4735
94.9456,91.4007
94.8861,91.3279
94.8266,91.2551
94.7672,91.1823
94.7077,91.1095
94.6482,91.0368
94.5888,90.964
94.5293,90.8912
94.6098,90.9462
94.6902,91.0012
94.7706,91.0563
94.851,91.1113
94.9315,91.1664
95.0119,91.2214
95.0923,91.2764
95.1728,91.3315
95.2532,91.3865
95.3336,91.4415
95.2742,91.3688
95.2148,91.296
95.1554,91.2232
95.096,91.1504
95.0366,91.0776
94.9772,91.0048
94.9177,90.9321
94.8583,90.8593
94.7989,90.7865
94.7395,90.7137
94.8199,90.7687
94.9004,90.8237
94.9808,90.8787
95.0612,90.9337
95.1416,90.9887
95.2221,91.0437
95.3025,91.0987
95.3829,91.1537
95.4633,91.2087
95.5437,91.2637
95.4844,91.1909
95.425,91.1182
95.3657,91.0454
95.3063,90.9726
95.247,90.8998
95.1876,90.8271
95.1283,90.7543
95.0689,90.6815
95.0096,90.6088
94.9502,90.536
95.0307,90.5909
95.1111,90.6459
95.1915,90.7009
95.2719,90.7558
95.3523,90.8108
95.4327,90.8657
95.5131,90.9207
95.5936,90.9757
95.674,91.0306
95.7544,91.0856
95.6951,91.0128
95.6358,90.9401
95.5765,90.8673
95.5172,90.7945
95.458,90.7218
95.3987,90.649
95.3394,90.5763
95.2801,90.5035
95.2208,90.4307
95.1615,90.358
95.1023,90.2852
95.0431,90.2125
94.9838,90.1397
94.9246,90.067
94.8654,89.9942
94.8061,89.9214
94.7469,89.8487
94.6877,89.7759
94.6284,89.7032
94.5692,89.6304
94.6496,89.6853
94.73,89.7402
94.8104,89.795
94.8908,89.8499
94.9712,89.9048
95.0516,89.9597
95.132,90.0145
95.2124,90.0694
95.2928,90.1243
95.3732,90.1792
95.314,90.1064
95.2549,90.0337
95.1957,89.9609
95.1366,89.8882
95.0774,89.8155
95.0182,89.7427
94.9591,89.67
94.8999,89.5972
94.8408,89.5245
94.7816,89.4518
94.862,89.5066
94.9424,89.5614
95.0228,89.6162
95.1032,89.671
95.1836,89.7258
95.2639,89.7807
95.3443,89.8355
95.4247,89.8903
95.5051,89.9451
95.5855,89.9999
95.5264,89.9272
95.4674,89.8545
95.4083,89.7818
95.3492,89.709
95.2902,89.6363
95.2311,89.5636
95.172,89.4909
95.113,89.4181
95.0539,89.3454
94.9948,89.2727
95.0752,89.3274
95.1556,89.3822
95.2359,89.4369
95.3163,89.4917
95.3967,89.5465
95.4771,89.6012
95.5574,89.656
95.6378,89.7107
95.7182,89.7655
95.7986,89.8202
95.7396,89.7475
95.6806,89.6748
95.6217,89.6021
95.5627,89.5294
95.5037,89.4567
95.4448,89.384
95.3858,89.3113
95.3268,89.2386
95.2679,89.1659
95.2089,89.0932
95.15,89.0205
95.0911,88.9478
95.0323,88.8751
94.9734,88.8024
94.9145,88.7297
94.8556,88.657
94.7968,88.5843
94.7379,88.5116
94.679,88.4389
94.6201,88.3662
94.7005,88.4208
94.7808,88.4755
94.8612,88.5301
94.9415,88.5847
95.0219,88.6393
95.1022,88.6939
95.1826,88.7485
95.2629,88.8031
95.3432,88.8577
95.4236,88.9124
95.3648,88.8397
95.3061,88.767
95.2473,88.6943
95.1886,88.6217
95.1299,88.549
95.0711,88.4763
95.0124,88.4037
94.9536,88.331
94.8949,88.2583
94.8361,88.1857
94.9164,88.2402
94.9968,88.2947
95.0771,88.3492
95.1574,88.4037
95.2378,88.4583
95.3181,88.5128
95.3984,88.5673
95.4787,88.6218
95.5591,88.6763
95.6394,88.7309
95.5808,88.6582
95.5222,88.5856
95.4636,88.5129
95.405,88.4403
95.3464,88.3676
95.2878,88.295
95.2292,88.2223
95.1706,88.1497
95.112,88.0771
95.0534,88.0044
94.9949,87.9318
94.9365,87.8592
94.878,87.7865
94.8196,87.7139
94.7611,87.6413
94.7027,87.5687
94.6442,87.4961
94.5858,87.4234
94.5273,87.3508
94.4689,87.2782
94.5492,87.3325
94.6295,87.3868
94.7097,87.4411
94.79,87.4954
94.8703,87.5497
94.9506,87.604
95.0309,87.6583
95.1112,87.7126
95.1914,87.7669
95.2717,87.8212
95.2135,87.7486
95.1552,87.676
95.097,87.6034
95.0387,87.5308
94.9805,87.4582
94.9223,87.3857
94.864,87.3131
94.8058,87.2405
94.7475,87.1679
94.6893,87.0953
94.7695,87.1495
94.8498,87.2036
94.93,87.2578
95.0103,87.3119
95.0905,87.366
95.1708,87.4202
95.2511,87.4743
95.3313,87.5285
95.4116,87.5826
95.4918,87.6368
95.4338,87.5642
95.3758,87.4917
95.3178,87.4191
95.2598,87.3466
95.2018,87.274
95.1438,87.2015
95.0858,87.129
95.0278,87.0564
94.9698,86.9839
94.9118,86.9113
95.001,86.9713
95.0901,87.0312
95.1792,87.0912
95.2684,87.1511
95.3575,87.2111
95.4466,87.2711
95.5357,87.331
95.6249,87.391
95.714,87.4509
95.6499,87.3704
95.5858,87.2898
95.5217,87.2093
95.4576,87.1287
95.3935,87.0482
95.3294,86.9676
95.2653,86.8871
95.2012,86.8065
95.1371,86.726
95.0797,86.6535
95.0224,86.5811
94.9651,86.5087
94.9077,86.4362
94.8504,86.3638
94.7931,86.2913
94.7358,86.2189
94.6784,86.1465
94.6211,86.074
94.5638,86.0016
94.6528,86.061
94.7418,86.1204
94.8308,86.1798
94.9199,86.2391
95.0089,86.2985
95.0979,86.3579
95.1869,86.4173
95.276,86.4767
95.365,86.5361
95.3082,86.4637
95.2513,86.3914
95.1945,86.319
95.1377,86.2466
95.0809,86.1743
95.0241,86.1019
94.9673,86.0296
94.9104,85.9572
94.8536,85.8849
94.7968,85.8125
94.8857,85.8714
94.9747,85.9304
95.0636,85.9893
95.1525,86.0482
95.2415,86.1072
95.3304,86.1661
95.4194,86.225
95.5083,86.284
95.5972,86.3429
95.5349,86.2626
95.4725,86.1824
95.4102,86.1021
95.3478,86.0218
95.2855,85.9416
95.2232,85.8613
95.1608,85.781
95.0985,85.7007
95.0361,85.6205
94.981,85.5484
94.926,85.4763
94.8709,85.4042
94.8158,85.3321
94.7608,85.26
94.7057,85.1879
94.6506,85.1158
94.5956,85.0438
94.5405,84.9717
94.4854,84.8996
94.5741,84.9569
94.6627,85.0143
94.7513,85.0716
94.84,85.129
94.9286,85.1863
95.0173,85.2437
95.1059,85.301
95.1945,85.3584
95.2832,85.4157
95.2299,85.3439
95.1766,85.2721
95.1233,85.2002
95.07,85.1284
95.0167,85.0566
94.9635,84.9848
94.9102,84.9129
94.8569,84.8411
94.8036,84.7693
94.7503,84.6974
94.8386,84.7529
94.9269,84.8084
95.0152,84.8639
95.1035,84.9194
95.1919,84.9749
95.2802,85.0304
95.3685,85.0859
95.4568,85.1414
95.5451,85.1969
95.4832,85.1077
95.4214,85.0186
95.3595,84.9294
95.2976,84.8402
95.2358,84.7511
95.1739,84.6619
95.112,84.5727
95.0502,84.4836
95.0041,84.396
94.958,84.3085
94.912,84.221
94.8659,84.1335
94.8199,84.0459
94.7738,83.9584
94.7277,83.8709
94.6817,83.7834
94.7742,83.7863
94.8667,83.7893
94.9593,83.7923
95.0518,83.7953
95.1443,83.7983
95.2369,83.8012
95.3294,83.8042
95.4219,83.8072
95.468,83.7255
95.514,83.6438
95.5601,83.5621
95.6061,83.4804
95.6522,83.3987
95.6982,83.317
95.7443,83.2353
95.7903,83.1536
95.8449,83.073
95.8996,82.9924
95.9542,82.9119
96.0089,82.8313
96.0635,82.7507
96.1181,82.6702
96.1728,82.5896
96.2274,82.5091
96.285,82.429
96.3427,82.3489
96.4003,82.2688
96.458,82.1888
96.5156,82.1087
96.5733,82.0286
96.6309,81.9485
96.6885,81.8685
96.7477,81.7886
96.8068,81.7088
96.866,81.629
96.9251,81.5492
96.9843,81.4694
97.0434,81.3896
97.1025,81.3098
97.1617,81.23
97.2217,81.1503
97.2818,81.0707
97.3418,80.991
97.4018,80.9114
97.4619,80.8317
97.5219,80.7521
97.5819,80.6724
97.642,80.5928
97.7026,80.5132
97.7632,80.4337
97.8239,80.3542
97.8845,80.2746
97.9451,80.1951
98.0057,80.1156
98.0664,80.036
98.127,79.9565
98.188,79.877
98.2491,79.7976
98.3101,79.7181
98.3712,79.6387
98.4322,79.5592
98.4933,79.4798
98.5543,79.4003
98.6154,79.3209
98.6767,79.2415
98.7381,79.1621
98.7994,79.0827
98.8608,79.0033
98.9222,78.9239
98.9835,78.8445
99.0449,78.7651
99.1063,78.6857
99.1679,78.6064
99.2295,78.527
99.2911,78.4477
99.3527,78.3683
99.4143,78.289
99.4759,78.2096
99.5375,78.1303
99.5991,78.0509
99.6609,77.9716
99.7227,77.8923
99.7845,77.813
99.8463,77.7337
99.9081,77.6544
99.9699,77.5751
100.032,77.4958
100.093,77.4165
100.155,77.3372
100.217,77.2579
100.279,77.1787
100.341,77.0994
100.403,77.0201
100.465,76.9408
100.527,76.8615
100.589,76.7823
100.651,76.703
100.713,76.6238
100.775,76.5445
100.837,76.4653
100.899,76.386
100.962,76.3068
101.024,76.2275
101.086,76.1483
101.148,76.069
101.21,75.9898
101.272,75.9106
101.335,75.8314
101.397,75.7521
101.459,75.6729
101.521,75.5937
101.583,75.5145
101.646,75.4352
101.708,75.356
101.77,75.2768
101.832,75.1976
101.895,75.1184
101.957,75.0392
102.019,74.96
102.082,74.8808
102.144,74.8016
102.206,74.7224
102.269,74.6432
102.331,74.564
102.393,74.4848
102.456,74.4056
102.518,74.3264
102.581,74.2472
102.643,74.1681
102.705,74.0889
102.768,74.0097
102.83,73.9305
102.893,73.8514
102.955,73.7722
103.018,73.693
103.08,73.6138
103.143,73.5346
103.205,73.4555
103.268,73.3763
103.33,73.2972
103.393,73.218
103.455,73.1388
103.518,73.0597
103.58,72.9805
103.643,72.9013
103.705,72.8222
103.768,72.743
103.83,72.6639
103.893,72.5847
103.955,72.5056
104.018,72.4264
104.08,72.3472
104.143,72.2681
104.206,72.189
104.268,72.1098
104.331,72.0307
104.393,71.9515
104.456,71.8724
104.519,71.7932
104.581,71.7141
104.644,71.6349
104.707,71.5558
104.769,71.4767
104.832,71.3975
104.895,71.3184
104.957,71.2393
105.02,71.1601
105.082,71.081
105.145,71.0019
105.208,70.9227
105.271,70.8436
105.333,70.7645
105.396,70.6853
105.459,70.6062
105.521,70.5271
105.584,70.4479
105.647,70.3688
105.709,70.2897
105.772,70.2106
105.835,70.1315
105.898,70.0523
105.96,69.9732
106.023,69.8941
106.086,69.815
106.148,69.7359
106.211,69.6567
106.274,69.5776
106.337,69.4985
106.399,69.4194
106.462,69.3403
106.525,69.2612
106.588,69.182
106.651,69.1029
106.713,69.0238
106.776,68.9447
106.839,68.8656
106.902,68.7865
106.964,68.7074
107.027,68.6283
107.09,68.5492
107.153,68.47
107.216,68.3909
107.278,68.3118
107.341,68.2327
107.404,68.1536
107.467,68.0745
107.53,67.9954
107.592,67.9163
107.655,67.8372
107.718,67.7581
107.781,67.679
107.844,67.5999
107.907,67.5208
107.969,67.4417
108.032,67.3626
108.095,67.2835
108.158,67.2044
108.221,67.1253
108.284,67.0462
108.347,66.9671
108.409,66.888
108.472,66.8089
108.535,66.7298
108.598,66.6507
108.661,66.5716
108.724,66.4925
108.787,66.4134
108.849,66.3344
108.912,66.2553
108.975,66.1762
109.038,66.0971
109.101,66.018
109.164,65.9389
109.227,65.8598
109.29,65.7807
109.353,65.7016
109.415,65.6225
109.478,65.5434
109.541,65.4644
109.604,65.3853
109.66,65.315
109.716,65.2447
109.772,65.1744
109.828,65.1041
109.884,65.0338
109.94,64.9635
109.996,64.8932
110.052,64.8229
110.107,64.7526
110.165,64.6708
110.223,64.5891
110.281,64.5073
110.339,64.4256
110.396,64.3439
110.454,64.2621
110.512,64.1804
110.57,64.0986
110.627,64.0169
110.691,63.9254
110.754,63.8338
110.818,63.7423
110.881,63.6508
110.944,63.5592
111.008,63.4677
111.071,63.3762
111.135,63.2846
111.185,63.1849
111.236,63.0852
111.287,62.9855
111.338,62.8858
111.389,62.7861
111.44,62.6864
111.491,62.5867
111.459,62.4996
111.427,62.4126
111.395,62.3255
111.363,62.2384
111.331,62.1514
111.299,62.0643
111.267,61.9772
111.23,61.8914
111.193,61.8055
111.156,61.7197
111.12,61.6338
111.083,61.548
111.046,61.4621
111.009,61.3763
110.97,61.2909
110.931,61.2056
110.892,61.1202
110.853,61.0349
110.814,60.9495
110.776,60.8642
110.737,60.7788
110.697,60.6938
110.657,60.6087
110.617,60.5236
110.577,60.4386
110.538,60.3535
110.498,60.2684
110.458,60.1833
110.417,60.0984
110.377,60.0135
110.336,59.9287
110.296,59.8438
110.255,59.7589
110.215,59.674
110.175,59.5891
110.132,59.5047
110.09,59.4204
110.047,59.3361
110.005,59.2518
109.962,59.1674
109.92,59.0831
109.877,58.9988
109.835,58.9145
109.792,58.8302
109.75,58.7458
109.707,58.6615
109.665,58.5772
109.622,58.4929
109.58,58.4086
109.537,58.3243
109.495,58.24
109.452,58.1556
109.41,58.0713
109.367,57.987
109.325,57.9027
109.282,57.8184
109.24,57.7341
109.197,57.6498
109.155,57.5655
109.112,57.4812
109.07,57.3969
109.027,57.3126
108.984,57.2283
108.942,57.144
108.899,57.0597
108.857,56.9754
108.814,56.8911
108.772,56.8068
108.729,56.7225
108.687,56.6382
108.644,56.5539
108.602,56.4696
108.559,56.3853
108.516,56.301
108.474,56.2167
108.431,56.1324
108.389,56.0481
108.346,55.9638
108.304,55.8795
108.261,55.7953
108.218,55.711
108.176,55.6267
108.133,55.5424
108.091,55.4581
108.048,55.3738
108.006,55.2895
107.963,55.2053
107.92,55.121
107.878,55.0367
107.835,54.9524
107.793,54.8681
107.75,54.7838
107.707,54.6996
107.665,54.6153
107.622,54.531
107.58,54.4467
107.537,54.3625
107.494,54.2782
107.452,54.1939
107.409,54.1096
107.367,54.0254
107.324,53.9411
107.281,53.8568
107.239,53.7726
107.196,53.6883
107.153,53.604
107.111,53.5198
107.068,53.4355
107.026,53.3512
106.983,53.267
106.94,53.1827
106.898,53.0984
106.855,53.0142
106.812,52.9299
106.77,52.8456
106.727,52.7614
106.684,52.6771
106.642,52.5929
106.599,52.5086
106.556,52.4243
106.514,52.3401
106.471,52.2558
106.429,52.1716
106.386,52.0873
106.343,52.0031
106.301,51.9188
106.258,51.8345
106.215,51.7503
106.173,51.666
106.13,51.5818
106.087,51.4975
106.045,51.4133
106.002,51.329
105.959,51.2448
105.917,51.1606
105.874,51.0763
105.831,50.9921
105.788,50.9078
105.746,50.8236
105.703,50.7393
105.66,50.6551
105.618,50.5708
105.575,50.4866
105.532,50.4024
105.49,50.3181
105.447,50.2339
105.404,50.1496
105.362,50.0654
105.319,49.9812
105.276,49.8969
105.233,49.8127
105.191,49.7285
105.148,49.6442
105.105,49.56
105.062,49.4761
105.02,49.3922
104.977,49.3084
104.934,49.2245
104.891,49.1406
104.848,49.0567
104.805,48.9728
104.762,48.889
104.719,48.8051
104.676,48.7213
104.633,48.6375
104.59,48.5536
104.547,48.4698
104.505,48.3859
104.462,48.3021
104.419,48.2183
104.376,48.1345
104.333,48.0506
104.29,47.9668
104.247,47.883
104.204,47.7992
104.161,47.7154
104.118,47.6316
104.075,47.5478
104.032,47.4641
103.989,47.3803
103.947,47.2965
103.904,47.2127
103.861,47.129
103.818,47.0452
103.775,46.9615
103.732,46.8778
103.689,46.794
103.646,46.7103
103.603,46.6265
103.56,46.5428
103.517,46.4592
103.474,46.3755
103.431,46.2918
103.388,46.2081
103.345,46.1244
103.302,46.0407
103.259,45.9571
103.216,45.8735
103.173,45.7898
103.131,45.7062
103.088,45.6226
103.045,45.5389
103.002,45.4553
102.959,45.3718
102.916,45.2882
102.873,45.2046
102.83,45.1211
102.787,45.0375
102.744,44.954
102.701,44.8704
102.658,44.787
102.615,44.7035
102.572,44.62
102.529,44.5366
102.486,44.4531
102.443,44.3697
102.4,44.2862
102.357,44.2028
102.314,44.1195
102.271,44.0362
102.228,43.9528
102.185,43.8695
102.142,43.7861
102.099,43.7028
102.056,43.6196
102.013,43.5364
101.97,43.4532
101.927,43.3701
101.884,43.2869
101.841,43.2037
101.798,43.1205
101.754,43.0376
101.711,42.9546
101.668,42.8716
101.625,42.7887
101.582,42.7057
101.539,42.6228
101.496,42.5398
101.453,42.4572
101.41,42.3746
101.367,42.292
101.323,42.2094
101.28,42.1267
101.237,42.0441
101.194,41.9615
101.151,41.8795
101.107,41.7974
101.064,41.7154
101.021,41.6333
100.978,41.5513
100.935,41.4692
100.891,41.3872
100.848,41.3063
100.804,41.2254
100.761,41.1445
100.718,41.0637
100.674,40.9828
100.631,40.9019
100.587,40.821
100.51,40.6856
100.433,40.5503
100.356,40.4149
100.279,40.2795
100.194,40.2733
100.109,40.2671
100.023,40.2609
99.9381,40.2547
99.8522,40.2707
99.7662,40.2866
99.6803,40.3025
99.5943,40.3184
99.5092,40.3049
99.4241,40.2914
99.339,40.2779
99.2539,40.2644
99.1677,40.2879
99.0815,40.3115
98.9953,40.335
98.9091,40.3586
98.8243,40.336
98.7395,40.3135
98.6547,40.2909
98.5699,40.2684
98.4834,40.2999
98.3969,40.3315
98.3104,40.363
98.224,40.3945
98.1394,40.3652
98.0548,40.3359
97.9702,40.3066
97.8857,40.2772
97.799,40.3139
97.7124,40.3506
97.6257,40.3873
97.539,40.424
97.4545,40.3922
97.3701,40.3604
97.2856,40.3285
97.2011,40.2967
97.1144,40.3353
97.0276,40.3738
96.9409,40.4124
96.8542,40.4509
96.7697,40.4181
96.6853,40.3854
96.6008,40.3526
96.5164,40.3199
96.4296,40.3592
96.3429,40.3985
96.2561,40.4379
96.1694,40.4772
96.0849,40.4436
96.0005,40.4101
95.9161,40.3765
95.8317,40.3429
95.7449,40.383
95.6581,40.423
95.5714,40.463
95.4846,40.503
95.4002,40.4687
95.3158,40.4344
95.2314,40.4002
95.147,40.3659
95.0974,40.3891
95.0478,40.4123
94.9982,40.4355
94.9486,40.4587
94.899,40.482
94.8494,40.5052
94.7998,40.5284
94.757,40.4448
94.7142,40.3612
94.6714,40.2776
94.6286,40.194
94.5858,40.1104
94.543,40.0268
94.5002,39.9432
94.4573,39.8596
94.4145,39.776
94.3717,39.6924
94.3289,39.6088
94.2861,39.5253
94.2433,39.4417
94.2005,39.3581
94.1577,39.2745
94.1149,39.1909
94.072,39.1073
94.0292,39.0238
93.9864,38.9402
93.9436,38.8566
93.9008,38.773
93.858,38.6895
93.8151,38.6059
93.7723,38.5223
93.7295,38.4388
93.6867,38.3552
93.6439,38.2716
93.6011,38.1881
93.5582,38.1045
93.5154,38.0209
93.4726,37.9374
93.4298,37.8538
93.3869,37.7703
93.3441,37.6867
93.3013,37.6032
93.2585,37.5196
93.2156,37.4361
93.1728,37.3525
93.13,37.269
93.0872,37.1855
93.0443,37.1019
93.0015,37.0184
92.9587,36.9348
92.9159,36.8513
92.873,36.7678
92.8302,36.6843
92.7874,36.6007
92.7445,36.5172
92.7017,36.4337
92.6589,36.3502
92.616,36.2666
92.5732,36.1831
92.5304,36.0996
92.4875,36.0161
92.4447,35.9326
92.4018,35.8491
92.359,35.7656
92.3162,35.6821
92.2733,35.5986
92.2305,35.5151
92.1876,35.4316
92.1448,35.3481
92.102,35.2646
92.0591,35.1811
92.0163,35.0976
91.9734,35.0141
91.9306,34.9306
91.8877,34.8472
91.8449,34.7637
91.802,34.6802
91.7592,34.5967
91.7163,34.5133
91.6735,34.4298
91.6306,34.3463
91.5878,34.2629
91.5449,34.1794
91.5021,34.0959
91.4592,34.0125
91.4164,33.929
91.3735,33.8456
91.3307,33.7621
91.2878,33.6787
91.245,33.5953
91.2021,33.5118
91.1592,33.4284
91.1164,33.345
91.0735,33.2615
91.0307,33.1781
90.9878,33.0947
90.9449,33.0113
90.9021,32.9278
90.8592,32.8444
90.8163,32.761
90.7735,32.6776
90.7306,32.5942
90.6877,32.5108
90.6449,32.4274
90.602,32.344
90.5591,32.2606
90.5163,32.1773
90.4734,32.0939
90.4305,32.0105
90.3877,31.9271
90.3448,31.8437
90.3019,31.7604
90.259,31.677
90.2161,31.5937
90.1733,31.5103
90.1304,31.427
90.0875,31.3436
90.0446,31.2603
90.0018,31.1769
89.9589,31.0936
89.916,31.0103
89.8731,30.9269
89.8302,30.8436
89.7873,30.7603
89.7444,30.677
89.7016,30.5936
89.6587,30.5104
89.6158,30.4271
89.5729,30.3438
89.53,30.2605
89.4871,30.1772
89.4442,30.0939
89.4013,30.0106
89.3413,29.8941
89.2812,29.7775
89.2211,29.6609
89.1611,29.5444
89.101,29.4278
89.0294,29.5054
88.9577,29.583
88.886,29.6607
88.8144,29.7383
88.7427,29.8159
88.6915,29.8713
88.6404,29.9267
88.5892,29.9822
88.538,30.0376
88.4868,30.093
88.4356,30.1485
88.3844,30.2039
88.3244,30.0874
88.2643,29.9708
88.2043,29.8543
88.1442,29.7378
88.0842,29.6213
88.033,29.6767
87.9818,29.7321
87.9307,29.7876
87.8795,29.843
87.8283,29.8984
87.7771,29.9539
87.7259,30.0093
87.6659,29.8928
87.6058,29.7764
87.5458,29.6599
87.4857,29.5434
87.4257,29.4269
87.354,29.5045
87.2824,29.5821
87.2107,29.6597
87.1391,29.7374
87.0674,29.815
87.0163,29.8704
86.9651,29.9258
86.9139,29.9813
86.8628,30.0367
86.8116,30.0921
86.7604,30.1475
86.7093,30.203
86.6492,30.0865
86.5892,29.9701
86.5291,29.8536
86.4691,29.7372
86.409,29.6208
86.3579,29.6762
86.3067,29.7316
86.2555,29.787
86.2044,29.8425
86.1532,29.8979
86.102,29.9533
86.0509,30.0088
85.9908,29.8924
85.9308,29.776
85.8707,29.6596
85.8107,29.5432
85.7506,29.4268
85.679,29.5044
85.6074,29.582
85.5358,29.6596
85.4641,29.7372
85.3925,29.8148
85.3413,29.8703
85.2902,29.9257
85.239,29.9811
85.1879,30.0366
85.1367,30.092
85.0856,30.1474
85.0344,30.2028
84.9744,30.0865
84.9143,29.9701
84.8543,29.8538
84.7943,29.7374
84.7342,29.621
84.6831,29.6765
84.6319,29.7319
84.5808,29.7873
84.5296,29.8428
84.4785,29.8982
84.4273,29.9536
84.3762,30.009
84.3161,29.8927
84.2561,29.7764
84.1961,29.6601
84.136,29.5438
84.076,29.4275
84.0044,29.5051
83.9328,29.5827
83.8612,29.6603
83.7896,29.7379
83.718,29.8155
83.6668,29.871
83.6157,29.9264
83.5646,29.9818
83.5134,30.0372
83.4623,30.0927
83.4111,30.1481
83.36,30.2035
83.3,30.0873
83.2399,29.971
83.1799,29.8547
83.1199,29.7384
83.0599,29.6221
83.0088,29.6776
82.9576,29.733
82.9065,29.7884
82.8553,29.8438
82.8042,29.8993
82.7531,29.9547
82.7019,30.0101
82.6419,29.8939
82.5819,29.7777
82.5219,29.6615
82.4619,29.5453
82.4018,29.429
82.3303,29.5066
82.2587,29.5842
82.1871,29.6618
82.1155,29.7395
82.0439,29.8171
81.9928,29.8725
81.9417,29.9279
81.8906,29.9833
81.8394,30.0388
81.7883,30.0942
81.7372,30.1496
81.6861,30.205
81.6261,30.0888
81.5661,29.9726
81.5061,29.8564
81.4461,29.7402
81.3861,29.624
81.335,29.6795
81.2838,29.7349
81.2327,29.7903
81.1816,29.8458
81.1305,29.9012
81.0794,29.9566
81.0282,30.012
80.9682,29.8959
80.9082,29.7798
80.8482,29.6636
80.7882,29.5475
80.7283,29.4314
80.6567,29.509
80.5851,29.5866
80.5136,29.6642
80.442,29.7418
80.3705,29.8194
80.3194,29.8748
80.2683,29.9303
80.2172,29.9857
80.1661,30.0411
80.115,30.0965
80.0639,30.152
80.0128,30.2074
79.9528,30.0913
79.8928,29.9751
79.8328,29.859
79.7728,29.7429
79.7129,29.6268
79.6618,29.6822
79.6107,29.7376
79.5596,29.7931
79.5085,29.8485
79.4574,29.9039
79.4063,29.9594
79.3552,30.0148
79.2952,29.8987
79.2352,29.7827
79.1753,29.6666
79.1153,29.5506
79.0553,29.4345
78.9838,29.5122
78.9123,29.5898
78.8408,29.6674
78.7692,29.745
78.6977,29.8226
78.6466,29.878
78.5955,29.9334
78.5445,29.9888
78.4934,30.0443
78.4423,30.0997
78.3912,30.1551
78.3401,30.2105
78.2802,30.0945
78.2203,29.9785
78.1603,29.8624
78.1004,29.7464
78.0404,29.6303
77.9893,29.6858
77.9383,29.7412
77.8872,29.7966
77.8361,29.8521
77.7851,29.9075
77.734,29.9629
77.6829,30.0183
77.623,29.9024
77.563,29.7864
77.5031,29.6704
77.4431,29.5545
77.3832,29.4385
77.3117,29.5161
77.2402,29.5937
77.1687,29.6713
77.0972,29.7489
77.0258,29.8265
76.9747,29.882
76.9236,29.9374
76.8726,29.9928
76.8215,30.0482
76.7705,30.1037
76.7194,30.1591
76.6684,30.2145
76.6085,30.0985
76.5486,29.9826
76.4886,29.8666
76.4287,29.7506
76.3688,29.6347
76.3178,29.6901
76.2667,29.7455
76.2157,29.801
76.1646,29.8564
76.1136,29.9118
76.0626,29.9673
76.0115,30.0227
75.9516,29.9068
75.8917,29.7909
75.8318,29.675
75.7719,29.5591
75.712,29.4433
75.6405,29.5209
75.5691,29.5985
75.4976,29.6761
75.4262,29.7537
75.3547,29.8313
75.3037,29.8867
75.2527,29.9421
75.2017,29.9976
75.1507,30.053
75.0996,30.1084
75.0486,30.1638
74.9976,30.2193
74.9551,30.1354
74.9127,30.0514
74.8703,29.9675
74.8278,29.8836
74.7854,29.7997
74.743,29.7158
74.7005,29.6319
74.6578,29.549
74.6151,29.4662
74.5725,29.3834
74.5298,29.3006
74.4871,29.2178
74.4444,29.1349
74.4017,29.0521
74.359,28.9693
74.3163,28.8864
74.2736,28.8036
74.2309,28.7207
74.1882,28.6379
74.1455,28.555
74.1028,28.4722
74.0602,28.3893
74.0175,28.3064
73.9748,28.2236
73.9321,28.1407
73.8894,28.0579
73.8467,27.975
73.8041,27.8921
73.7614,27.8092
73.7187,27.7264
73.676,27.6435
73.6334,27.5606
73.5907,27.4777
73.548,27.3948
73.5053,27.3119
73.4627,27.229
73.42,27.1461
73.3773,27.0632
73.3347,26.9803
73.292,26.8975
73.2493,26.8146
73.2067,26.7317
73.164,26.6487
73.1214,26.5658
73.0787,26.4829
73.036,26.4
72.9934,26.3171
72.9507,26.2342
72.9081,26.1513
72.8654,26.0684
72.8228,25.9855
72.7801,25.9025
72.7374,25.8196
72.6948,25.7367
72.6521,25.6538
72.6095,25.5709
72.5498,25.4548
72.4901,25.3387
72.4304,25.2226
72.3707,25.1065
72.311,24.9904
72.26,25.0461
72.209,25.1019
72.158,25.1577
72.107,25.2135
72.056,25.2693
72.005,25.325
71.954,25.3808
71.8943,25.2647
71.8347,25.1485
71.775,25.0323
71.7153,24.9162
71.6557,24.8
71.6047,24.8558
71.5537,24.9116
71.5027,24.9674
71.4517,25.0232
71.4008,25.079
71.3498,25.1347
71.2988,25.1905
71.2392,25.0743
71.1796,24.9581
71.1199,24.8419
71.0603,24.7257
71.0007,24.6095
70.9293,24.6876
70.858,24.7657
70.7866,24.8438
70.7153,24.9219
70.6439,25
70.593,25.0558
70.542,25.1116
70.4911,25.1674
70.4401,25.2232
70.3892,25.279
70.3382,25.3347
70.2873,25.3905
70.2277,25.2742
70.1682,25.1579
70.1086,25.0416
70.0491,24.9254
69.9895,24.8091
69.9386,24.8649
69.8877,24.9207
69.8367,24.9764
69.7858,25.0322
69.7348,25.088
69.6839,25.1438
69.633,25.1996
69.5735,25.0833
69.514,24.967
69.4545,24.8506
69.395,24.7343
69.3355,24.6179
69.2846,24.6737
69.2336,24.7295
69.1827,24.7853
69.1318,24.8411
69.0809,24.897
69.03,24.9528
68.9791,25.0086
68.9196,24.8922
68.8601,24.7758
68.8007,24.6594
68.7412,24.5431
68.6818,24.4267
68.6105,24.5048
68.5393,24.5829
68.468,24.6611
68.3968,24.7392
68.3255,24.8173
68.2746,24.8731
68.2237,24.9289
68.1729,24.9848
68.122,25.0406
68.0711,25.0964
68.0202,25.1522
67.9693,25.208
67.91,25.0916
67.8506,24.9751
67.7912,24.8587
67.7319,24.7422
67.6725,24.6258
67.6217,24.6816
67.5708,24.7374
67.5199,24.7932
67.4691,24.8491
67.4182,24.9049
67.3674,24.9607
67.3165,25.0165
67.2572,24.9
67.1979,24.7836
67.1386,24.6671
67.0793,24.5506
67.0199,24.4342
66.9488,24.5123
66.8776,24.5905
66.8064,24.6686
66.7353,24.7468
66.6641,24.8249
66.6133,24.8807
66.5625,24.9366
66.5116,24.9924
66.4608,25.0482
66.41,25.1041
66.3592,25.1599
66.3084,25.2157
66.2492,25.0992
66.19,24.9827
66.1307,24.8661
66.0715,24.7496
66.0123,24.6331
65.9615,24.6889
65.9107,24.7448
65.86,24.8006
65.8092,24.8564
65.7584,24.9123
65.7076,24.9681
65.6568,25.0239
65.5976,24.9074
65.5385,24.7909
65.4794,24.6743
65.4202,24.5578
65.3611,24.4413
65.29,24.5194
65.2189,24.5976
65.1479,24.6758
65.0768,24.754
65.0057,24.8321
64.955,24.888
64.9042,24.9438
64.8535,24.9997
64.8027,25.0555
64.752,25.1114
64.7013,25.1672
64.6505,25.2231
64.5915,25.1065
64.5325,24.9899
64.4735,24.8733
64.4144,24.7568
64.3554,24.6402
64.3047,24.696
64.254,24.7519
64.2033,24.8078
64.1526,24.8636
64.1019,24.9195
64.0512,24.9753
64.0004,25.0312
63.9415,24.9146
63.8825,24.798
63.8236,24.6814
63.7647,24.5648
63.7057,24.4483
63.6348,24.5265
63.5638,24.6047
63.4929,24.6829
63.4219,24.7611
63.351,24.8393
63.3003,24.8952
63.2497,24.951
63.199,25.0069
63.1484,25.0628
63.0977,25.1186
63.0471,25.1745
62.9964,25.2304
62.9376,25.1138
62.8788,24.9972
62.82,24.8806
62.7612,24.764
62.7024,24.6474
62.6518,24.7033
62.6012,24.7591
62.5506,24.815
62.5,24.8709
62.4494,24.9268
62.3988,24.9827
62.3482,25.0385
62.2895,24.9219
62.2307,24.8053
62.172,24.6888
62.1133,24.5722
62.0546,24.4556
61.9838,24.5338
61.913,24.612
61.8422,24.6903
61.7714,24.7685
61.7006,24.8468
61.6501,24.9027
61.5996,24.9586
61.549,25.0145
61.4985,25.0704
61.448,25.1263
61.3974,25.1822
61.3469,25.2381
61.2884,25.1215
61.2299,25.0049
61.1713,24.8883
61.1128,24.7717
61.0543,24.6551
61.0038,24.711
60.9533,24.7669
60.9028,24.8228
60.8524,24.8787
60.8019,24.9346
60.7514,24.9905
60.7009,25.0464
60.6425,24.9299
60.5841,24.8133
60.5257,24.6967
60.4673,24.5801
60.4089,24.4635
60.3383,24.5418
60.2676,24.6201
60.197,24.6984
60.1264,24.7767
60.0558,24.855
60.0205,24.8941
59.9853,24.9333
59.95,24.9724
59.9147,25.0116
59.8795,25.0507
59.8442,25.0899
59.8089,25.129
59.7736,25.1682
59.7384,25.2074
59.7031,25.2465
59.8073,25.3331
59.9114,25.4197
60.0156,25.5063
60.1197,25.5928
60.2239,25.6794
60.328,25.766
60.4322,25.8526
60.3905,25.7693
60.3489,25.6861
60.3073,25.6028
60.2656,25.5195
60.224,25.4362
60.1824,25.353
60.1407,25.2697
60.1116,25.2114
60.0825,25.1531
60.0533,25.0949
60.0242,25.0366
59.9951,24.9783
59.9659,24.92
59.9368,24.8617
59.9077,24.8034
59.8785,24.7452
59.8494,24.6869
59.9535,24.7735
60.0577,24.8601
60.1618,24.9468
60.2659,25.0334
60.3701,25.12
60.4742,25.2066
60.5783,25.2933
60.52,25.1767
60.4616,25.0601
60.4032,24.9435
60.3449,24.827
60.2865,24.7104
60.2512,24.7495
60.2159,24.7887
60.1806,24.8278
60.1454,24.867
60.1101,24.9061
60.0748,24.9453
60.0395,24.9844
60.0042,25.0236
59.9689,25.0627
59.9336,25.1019
60.0378,25.1884
60.1419,25.275
60.2461,25.3616
60.3502,25.4482
60.4544,25.5348
60.5585,25.6213
60.6627,25.7079
60.621,25.6246
60.5793,25.5414
60.5376,25.4581
60.496,25.3748
60.4543,25.2916
60.4126,25.2083
60.3709,25.125
60.3126,25.0084
60.2543,24.8919
60.1959,24.7753
60.1376,24.6587
60.0793,24.5421
60.044,24.5813
60.0087,24.6204
59.9734,24.6596
59.9381,24.6987
59.9029,24.7379
59.8676,24.777
59.8323,24.8162
59.797,24.8553
59.7617,24.8945
59.7265,24.9336
59.8306,25.0203
59.9347,25.1069
60.0389,25.1935
60.143,25.2802
60.2471,25.3668
60.3513,25.4534
60.4554,25.5401
60.3971,25.4235
60.3388,25.3069
60.2804,25.1903
60.2221,25.0738
60.1638,24.9572
60.1285,24.9963
60.0933,25.0355
60.058,25.0746
60.0227,25.1138
59.9874,25.1529
59.9522,25.1921
59.9169,25.2312
59.8816,25.2704
59.8463,25.3095
59.811,25.3487
59.9152,25.4353
60.0193,25.5219
60.1235,25.6084
60.2277,25.695
60.3318,25.7816
60.436,25.8682
60.5401,25.9548
60.4985,25.8715
60.4568,25.7882
60.4152,25.705
60.3735,25.6217
60.3319,25.5384
60.2902,25.4551
60.2486,25.3719
60.2195,25.3136
60.1903,25.2553
60.1612,25.197
60.132,25.1387
60.1029,25.0804
60.0737,25.0221
60.0446,24.9639
60.0155,24.9056
59.9863,24.8473
59.9572,24.789
60.0613,24.8756
60.1654,24.9623
60.2696,25.0489
60.3737,25.1355
60.4778,25.2222
60.582,25.3088
60.6861,25.3954
60.6277,25.2788
60.5693,25.1622
60.511,25.0457
60.4526,24.9291
60.3942,24.8125
60.3438,24.8684
60.2934,24.9243
60.2429,24.9803
60.1925,25.0362
60.1421,25.0921
60.0917,25.148
60.0412,25.204
60.0121,25.1457
59.983,25.0874
59.9539,25.0291
59.9247,24.9708
59.8956,24.9125
59.8665,24.8543
59.8374,24.796
59.8082,24.7377
59.7791,24.6794
59.75,24.6211
59.8541,24.7078
59.9583,24.7944
60.0624,24.881
60.1665,24.9677
60.2707,25.0543
60.3748,25.1409
60.4789,25.2276
60.4206,25.111
60.3622,24.9944
60.3039,24.8778
60.2455,24.7613
60.1872,24.6447
60.1519,24.6838
60.1166,24.723
60.0813,24.7621
60.0461,24.8013
60.0108,24.8404
59.9755,24.8796
59.9402,24.9187
59.9049,24.9579
59.8696,24.997
59.8343,25.0362
59.9385,25.1227
60.0426,25.2093
60.1468,25.2959
60.251,25.3825
60.3551,25.4691
60.4593,25.5557
60.5634,25.6422
60.5217,25.559
60.4801,25.4757
60.4384,25.3924
60.3967,25.3091
60.3551,25.2259
60.3134,25.1426
60.2717,25.0593
60.2426,25.001
60.2134,24.9428
60.1843,24.8845
60.1551,24.8262
60.126,24.7679
60.0968,24.7096
60.0676,24.6513
60.0385,24.5931
60.0093,24.5348
59.9802,24.4765
60.0843,24.5631
60.1884,24.6497
60.2926,24.7364
60.3967,24.823
60.5008,24.9096
60.605,24.9962
60.7091,25.0829
60.6507,24.9663
60.5923,24.8497
60.5339,24.7331
60.4755,24.6165
60.4171,24.5
60.3465,24.5783
60.2759,24.6565
60.2052,24.7348
60.1346,24.8131
60.064,24.8914
60.0288,24.9306
59.9935,24.9697
59.9582,25.0089
59.9229,25.048
59.8877,25.0872
59.8524,25.1263
59.8171,25.1655
59.7819,25.2046
59.7466,25.2438
59.7113,25.2829
59.8155,25.3695
59.9196,25.4561
60.0238,25.5427
60.1279,25.6293
60.2321,25.7158
60.3362,25.8024
60.4404,25.889
60.3988,25.8057
60.3571,25.7225
60.3155,25.6392
60.2739,25.5559
60.2322,25.4727
60.1906,25.3894
60.149,25.3061
60.1198,25.2478
60.0907,25.1896
60.0616,25.1313
60.0324,25.073
60.0033,25.0147
59.9742,24.9564
59.945,24.8981
59.9159,24.8399
59.8868,24.7816
59.8576,24.7233
59.9618,24.8099
60.0659,24.8965
60.17,24.9832
60.2742,25.0698
60.3783,25.1564
60.4824,25.2431
60.5866,25.3297
60.5282,25.2131
60.4698,25.0965
60.4115,24.98
60.3531,24.8634
60.2947,24.7468
60.2594,24.7859
60.2242,24.8251
60.1889,24.8642
60.1536,24.9034
60.1183,24.9425
60.083,24.9817
60.0477,25.0208
60.0124,25.06
59.9771,25.0991
59.9418,25.1383
60.046,25.2249
60.1501,25.3114
60.2543,25.398
60.3584,25.4846
60.4626,25.5712
60.5667,25.6578
60.6709,25.7443
60.6292,25.6611
60.5875,25.5778
60.5459,25.4945
60.5042,25.4112
60.4625,25.328
60.4208,25.2447
60.3792,25.1614
60.3208,25.0448
60.2625,24.9283
60.2042,24.8117
60.1458,24.6951
60.0875,24.5786
60.0522,24.6177
60.0169,24.6569
59.9817,24.696
59.9464,24.7352
59.9111,24.7743
59.8758,24.8135
59.8405,24.8526
59.8053,24.8918
59.77,24.9309
59.7347,24.9701
59.8388,25.0567
59.943,25.1433
60.0471,25.23
60.1512,25.3166
60.2554,25.4032
60.3595,25.4899
60.4636,25.5765
60.4053,25.4599
60.347,25.3433
60.2887,25.2268
60.2304,25.1102
60.1721,24.9936
60.1368,25.0327
60.1015,25.0719
60.0662,25.111
60.031,25.1502
59.9957,25.1893
59.9604,25.2285
59.9251,25.2677
59.8898,25.3068
59.8546,25.346
59.8193,25.3851
59.9234,25.4717
60.0276,25.5583
60.1317,25.6449
60.2359,25.7314
60.3401,25.818
60.4442,25.9046
60.5484,25.9912
60.5067,25.9079
60.4651,25.8246
60.4234,25.7414
60.3818,25.6581
60.3401,25.5748
60.2985,25.4915
60.2568,25.4083
60.2277,25.35
60.1986,25.2917
60.1694,25.2334
60.1403,25.1751
60.1111,25.1168
60.082,25.0586
60.0529,25.0003
60.0237,24.942
59.9946,24.8837
59.9654,24.8254
60.0696,24.912
60.1737,24.9987
60.2778,25.0853
60.382,25.1719
60.4861,25.2586
60.5902,25.3452
60.6944,25.4318
60.636,25.3152
60.5776,25.1987
60.5192,25.0821
60.4608,24.9655
60.4025,24.8489
60.352,24.9048
60.3016,24.9608
60.2512,25.0167
60.2008,25.0726
60.1504,25.1285
60.0999,25.1844
60.0495,25.2404
60.0204,25.1821
59.9913,25.1238
59.9621,25.0655
59.933,25.0072
59.9039,24.949
59.8748,24.8907
59.8456,24.8324
59.8165,24.7741
59.7874,24.7158
59.7583,24.6575
59.8624,24.7442
59.9665,24.8308
60.0707,24.9174
60.1748,25.0041
60.2789,25.0907
60.3831,25.1773
60.4872,25.264
60.4289,25.1474
60.3705,25.0308
60.3122,24.9142
60.2538,24.7977
60.1955,24.6811
60.1602,24.7202
60.1249,24.7594
60.0896,24.7985
60.0543,24.8377
60.019,24.8768
59.9838,24.916
59.9485,24.9551
59.9132,24.9943
59.8779,25.0334
59.8426,25.0726
59.9468,25.1592
60.0509,25.2457
60.1551,25.3323
60.2592,25.4189
60.3634,25.5055
60.4675,25.5921
60.5717,25.6786
60.53,25.5954
60.4884,25.5121
60.4467,25.4288
60.405,25.3456
60.3634,25.2623
60.3217,25.179
60.28,25.0957
60.2509,25.0375
60.2217,24.9792
60.1926,24.9209
60.1634,24.8626
60.1342,24.8043
60.1051,24.746
60.0759,24.6877
60.0468,24.6295
60.0176,24.5712
59.9885,24.5129
60.0926,24.5995
60.1967,24.6861
60.3009,24.7728
60.405,24.8594
60.5091,24.946
60.6133,25.0326
60.7174,25.1193
60.659,25.0027
60.6006,24.8861
60.5422,24.7695
60.4838,24.6529
60.4254,24.5364
60.3548,24.6147
60.2841,24.6929
60.2135,24.7712
60.1429,24.8495
60.0723,24.9278
60.0371,24.967
60.0018,25.0061
59.9665,25.0453
59.9312,25.0844
59.896,25.1236
59.8607,25.1627
59.8254,25.2019
59.7902,25.241
59.7549,25.2802
59.7196,25.3193
59.8238,25.4059
59.9279,25.4925
60.0321,25.5791
60.1362,25.6657
60.2404,25.7523
60.3445,25.8388
60.4487,25.9254
60.4071,25.8421
60.3654,25.7589
60.3238,25.6756
60.2822,25.5923
60.2405,25.5091
60.1989,25.4258
60.1573,25.3425
60.1281,25.2842
60.099,25.226
60.0699,25.1677
60.0407,25.1094
60.0116,25.0511
59.9825,24.9928
59.9533,24.9345
59.9242,24.8763
59.8951,24.818
59.8659,24.7597
59.9701,24.8463
60.0742,24.9329
60.1783,25.0196
60.2825,25.1062
60.3866,25.1928
60.4907,25.2795
60.5949,25.3661
60.5365,25.2495
60.4781,25.1329
60.4198,25.0164
60.3614,24.8998
60.3031,24.7832
60.2678,24.8223
60.2325,24.8615
60.1972,24.9006
60.1619,24.9398
60.1266,24.9789
60.0913,25.0181
60.056,25.0572
60.0207,25.0964
59.9854,25.1355
59.9501,25.1747
60.0543,25.2613
60.1585,25.3478
60.2626,25.4344
60.3668,25.521
60.4709,25.6076
60.5751,25.6942
60.6792,25.7807
60.6375,25.6975
60.5959,25.6142
60.5542,25.5309
60.5125,25.4476
60.4708,25.3644
60.4292,25.2811
60.3875,25.1978
60.3291,25.0812
60.2708,24.9647
60.2125,24.8481
60.1542,24.7315
60.0958,24.6149
60.0605,24.6541
60.0253,24.6932
59.99,24.7324
59.9547,24.7715
59.9194,24.8107
59.8841,24.8498
59.8489,24.889
59.8136,24.9281
59.7783,24.9673
59.743,25.0064
59.8472,25.093
59.9513,25.1796
60.0555,25.2662
60.1596,25.3528
60.2638,25.4394
60.3679,25.5259
60.4721,25.6125
60.4304,25.5293
60.3888,25.446
60.3471,25.3627
60.3055,25.2794
60.2638,25.1962
60.2222,25.1129
60.1805,25.0296
60.1514,24.9713
60.1222,24.9131
60.0931,24.8548
60.0639,24.7965
60.0348,24.7382
60.0056,24.6799
59.9765,24.6216
59.9473,24.5634
59.9182,24.5051
59.889,24.4468
59.9932,24.5334
60.0973,24.6201
60.2014,24.7067
60.3056,24.7933
60.4097,24.8799
60.5138,24.9666
60.618,25.0532
60.5596,24.9366
60.5012,24.82
60.4428,24.7035
60.3844,24.5869
60.326,24.4703
60.2907,24.5094
60.2554,24.5486
60.2201,24.5877
60.1848,24.6269
60.1495,24.666
60.1142,24.7052
60.0789,24.7443
60.0436,24.7835
60.0083,24.8226
59.973,24.8618
60.0772,24.9484
60.1813,25.035
60.2854,25.1217
60.3896,25.2083
60.4937,25.2949
60.5978,25.3815
60.702,25.4682
60.6436,25.3516
60.5852,25.235
60.5268,25.1184
60.4685,25.0018
60.4101,24.8853
60.3597,24.9412
60.3092,24.9971
60.2588,25.053
60.2084,25.1089
60.158,25.1649
60.1076,25.2208
60.0571,25.2767
60.028,25.2184
59.9989,25.1601
59.9698,25.1019
59.9406,25.0436
59.9115,24.9853
59.8824,24.927
59.8533,24.8687
59.8241,24.8105
59.795,24.7522
59.7659,24.6939
59.87,24.7805
59.9742,24.8672
60.0783,24.9538
60.1824,25.0404
60.2866,25.127
60.3907,25.2137
60.4948,25.3003
60.4365,25.1837
60.3781,25.0672
60.3198,24.9506
60.2614,24.834
60.2031,24.7174
60.1678,24.7566
60.1325,24.7957
60.0972,24.8349
60.062,24.874
60.0267,24.9132
59.9914,24.9523
59.9561,24.9915
59.9208,25.0306
59.8855,25.0698
59.8503,25.1089
59.9544,25.1955
60.0586,25.2821
60.1627,25.3687
60.2669,25.4552
60.371,25.5418
60.4752,25.6284
60.5793,25.715
60.5377,25.6317
60.496,25.5484
60.4543,25.4652
60.4127,25.3819
60.371,25.2986
60.3293,25.2153
60.2877,25.1321
60.2585,25.0738
60.2294,25.0155
60.2002,24.9572
60.171,24.8989
60.1419,24.8406
60.1127,24.7824
60.0836,24.7241
60.0544,24.6658
60.0253,24.6075
59.9961,24.5492
60.1002,24.6358
60.2044,24.7225
60.3085,24.8091
60.4126,24.8957
60.5168,24.9824
60.6209,25.069
60.725,25.1556
60.6666,25.039
60.6082,24.9224
60.5498,24.8059
60.4914,24.6893
60.433,24.5727
60.3624,24.651
60.2918,24.7293
60.2212,24.8076
60.1506,24.8859
60.08,24.9641
60.0447,25.0033
60.0094,25.0425
59.9742,25.0816
59.9389,25.1208
59.9036,25.1599
59.8683,25.1991
59.8331,25.2382
59.7978,25.2774
59.7625,25.3165
59.7273,25.3557
59.8314,25.4422
59.9356,25.5288
60.0397,25.6154
60.1439,25.702
60.248,25.7886
60.3522,25.8752
60.4563,25.9618
60.4147,25.8785
60.3731,25.7952
60.3314,25.7119
60.2898,25.6287
60.2482,25.5454
60.2065,25.4621
60.1649,25.3789
60.1358,25.3206
60.1066,25.2623
60.0775,25.204
60.0484,25.1457
60.0193,25.0874
59.9901,25.0292
59.961,24.9709
59.9319,24.9126
59.9027,24.8543
59.8736,24.796
59.9777,24.8826
60.0819,24.9693
60.186,25.0559
60.2901,25.1425
60.3943,25.2292
60.4984,25.3158
60.6025,25.4024
60.5442,25.2859
60.4858,25.1693
60.4274,25.0527
60.3691,24.9361
60.3107,24.8195
60.2754,24.8587
60.2401,24.8978
60.2048,24.937
60.1696,24.9761
60.1343,25.0153
60.099,25.0544
60.0637,25.0936
60.0284,25.1327
59.9931,25.1719
59.9578,25.211
60.062,25.2976
60.1661,25.3842
60.2703,25.4707
60.3744,25.5573
60.4786,25.6439
60.5827,25.7305
60.6869,25.8171
60.6452,25.7338
60.6035,25.6505
60.5619,25.5672
60.5202,25.484
60.4785,25.4007
60.4368,25.3174
60.3952,25.2341
60.3368,25.1176
60.2785,25.001
60.2202,24.8844
60.1618,24.7678
60.1035,24.6513
60.0682,24.6904
60.033,24.7296
59.9977,24.7687
59.9624,24.8079
59.9271,24.847
59.8918,24.8862
59.8566,24.9253
59.8213,24.9645
59.786,25.0036
59.7507,25.0428
59.8549,25.1294
59.959,25.2159
60.0632,25.3025
60.1673,25.3891
60.2715,25.4757
60.3756,25.5623
60.4798,25.6489
60.4381,25.5656
60.3965,25.4823
60.3548,25.399
60.3132,25.3158
60.2715,25.2325
60.2299,25.1492
60.1882,25.066
60.1591,25.0077
60.1299,24.9494
60.1008,24.8911
60.0716,24.8328
60.0425,24.7745
60.0133,24.7163
59.9842,24.658
59.955,24.5997
59.9259,24.5414
59.8967,24.4831
60.0009,24.5697
60.105,24.6564
60.2091,24.743
60.3133,24.8296
60.4174,24.9163
60.5215,25.0029
60.6257,25.0895
60.5673,24.9729
60.5089,24.8564
60.4505,24.7398
60.3921,24.6232
60.3337,24.5066
60.2984,24.5458
60.2631,24.5849
60.2278,24.6241
60.1925,24.6632
60.1572,24.7024
60.1219,24.7415
60.0866,24.7806
60.0513,24.8198
60.016,24.8589
59.9807,24.8981
60.0849,24.9847
60.189,25.0713
60.2931,25.158
60.3973,25.2446
60.5014,25.3312
60.6055,25.4179
60.7097,25.5045
60.6513,25.3879
60.5929,25.2713
60.5345,25.1547
60.4762,25.0382
60.4178,24.9216
60.3674,24.9775
60.3169,25.0334
60.2665,25.0893
60.2161,25.1453
60.1657,25.2012
60.1153,25.2571
60.0648,25.313
60.0357,25.2547
60.0066,25.1965
59.9775,25.1382
59.9483,25.0799
59.9192,25.0216
59.8901,24.9633
59.861,24.9051
59.8319,24.8468
59.8027,24.7885
59.7736,24.7302
59.8777,24.8168
59.9819,24.9035
60.086,24.9901
60.1901,25.0767
60.2943,25.1634
60.3984,25.25
60.5025,25.3366
60.4442,25.2201
60.3859,25.1035
60.3275,24.9869
60.2692,24.8703
60.2108,24.7537
60.1755,24.7929
60.1403,24.832
60.105,24.8712
60.0697,24.9103
60.0344,24.9495
59.9991,24.9886
59.9638,25.0278
59.9285,25.0669
59.8933,25.1061
59.858,25.1452
59.9621,25.2318
60.0663,25.3184
60.1704,25.405
60.2746,25.4916
60.3787,25.5781
60.4829,25.6647
60.587,25.7513
60.5454,25.668
60.5037,25.5848
60.4621,25.5015
60.4204,25.4182
60.3787,25.3349
60.3371,25.2517
60.2954,25.1684
60.2371,25.0518
60.1788,24.9352
60.1205,24.8187
60.0621,24.7021
60.0038,24.5855
59.9686,24.6247
59.9333,24.6638
59.898,24.703
59.8627,24.7421
59.8275,24.7813
59.7922,24.8204
59.7569,24.8596
59.7216,24.8987
59.6864,24.9379
59.6511,24.977
59.7552,25.0637
59.8594,25.1503
59.9635,25.237
60.0676,25.3236
60.1718,25.4102
60.2759,25.4969
60.38,25.5835
60.3384,25.5002
60.2968,25.417
60.2551,25.3337
60.2135,25.2504
60.1718,25.1672
60.1302,25.0839
60.0886,25.0006
60.0594,24.9423
60.0303,24.884
60.0011,24.8258
59.972,24.7675
59.9429,24.7092
59.9137,24.6509
59.8846,24.5926
59.8554,24.5344
59.8263,24.4761
59.7972,24.4178
59.9013,24.5044
60.0054,24.5911
60.1096,24.6777
60.2137,24.7643
60.3178,24.8509
60.422,24.9376
60.5261,25.0242
60.4677,24.9076
60.4093,24.791
60.351,24.6745
60.2926,24.5579
60.2342,24.4413
60.1989,24.4805
60.1636,24.5196
60.1284,24.5588
60.0931,24.5979
60.0578,24.6371
60.0225,24.6762
59.9872,24.7153
59.9519,24.7545
59.9166,24.7936
59.8813,24.8328
59.9854,24.9194
60.0896,25.0061
60.1937,25.0927
60.2978,25.1793
60.402,25.2659
60.5061,25.3526
60.6102,25.4392
60.5519,25.3226
60.4935,25.206
60.4352,25.0895
60.3768,24.9729
60.3184,24.8563
60.2831,24.8954
60.2479,24.9346
60.2126,24.9737
60.1773,25.0129
60.142,25.052
60.1067,25.0912
60.0714,25.1303
60.0361,25.1695
60.0008,25.2086
59.9655,25.2478
60.0697,25.3344
60.1738,25.4209
60.278,25.5075
60.3822,25.5941
60.4863,25.6807
60.5905,25.7673
60.6946,25.8538
60.6529,25.7706
60.6113,25.6873
60.5696,25.604
60.5279,25.5207
60.4862,25.4375
60.4446,25.3542
60.4029,25.2709
60.3446,25.1543
60.2862,25.0378
60.2279,24.9212
60.1696,24.8046
60.1112,24.688
60.076,24.7272
60.0407,24.7663
60.0054,24.8055
59.9701,24.8446
59.9348,24.8838
59.8996,24.9229
59.8643,24.9621
59.829,25.0012
59.7937,25.0404
59.7585,25.0795
59.8626,25.1661
59.9668,25.2527
60.0709,25.3393
60.1751,25.4259
60.2792,25.5125
60.3834,25.599
60.4875,25.6856
60.4459,25.6023
60.4042,25.5191
60.3626,25.4358
60.3209,25.3525
60.2793,25.2693
60.2376,25.186
60.196,25.1027
60.1668,25.0444
60.1377,24.9862
60.1085,24.9279
60.0794,24.8696
60.0502,24.8113
60.0211,24.753
59.9919,24.6947
59.9628,24.6365
59.9336,24.5782
59.9045,24.5199
60.0086,24.6065
60.1127,24.6931
60.2169,24.7798
60.321,24.8664
60.4251,24.953
60.5293,25.0397
60.6334,25.1263
60.575,25.0097
60.5166,24.8931
60.4582,24.7765
60.3999,24.66
60.3415,24.5434
60.3062,24.5825
60.2709,24.6217
60.2356,24.6608
60.2003,24.7
60.165,24.7391
60.1297,24.7783
60.0944,24.8174
60.0591,24.8566
60.0238,24.8957
59.9885,24.9348
60.0926,25.0215
60.1968,25.1081
60.3009,25.1947
60.405,25.2814
60.5092,25.368
60.6133,25.4546
60.7174,25.5413
60.659,25.4247
60.6007,25.3081
60.5423,25.1915
60.4839,25.0749
60.4256,24.9583
60.3751,25.0143
60.3247,25.0702
60.2743,25.1261
60.2239,25.182
60.1734,25.2379
60.123,25.2939
60.0726,25.3498
60.0435,25.2915
60.0144,25.2332
59.9852,25.1749
59.9561,25.1167
59.927,25.0584
59.8979,25.0001
59.8687,24.9418
59.8396,24.8835
59.8105,24.8252
59.7814,24.767
59.8855,24.8536
59.9896,24.9402
60.0938,25.0269
60.1979,25.1135
60.302,25.2001
60.4062,25.2868
60.5103,25.3734
60.452,25.2568
60.3936,25.1402
60.3353,25.0237
60.2769,24.9071
60.2186,24.7905
60.1833,24.8296
60.148,24.8688
60.1127,24.9079
60.0775,24.9471
60.0422,24.9862
60.0069,25.0254
59.9716,25.0645
59.9363,25.1037
59.901,25.1428
59.8658,25.182
59.9699,25.2686
60.0741,25.3551
60.1782,25.4417
60.2824,25.5283
60.3865,25.6149
60.4907,25.7015
60.5948,25.7881
60.5532,25.7048
60.5115,25.6215
60.4698,25.5382
60.4282,25.455
60.3865,25.3717
60.3448,25.2884
60.3032,25.2051
60.2449,25.0886
60.1866,24.972
60.1282,24.8554
60.0699,24.7389
60.0116,24.6223
59.9764,24.6614
59.9411,24.7006
59.9058,24.7397
59.8705,24.7789
59.8353,24.818
59.8,24.8572
59.7647,24.8963
59.7294,24.9355
59.6942,24.9747
59.6589,25.0138
59.763,25.1004
59.8672,25.187
59.9713,25.2736
60.0755,25.3601
60.1797,25.4467
60.2838,25.5333
60.388,25.6199
60.3463,25.5366
60.3047,25.4534
60.263,25.3701
60.2214,25.2868
60.1798,25.2035
60.1381,25.1203
60.0965,25.037
60.0673,24.9787
60.0382,24.9204
60.0091,24.8622
59.9799,24.8039
59.9508,24.7456
59.9217,24.6873
59.8925,24.629
59.8634,24.5707
59.8342,24.5125
59.8051,24.4542
59.9092,24.5408
60.0134,24.6274
60.1175,24.7141
60.2216,24.8007
60.3258,24.8873
60.4299,24.974
60.534,25.0606
60.4757,24.944
60.4173,24.8274
60.3589,24.7109
60.3005,24.5943
60.2422,24.4777
60.2069,24.5169
60.1716,24.556
60.1363,24.5951
60.101,24.6343
60.0657,24.6734
60.0304,24.7126
59.9951,24.7517
59.9598,24.7909
59.9245,24.83
59.8892,24.8692
59.9934,24.9558
60.0975,25.0424
60.2016,25.1291
60.3058,25.2157
60.4099,25.3023
60.514,25.389
60.6182,25.4756
60.5598,25.359
60.5015,25.2424
60.4431,25.1259
60.3847,25.0093
60.3264,24.8927
60.2911,24.9318
60.2558,24.971
60.2205,25.0101
60.1852,25.0493
60.1499,25.0884
60.1146,25.1276
60.0794,25.1667
60.0441,25.2059
60.0088,25.245
59.9735,25.2842
60.0776,25.3707
60.1818,25.4573
60.2859,25.5439
60.3901,25.6305
60.4943,25.7171
60.5984,25.8036
60.7026,25.8902
60.6609,25.807
60.6192,25.7237
60.5775,25.6404
60.5359,25.5571
60.4942,25.4739
60.4525,25.3906
60.4108,25.3073
60.3525,25.1907
60.2942,25.0741
60.2359,24.9576
60.1775,24.841
60.1192,24.7244
60.0839,24.7636
60.0486,24.8027
60.0134,24.8419
59.9781,24.881
59.9428,24.9202
59.9075,24.9593
59.8723,24.9985
59.837,25.0376
59.8017,25.0768
59.7664,25.1159
59.8706,25.2025
59.9747,25.2891
60.0789,25.3757
60.183,25.4623
60.2872,25.5488
60.3913,25.6354
60.4955,25.722
60.4538,25.6387
60.4122,25.5555
60.3705,25.4722
60.3289,25.3889
60.2872,25.3056
60.2456,25.2224
60.2039,25.1391
60.1748,25.0808
60.1456,25.0225
60.1165,24.9643
60.0873,24.906
60.0582,24.8477
60.029,24.7894
59.9999,24.7311
59.9708,24.6728
59.9416,24.6145
59.9125,24.5563
60.0166,24.6429
60.1207,24.7295
60.2249,24.8162
60.329,24.9028
60.4331,24.9894
60.5373,25.076
60.6414,25.1627
60.583,25.0461
60.5246,24.9295
60.4662,24.8129
60.4078,24.6963
60.3495,24.5798
60.3142,24.6189
60.2789,24.6581
60.2436,24.6972
60.2083,24.7363
60.173,24.7755
60.1377,24.8146
60.1024,24.8538
60.0671,24.8929
60.0318,24.9321
59.9965,24.9712
60.1006,25.0579
60.2047,25.1445
60.3089,25.2311
60.413,25.3177
60.5171,25.4044
60.6213,25.491
60.7254,25.5776
60.667,25.4611
60.6087,25.3445
60.5503,25.2279
60.4919,25.1113
60.4335,24.9947
60.3831,25.0506
60.3327,25.1066
60.2823,25.1625
60.2319,25.2184
60.1814,25.2743
60.131,25.3302
60.0806,25.3862
60.0515,25.3279
60.0223,25.2696
59.9932,25.2113
59.9641,25.153
59.935,25.0948
59.9059,25.0365
59.8767,24.9782
59.8476,24.9199
59.8185,24.8616
59.7894,24.8033
59.8935,24.89
59.9976,24.9766
60.1018,25.0632
60.2059,25.1499
60.31,25.2365
60.4142,25.3231
60.5183,25.4098
60.46,25.2932
60.4016,25.1766
60.3433,25.06
60.2849,24.9435
60.2266,24.8269
60.1913,24.866
60.156,24.9052
60.1207,24.9443
60.0855,24.9835
60.0502,25.0226
60.0149,25.0618
59.9796,25.1009
59.9443,25.1401
59.909,25.1792
59.8738,25.2184
59.9779,25.3049
60.0821,25.3915
60.1862,25.4781
60.2904,25.5647
60.3945,25.6513
60.4987,25.7379
60.6028,25.8244
60.5612,25.7412
60.5195,25.6579
60.4778,25.5746
60.4362,25.4913
60.3945,25.4081
60.3528,25.3248
60.3112,25.2415
60.2529,25.1249
60.1946,25.0084
60.1363,24.8918
60.0779,24.7752
60.0196,24.6587
59.9844,24.6978
59.9491,24.737
59.9138,24.7761
59.8785,24.8153
59.8433,24.8544
59.808,24.8936
59.7727,24.9327
59.7375,24.9719
59.7022,25.011
59.6669,25.0502
59.7711,25.1368
59.8752,25.2233
59.9794,25.3099
60.0835,25.3965
60.1877,25.4831
60.2918,25.5697
60.396,25.6563
60.3543,25.573
60.3127,25.4897
60.2711,25.4065
60.2294,25.3232
60.1878,25.2399
60.1461,25.1566
60.1045,25.0734
60.0754,25.0151
60.0462,24.9568
60.0171,24.8985
59.9879,24.8403
59.9588,24.782
59.9297,24.7237
59.9005,24.6654
59.8714,24.6071
59.8423,24.5488
59.8131,24.4906
59.9173,24.5772
60.0214,24.6638
60.1255,24.7504
60.2297,24.8371
60.3338,24.9237
60.4379,25.0103
60.5421,25.097
60.4837,24.9804
60.4253,24.8638
60.3669,24.7472
60.3086,24.6307
60.2502,24.5141
60.2149,24.5532
60.1796,24.5924
60.1443,24.6315
60.109,24.6707
60.0737,24.7098
60.0384,24.749
60.0032,24.7881
59.9679,24.8273
59.9326,24.8664
59.8973,24.9055
60.0014,24.9922
60.1055,25.0788
60.2097,25.1654
60.3138,25.2521
60.4179,25.3387
60.5221,25.4253
60.6262,25.512
60.5679,25.3954
60.5095,25.2788
60.4511,25.1622
60.3928,25.0456
60.3344,24.9291
60.2991,24.9682
60.2638,25.0074
60.2286,25.0465
60.1933,25.0856
60.158,25.1248
60.1227,25.1639
60.0874,25.2031
60.0521,25.2422
60.0168,25.2814
59.9815,25.3205
60.0857,25.4071
60.1898,25.4937
60.294,25.5803
60.3981,25.6669
60.5023,25.7534
60.6064,25.84
60.7106,25.9266
60.6689,25.8433
60.6273,25.76
60.5856,25.6768
60.5439,25.5935
60.5022,25.5102
60.4606,25.4269
60.4189,25.3437
60.3606,25.2271
60.3022,25.1105
60.2439,24.9939
60.1856,24.8774
60.1273,24.7608
60.092,24.7999
60.0567,24.8391
60.0214,24.8782
59.9861,24.9174
59.9509,24.9565
59.9156,24.9957
59.8803,25.0348
59.845,25.074
59.8097,25.1131
59.7745,25.1523
59.8786,25.2389
59.9828,25.3255
60.0869,25.412
60.1911,25.4986
60.2952,25.5852
60.3994,25.6718
60.5035,25.7584
60.4619,25.6751
60.4202,25.5918
60.3786,25.5086
60.3369,25.4253
60.2953,25.342
60.2536,25.2587
60.212,25.1755
60.1828,25.1172
60.1537,25.0589
60.1245,25.0006
60.0954,24.9423
60.0663,24.884
60.0371,24.8258
60.008,24.7675
59.9788,24.7092
59.9497,24.6509
59.9205,24.5926
60.0247,24.6793
60.1288,24.7659
60.2329,24.8525
60.3371,24.9391
60.4412,25.0258
60.5453,25.1124
60.6494,25.199
60.5911,25.0824
60.5327,24.9659
60.4743,24.8493
60.4159,24.7327
60.3575,24.6161
60.3071,24.672
60.2567,24.728
60.2062,24.7839
60.1558,24.8398
60.1054,24.8957
60.055,24.9517
60.0045,25.0076
59.9754,24.9493
59.9463,24.891
59.9172,24.8327
59.888,24.7745
59.8589,24.7162
59.8298,24.6579
59.8006,24.5996
59.7715,24.5413
59.7424,24.4831
59.7133,24.4248
59.8174,24.5114
59.9215,24.598
60.0257,24.6847
60.1298,24.7713
60.2339,24.8579
60.3381,24.9446
60.4422,25.0312
60.3838,24.9146
60.3255,24.798
60.2671,24.6815
60.2088,24.5649
60.1504,24.4483
60.1151,24.4875
60.0799,24.5266
60.0446,24.5658
60.0093,24.6049
59.974,24.6441
59.9387,24.6832
59.9034,24.7224
59.8681,24.7615
59.8328,24.8007
59.7976,24.8398
59.9017,24.9264
60.0058,25.0131
60.11,25.0997
60.2141,25.1863
60.3182,25.273
60.4224,25.3596
60.5265,25.4462
60.4681,25.3296
60.4098,25.2131
60.3515,25.0965
60.2931,24.9799
60.2348,24.8633
60.1995,24.9025
60.1642,24.9416
60.1289,24.9808
60.0936,25.0199
60.0584,25.0591
60.0231,25.0982
59.9878,25.1374
59.9525,25.1765
59.9172,25.2157
59.8819,25.2548
59.9861,25.3414
60.0903,25.428
60.1944,25.5146
60.2986,25.6011
60.4027,25.6877
60.5069,25.7743
60.611,25.8609
60.5694,25.7776
60.5277,25.6943
60.486,25.6111
60.4444,25.5278
60.4027,25.4445
60.361,25.3612
60.3194,25.278
60.2611,25.1614
60.2028,25.0448
60.1445,24.9283
60.0861,24.8117
60.0278,24.6951
59.9926,24.7343
59.9573,24.7734
59.922,24.8126
59.8867,24.8517
59.8515,24.8909
59.8162,24.93
59.7809,24.9692
59.7457,25.0083
59.7104,25.0475
59.6751,25.0866
59.7793,25.1732
59.8834,25.2598
59.9876,25.3464
60.0917,25.433
60.1959,25.5195
60.3,25.6061
60.4042,25.6927
60.3625,25.6094
60.3209,25.5262
60.2793,25.4429
60.2376,25.3596
60.196,25.2764
60.1543,25.1931
60.1127,25.1098
60.0836,25.0515
60.0544,24.9933
60.0253,24.935
59.9962,24.8767
59.967,24.8184
59.9379,24.7601
59.9087,24.7019
59.8796,24.6436
59.8505,24.5853
59.8213,24.527
59.9255,24.6136
60.0296,24.7003
60.1337,24.7869
60.2379,24.8735
60.342,24.9602
60.4461,25.0468
60.5503,25.1334
60.4919,25.0168
60.4335,24.9003
60.3752,24.7837
60.3168,24.6671
60.2584,24.5505
60.2231,24.5897
60.1878,24.6288
60.1525,24.668
60.1173,24.7071
60.082,24.7463
60.0467,24.7854
60.0114,24.8246
59.9761,24.8637
59.9408,24.9028
59.9055,24.942
60.0096,25.0286
60.1138,25.1153
60.2179,25.2019
60.322,25.2885
60.4262,25.3752
60.5303,25.4618
60.6344,25.5484
60.5761,25.4318
60.5177,25.3152
60.4594,25.1987
60.401,25.0821
60.3426,24.9655
60.3074,25.0046
60.2721,25.0438
60.2368,25.0829
60.2015,25.1221
60.1662,25.1612
60.1309,25.2004
60.0956,25.2395
60.0603,25.2787
60.025,25.3178
59.9898,25.357
60.0939,25.4436
60.1981,25.5301
60.3022,25.6167
60.4064,25.7033
60.5105,25.7899
60.6147,25.8765
60.7188,25.963
60.6772,25.8798
60.6355,25.7965
60.5938,25.7132
60.5521,25.6299
60.5105,25.5467
60.4688,25.4634
60.4271,25.3801
60.3688,25.2635
60.3105,25.147
60.2521,25.0304
60.1938,24.9138
60.1355,24.7972
60.1002,24.8364
60.0649,24.8755
60.0297,24.9147
59.9944,24.9538
59.9591,24.993
59.9238,25.0321
59.8885,25.0713
59.8533,25.1104
59.818,25.1496
59.7827,25.1887
59.8869,25.2753
59.991,25.3619
60.0952,25.4485
60.1993,25.5351
60.3035,25.6216
60.4076,25.7082
60.5118,25.7948
60.4701,25.7115
60.4285,25.6283
60.3868,25.545
60.3452,25.4617
60.3035,25.3785
60.2619,25.2952
60.2202,25.2119
60.1911,25.1536
60.1619,25.0953
60.1328,25.0371
60.1036,24.9788
60.0745,24.9205
60.0454,24.8622
60.0162,24.8039
59.9871,24.7456
59.9579,24.6873
59.9288,24.6291
60.0329,24.7157
60.137,24.8023
60.2412,24.8889
60.3453,24.9756
60.4494,25.0622
60.5536,25.1488
60.6577,25.2355
60.5993,25.1189
60.5409,25.0023
60.4825,24.8857
60.4242,24.7691
60.3658,24.6526
60.3154,24.7085
60.2649,24.7644
60.2145,24.8203
60.1641,24.8763
60.1137,24.9322
60.0632,24.9881
60.0128,25.044
59.9837,24.9857
59.9545,24.9275
59.9254,24.8692
59.8963,24.8109
59.8672,24.7526
59.838,24.6943
59.8089,24.6361
59.7798,24.5778
59.7507,24.5195
59.7215,24.4612
59.8257,24.5478
59.9298,24.6345
60.0339,24.7211
60.1381,24.8077
60.2422,24.8944
60.3463,24.981
60.4505,25.0676
60.3921,24.951
60.3338,24.8345
60.2754,24.7179
60.217,24.6013
60.1587,24.4847
60.1234,24.5239
60.0881,24.563
60.0528,24.6022
60.0175,24.6413
59.9823,24.6805
59.947,24.7196
59.9117,24.7588
59.8764,24.7979
59.8411,24.8371
59.8058,24.8762
59.91,24.9629
60.0141,25.0495
60.1182,25.1361
60.2224,25.2228
60.3265,25.3094
60.4306,25.396
60.5348,25.4827
60.4764,25.3661
60.4181,25.2495
60.3597,25.1329
60.3014,25.0163
60.2431,24.8998
60.2078,24.9389
60.1725,24.9781
60.1372,25.0172
60.1019,25.0564
60.0666,25.0955
60.0314,25.1347
59.9961,25.1738
59.9608,25.213
59.9255,25.2521
59.8902,25.2912
59.9944,25.3778
60.0985,25.4644
60.2027,25.551
60.3068,25.6376
60.411,25.7242
60.5151,25.8107
60.6193,25.8973
60.5776,25.8141
60.536,25.7308
60.4943,25.6475
60.4526,25.5642
60.411,25.481
60.3693,25.3977
60.3277,25.3144
60.2694,25.1978
60.211,25.0813
60.1527,24.9647
60.0944,24.8481
60.0361,24.7315
60.0009,24.7707
59.9656,24.8098
59.9303,24.849
59.895,24.8881
59.8598,24.9273
59.8245,24.9665
59.7892,25.0056
59.7539,25.0448
59.7187,25.0839
59.6834,25.1231
59.7875,25.2096
59.8917,25.2962
59.9959,25.3828
60.1,25.4694
60.2042,25.556
60.3083,25.6426
60.4125,25.7291
60.3708,25.6459
60.3292,25.5626
60.2876,25.4793
60.2459,25.3961
60.2043,25.3128
60.1626,25.2295
60.121,25.1463
60.0919,25.088
60.0627,25.0297
60.0336,24.9714
60.0045,24.9131
59.9753,24.8548
59.9462,24.7966
59.917,24.7383
59.8879,24.68
59.8588,24.6217
59.8296,24.5634
59.9338,24.6501
60.0379,24.7367
60.142,24.8233
60.2462,24.9099
60.3503,24.9966
60.4544,25.0832
60.5586,25.1698
60.5002,25.0533
60.4418,24.9367
60.3835,24.8201
60.3251,24.7035
60.2667,24.5869
60.2314,24.6261
60.1961,24.6652
60.1608,24.7044
60.1256,24.7435
60.0903,24.7827
60.055,24.8218
60.0197,24.861
59.9844,24.9001
59.9491,24.9393
59.9138,24.9784
60.0179,25.0651
60.1221,25.1517
60.2262,25.2383
60.3303,25.3249
60.4345,25.4116
60.5386,25.4982
60.6427,25.5848
60.6011,25.5016
60.5594,25.4183
60.5177,25.335
60.476,25.2517
60.4343,25.1685
60.3926,25.0852
60.351,25.0019
60.2926,24.8854
60.2343,24.7688
60.176,24.6522
60.1176,24.5356
60.0593,24.4191
60.024,24.4582
59.9887,24.4974
59.9534,24.5365
59.9182,24.5757
59.8829,24.6148
59.8476,24.654
59.8123,24.6931
59.777,24.7323
59.7417,24.7714
59.7065,24.8106
59.8106,24.8972
59.9147,24.9838
60.0189,25.0705
60.123,25.1571
60.2271,25.2437
60.3313,25.3304
60.4354,25.417
60.3771,25.3004
60.3188,25.1838
60.2604,25.0673
60.2021,24.9507
60.1438,24.8341
60.1085,24.8733
60.0732,24.9124
60.038,24.9516
60.0027,24.9907
59.9674,25.0299
59.9321,25.069
59.8968,25.1082
59.8616,25.1473
59.8263,25.1865
59.791,25.2256
59.8952,25.3122
59.9993,25.3988
60.1035,25.4854
60.2076,25.5719
60.3118,25.6585
60.4159,25.7451
60.5201,25.8317
60.4784,25.7484
60.4368,25.6652
60.3951,25.5819
60.3535,25.4986
60.3118,25.4153
60.2702,25.3321
60.2285,25.2488
60.1994,25.1905
60.1702,25.1322
60.1411,25.0739
60.1119,25.0157
60.0828,24.9574
60.0537,24.8991
60.0245,24.8408
59.9954,24.7825
59.9662,24.7242
59.9371,24.6659
60.0412,24.7526
60.1453,24.8392
60.2495,24.9258
60.3536,25.0125
60.4577,25.0991
60.5619,25.1857
60.666,25.2723
60.6076,25.1558
60.5492,25.0392
60.4909,24.9226
60.4325,24.806
60.3741,24.6894
60.3237,24.7454
60.2732,24.8013
60.2228,24.8572
60.1724,24.9131
60.122,24.9691
60.0715,25.025
60.0211,25.0809
59.992,25.0226
59.9629,24.9643
59.9337,24.9061
59.9046,24.8478
59.8755,24.7895
59.8464,24.7312
59.8172,24.6729
59.7881,24.6146
59.759,24.5564
59.7298,24.4981
59.834,24.5847
59.9381,24.6713
60.0422,24.758
60.1464,24.8446
60.2505,24.9312
60.3546,25.0179
60.4588,25.1045
60.4004,24.9879
60.3421,24.8714
60.2837,24.7548
60.2254,24.6382
60.167,24.5216
60.1317,24.5608
60.0964,24.5999
60.0612,24.6391
60.0259,24.6782
59.9906,24.7174
59.9553,24.7565
59.92,24.7957
59.8847,24.8348
59.8494,24.874
59.8142,24.9131
59.9183,24.9997
60.0224,25.0864
60.1266,25.173
60.2307,25.2596
60.3348,25.3463
60.439,25.4329
60.5431,25.5195
60.4847,25.403
60.4264,25.2864
60.3681,25.1698
60.3097,25.0532
60.2514,24.9366
60.2161,24.9758
60.1808,25.0149
60.1455,25.0541
60.1103,25.0932
60.075,25.1324
60.0397,25.1715
60.0044,25.2107
59.9691,25.2498
59.9338,25.289
59.8986,25.3281
60.0027,25.4147
60.1069,25.5013
60.211,25.5879
60.3152,25.6745
60.4193,25.761
60.5235,25.8476
60.6276,25.9342
60.586,25.8509
60.5443,25.7677
60.5026,25.6844
60.461,25.6011
60.4193,25.5178
60.3777,25.4346
60.336,25.3513
60.2777,25.2347
60.2194,25.1181
60.1611,25.0016
60.1028,24.885
60.0445,24.7684
60.0092,24.8076
59.9739,24.8467
59.9387,24.8859
59.9034,24.925
59.8681,24.9642
59.8328,25.0033
59.7976,25.0425
59.7623,25.0816
59.727,25.1208
59.6917,25.1599
59.7959,25.2465
59.9,25.3331
60.0042,25.4197
60.1084,25.5063
60.2125,25.5928
60.3167,25.6794
60.4208,25.766
60.3792,25.6827
60.3375,25.5995
60.2959,25.5162
60.2543,25.4329
60.2126,25.3497
60.171,25.2664
60.1294,25.1831
60.1002,25.1248
60.0711,25.0666
60.0419,25.0083
60.0128,24.95
59.9837,24.8917
59.9545,24.8334
59.9254,24.7751
59.8963,24.7169
59.8671,24.6586
59.838,24.6003
59.9421,24.6869
60.0463,24.7736
60.1504,24.8602
60.2545,24.9468
60.3587,25.0334
60.4628,25.1201
60.5669,25.2067
60.5086,25.0901
60.4502,24.9735
60.3918,24.857
60.3335,24.7404
60.2751,24.6238
60.2398,24.663
60.2045,24.7021
60.1692,24.7413
60.1339,24.7804
60.0986,24.8195
60.0633,24.8587
60.028,24.8978
59.9928,24.937
59.9575,24.9761
59.9222,25.0153
60.0263,25.1019
60.1305,25.1884
60.2346,25.275
60.3388,25.3616
60.4429,25.4482
60.5471,25.5348
60.6512,25.6213
60.6096,25.5381
60.5679,25.4548
60.5262,25.3715
60.4845,25.2883
60.4428,25.205
60.4011,25.1217
60.3595,25.0384
60.3011,24.9219
60.2428,24.8053
60.1845,24.6887
60.1261,24.5721
60.0678,24.4556
60.0325,24.4947
59.9972,24.5339
59.9619,24.573
59.9267,24.6122
59.8914,24.6513
59.8561,24.6905
59.8208,24.7296
59.7855,24.7688
59.7503,24.8079
59.715,24.8471
59.8191,24.9337
59.9232,25.0203
60.0274,25.107
60.1315,25.1936
60.2356,25.2802
60.3398,25.3669
60.4439,25.4535
60.3856,25.3369
60.3273,25.2204
60.2689,25.1038
60.2106,24.9872
60.1523,24.8706
60.117,24.9098
60.0817,24.9489
60.0465,24.9881
60.0112,25.0272
59.9759,25.0664
59.9406,25.1055
59.9054,25.1447
59.8701,25.1838
59.8348,25.223
59.7995,25.2621
59.9037,25.3487
60.0078,25.4353
60.112,25.5219
60.2161,25.6085
60.3203,25.695
60.4244,25.7816
60.5286,25.8682
60.4869,25.7849
60.4453,25.7017
60.4036,25.6184
60.362,25.5351
60.3203,25.4518
60.2787,25.3686
60.2371,25.2853
60.2079,25.227
60.1788,25.1687
60.1496,25.1104
60.1205,25.0522
60.0913,24.9939
60.0622,24.9356
60.033,24.8773
60.0039,24.819
59.9748,24.7607
59.9456,24.7024
60.0497,24.7891
60.1539,24.8757
60.258,24.9623
60.3621,25.049
60.4663,25.1356
60.5704,25.2222
60.6745,25.3088
60.6162,25.1923
60.5578,25.0757
60.4994,24.9591
60.441,24.8425
60.3826,24.7259
60.3322,24.7819
60.2818,24.8378
60.2313,24.8937
60.1809,24.9496
60.1305,25.0056
60.0801,25.0615
60.0297,25.1174
60.0005,25.0591
59.9714,25.0008
59.9423,24.9426
59.9131,24.8843
59.884,24.826
59.8549,24.7677
59.8258,24.7094
59.7966,24.6511
59.7675,24.5929
59.7384,24.5346
59.8425,24.6212
59.9466,24.7078
60.0508,24.7945
60.1549,24.8811
60.259,24.9677
60.3632,25.0544
60.4673,25.141
60.409,25.0244
60.3506,24.9078
60.2923,24.7913
60.2339,24.6747
60.1756,24.5581
60.1403,24.5973
60.105,24.6364
60.0697,24.6756
60.0344,24.7147
59.9991,24.7539
59.9638,24.793
59.9286,24.8322
59.8933,24.8713
59.858,24.9105
59.8227,24.9496
59.9268,25.0362
60.031,25.1229
60.1351,25.2095
60.2392,25.2961
60.3434,25.3828
60.4475,25.4694
60.5516,25.556
60.4933,25.4395
60.435,25.3229
60.3766,25.2063
60.3183,25.0897
60.2599,24.9731
60.2247,25.0123
60.1894,25.0514
60.1541,25.0906
60.1188,25.1297
60.0835,25.1689
60.0482,25.208
60.013,25.2472
59.9777,25.2863
59.9424,25.3255
59.9071,25.3646
60.0113,25.4512
60.1154,25.5378
60.2196,25.6244
60.3237,25.7109
60.4279,25.7975
60.532,25.8841
60.6362,25.9707
60.5945,25.8874
60.5529,25.8041
60.5112,25.7209
60.4695,25.6376
60.4279,25.5543
60.3862,25.471
60.3446,25.3878
60.2863,25.2712
60.2279,25.1546
60.1696,25.0381
60.1113,24.9215
60.053,24.8049
60.0178,24.8441
59.9825,24.8832
59.9472,24.9224
59.9119,24.9615
59.8767,25.0007
59.8414,25.0398
59.8061,25.079
59.7709,25.1181
59.7356,25.1573
59.7003,25.1964
59.8045,25.283
59.9086,25.3696
60.0128,25.4562
60.1169,25.5428
60.2211,25.6293
60.3252,25.7159
60.4294,25.8025
60.3877,25.7192
60.3461,25.636
60.3045,25.5527
60.2628,25.4694
60.2212,25.3862
60.1796,25.3029
60.1379,25.2196
60.1088,25.1613
60.0797,25.103
60.0505,25.0448
60.0214,24.9865
59.9922,24.9282
59.9631,24.8699
59.934,24.8116
59.9048,24.7533
59.8757,24.6951
59.8466,24.6368
59.9507,24.7234
60.0548,24.81
60.159,24.8967
60.2631,24.9833
60.3672,25.0699
60.4714,25.1566
60.5755,25.2432
60.5171,25.1266
60.4588,25.01
60.4004,24.8935
60.342,24.7769
60.2837,24.6603
60.2484,24.6994
60.2131,24.7386
60.1778,24.7777
60.1425,24.8169
60.1072,24.856
60.0719,24.8952
60.0366,24.9343
60.0013,24.9735
59.966,25.0126
59.9308,25.0518
60.0349,25.1384
60.1391,25.2249
60.2432,25.3115
60.3474,25.3981
60.4515,25.4847
60.5557,25.5713
60.6598,25.6578
60.6181,25.5746
60.5765,25.4913
60.5348,25.408
60.4931,25.3247
60.4514,25.2415
60.4097,25.1582
60.368,25.0749
60.3097,24.9583
60.2514,24.8418
60.193,24.7252
60.1347,24.6086
60.0764,24.4921
60.0411,24.5312
60.0058,24.5704
59.9705,24.6095
59.9353,24.6487
59.9,24.6878
59.8647,24.727
59.8294,24.7661
59.7941,24.8053
59.7588,24.8444
59.7236,24.8836
59.8277,24.9702
59.9318,25.0568
60.036,25.1435
60.1401,25.2301
60.2442,25.3167
60.3484,25.4034
60.4525,25.49
60.3942,25.3734
60.3359,25.2568
60.2775,25.1403
60.2192,25.0237
60.1609,24.9071
60.1256,24.9462
60.0903,24.9854
60.0551,25.0245
60.0198,25.0637
59.9845,25.1028
59.9492,25.142
59.914,25.1811
59.8787,25.2203
59.8434,25.2594
59.8081,25.2986
59.9123,25.3852
60.0164,25.4718
60.1206,25.5583
60.2247,25.6449
60.3289,25.7315
60.433,25.8181
60.5372,25.9047
60.4955,25.8214
60.4539,25.7381
60.4122,25.6549
60.3706,25.5716
60.329,25.4883
60.2873,25.405
60.2457,25.3218
60.2165,25.2635
60.1874,25.2052
60.1582,25.1469
60.1291,25.0886
60.0999,25.0303
60.0708,24.9721
60.0416,24.9138
60.0125,24.8555
59.9834,24.7972
59.9542,24.7389
60.0583,24.8256
60.1625,24.9122
60.2666,24.9988
60.3707,25.0854
60.4749,25.1721
60.579,25.2587
60.6831,25.3453
60.6248,25.2287
60.5664,25.1122
60.508,24.9956
60.4496,24.879
60.3912,24.7624
60.3408,24.8183
60.2904,24.8743
60.24,24.9302
60.1895,24.9861
60.1391,25.042
60.0887,25.098
60.0383,25.1539
60.0091,25.0956
59.98,25.0373
59.9509,24.979
59.9218,24.9207
59.8926,24.8625
59.8635,24.8042
59.8344,24.7459
59.8053,24.6876
59.7761,24.6293
59.747,24.5711
59.8511,24.6577
59.9553,24.7443
60.0594,24.8309
60.1635,24.9176
60.2677,25.0042
60.3718,25.0908
60.4759,25.1775
60.4176,25.0609
60.3592,24.9443
60.3009,24.8277
60.2425,24.7112
60.1842,24.5946
60.1489,24.6337
60.1136,24.6729
60.0783,24.712
60.043,24.7512
60.0078,24.7903
59.9725,24.8295
59.9372,24.8686
59.9019,24.9078
59.8666,24.9469
59.8313,24.9861
59.9355,25.0727
60.0396,25.1593
60.1437,25.246
60.2479,25.3326
60.352,25.4192
60.4561,25.5059
60.5603,25.5925
60.5186,25.5092
60.4769,25.426
60.4352,25.3427
60.3936,25.2594
60.3519,25.1761
60.3102,25.0929
60.2686,25.0096
60.2394,24.9513
60.2103,24.893
60.1811,24.8347
60.1519,24.7765
60.1228,24.7182
60.0936,24.6599
60.0645,24.6016
60.0353,24.5433
60.0061,24.485
59.977,24.4268
60.0811,24.5134
60.1852,24.6
60.2894,24.6866
60.3935,24.7733
60.4976,24.8599
60.6018,24.9465
60.7059,25.0331
60.6475,24.9166
60.5891,24.8
60.5307,24.6834
60.4723,24.5668
60.4139,24.4502
60.3433,24.5285
60.2726,24.6068
60.202,24.6851
60.1314,24.7634
60.0608,24.8417
60.0255,24.8808
59.9903,24.92
59.955,24.9591
59.9197,24.9983
59.8845,25.0374
59.8492,25.0766
59.8139,25.1157
59.7786,25.1549
59.7434,25.194
59.7081,25.2332
59.8122,25.3198
59.9164,25.4064
60.0206,25.493
60.1247,25.5795
60.2289,25.6661
60.333,25.7527
60.4372,25.8393
60.3955,25.756
60.3539,25.6727
60.3123,25.5895
60.2706,25.5062
60.229,25.4229
60.1874,25.3397
60.1457,25.2564
60.1166,25.1981
60.0874,25.1398
60.0583,25.0815
60.0292,25.0233
60,24.965
59.9709,24.9067
59.9418,24.8484
59.9126,24.7901
59.8835,24.7318
59.8544,24.6736
59.9585,24.7602
60.0626,24.8468
60.1668,24.9335
60.2709,25.0201
60.375,25.1067
60.4792,25.1933
60.5833,25.28
60.5249,25.1634
60.4666,25.0468
60.4082,24.9302
60.3498,24.8137
60.2915,24.6971
60.2562,24.7362
60.2209,24.7754
60.1856,24.8145
60.1503,24.8537
60.115,24.8928
60.0797,24.932
60.0444,24.9711
60.0091,25.0103
59.9738,25.0494
59.9386,25.0885
60.0427,25.1751
60.1469,25.2617
60.251,25.3483
60.3552,25.4349
60.4593,25.5215
60.5635,25.608
60.6676,25.6946
60.6259,25.6113
60.5843,25.5281
60.5426,25.4448
60.5009,25.3615
60.4592,25.2782
60.4175,25.195
60.3759,25.1117
60.3175,24.9951
60.2592,24.8785
60.2009,24.762
60.1425,24.6454
60.0842,24.5288
60.0489,24.568
60.0136,24.6071
59.9784,24.6463
59.9431,24.6854
59.9078,24.7246
59.8725,24.7637
59.8372,24.8029
59.8019,24.842
59.7667,24.8812
59.7314,24.9203
59.8355,25.007
59.9397,25.0936
60.0438,25.1802
60.1479,25.2669
60.2521,25.3535
60.3562,25.4401
60.4603,25.5268
60.402,25.4102
60.3437,25.2936
60.2854,25.177
60.227,25.0604
60.1687,24.9439
60.1334,24.983
60.0982,25.0222
60.0629,25.0613
60.0276,25.1005
59.9923,25.1396
59.9571,25.1788
59.9218,25.2179
59.8865,25.2571
59.8512,25.2962
59.8159,25.3354
59.9201,25.422
60.0243,25.5085
60.1284,25.5951
60.2326,25.6817
60.3367,25.7683
60.4409,25.8549
60.545,25.9415
60.5034,25.8582
60.4617,25.7749
60.4201,25.6916
60.3784,25.6084
60.3368,25.5251
60.2951,25.4418
60.2535,25.3585
60.2243,25.3003
60.1952,25.242
60.1661,25.1837
60.1369,25.1254
60.1078,25.0671
60.0786,25.0088
60.0495,24.9505
60.0203,24.8923
59.9912,24.834
59.9621,24.7757
60.0662,24.8623
60.1703,24.9489
60.2745,25.0356
60.3786,25.1222
60.4827,25.2088
60.5869,25.2955
60.691,25.3821
60.6326,25.2655
60.5742,25.1489
60.5158,25.0323
60.4575,24.9158
60.3991,24.7992
60.3487,24.8551
60.2982,24.911
60.2478,24.967
60.1974,25.0229
60.147,25.0788
60.0965,25.1347
60.0461,25.1906
60.017,25.1324
59.9879,25.0741
59.9587,25.0158
59.9296,24.9575
59.9005,24.8992
59.8714,24.841
59.8422,24.7827
59.8131,24.7244
59.784,24.6661
59.7549,24.6078
